Genus_A,Genus_B,FSI_H,SSI_H,DTI_H,CSTI,score_coastal,score_plateau,score_saharan,best_zone_stress,label,teacher_prob,phylo_dist,gnn_cosine
Abies,Abutilon,10,5.5,7.051953512679243,7.1759767563396215,4.8655860538037725,7.920781405071697,5.725976756339621,High_Plateau,0.4108192969307039,0.2684823955259066,32,-0.001342296
Abies,Acacia,10,5.5,8.812434742,8.056217370938755,5.393730422563253,8.624973896751005,6.606217370938755,High_Plateau,0.4567738305211041,0.2784728178740884,22,-0.002707976
Abies,Acanthus,10,5.5,6.425398643513117,6.862699321756558,4.677619593053935,7.670159457405247,5.412699321756559,High_Plateau,0.4749182648288758,0.3720119381610426,29,-0.001288001
Abies,Acer,10,5.5,8.724089186,8.012044592835585,5.367226755701351,8.589635674268468,6.562044592835585,High_Plateau,0.5652821925794232,0.5123825831083854,24,-0.004981401
Abies,Achillea,10,5.5,6.3872927863714715,6.843646393185736,4.666187835911441,7.654917114548589,5.393646393185736,High_Plateau,0.4461471234472813,0.421285249,42,-0.001119393
Abies,Achnatherum,10,5.5,6.436562636817929,6.868281318408965,4.6809687910453786,7.674625054727172,5.418281318408965,High_Plateau,0.4206220437235067,0.1976208298071818,21,-0.001061794
Abies,Achyranthes,10,5.5,7.589184210369916,7.444592105184958,5.026755263110974,8.135673684147967,5.994592105184958,High_Plateau,0.3813756278122528,0.1685116838789792,27,-0.001404881
Abies,Adenocarpus,10,5.5,8.835309921031586,8.067654960515792,5.4005929763094755,8.634123968412634,6.617654960515793,High_Plateau,0.5914525675543033,0.605099594,29,-0.001383252
Abies,Adiantum,10,5.5,6.496057850749895,6.898028925374947,4.698817355224969,7.698423140299958,5.448028925374947,High_Plateau,0.3850315663771507,0.1101346470693641,19,-0.001727435
Abies,Adonis,10,5.5,6.004617936839599,6.652308968419799,4.551385381,7.501847175,5.202308968,High_Plateau,0.5130668218896084,0.3661976296289048,19,-0.001689792
Abies,Aegilops,10,5.5,4.823199788958161,6.061599894,4.196959936687448,7.029279915583265,4.611599894479081,High_Plateau,0.5661938369302979,0.612075725,36,-0.001179982
Abies,Aeluropus,10,5.5,6.679068110831234,6.989534055415617,4.753720433,7.771627244332494,5.539534055415617,High_Plateau,0.3442959718998584,0.1191689934221643,30,-0.002200317
Abies,Aeonium,10,5.5,8.772931201054178,8.036465601,5.381879360316253,8.609172480421671,6.586465600527089,High_Plateau,0.4083096522738919,0.1976979992500077,24,-0.001283884
Abies,Aesculus,10,5.5,8.781496941,8.04074847,5.384449082186745,8.612598776248992,6.59074847,High_Plateau,0.56897344,0.5197650788632731,24,-0.004981401
Abies,Agave,10,5.5,6.3806681424371385,6.840334071218569,4.664200442731142,7.652267256974856,5.390334071,High_Plateau,0.5095895034533915,0.4249207579749628,27,-0.001311495
Abies,Ageratina,10,5.5,7.659764939672282,7.4798824698361415,5.047929481901685,8.163905975868913,6.029882469836141,High_Plateau,0.3093897330041738,0.1315057947567534,40,-0.001987808
Abies,Agrimonia,10,5.5,6.434796299976995,6.867398149988498,4.680438889993098,7.6739185199907975,5.417398149988498,High_Plateau,0.4971961473266181,0.3837134285696899,25,-0.00140019
Abies,Agropyron,10,5.5,6.651398782454038,6.975699391227019,4.745419634736211,7.760559512981615,5.525699391227019,High_Plateau,0.3454567307911999,0.1459965189874711,33,-0.001442684
Abies,Agrostemma,10,5.5,4.636537421963041,5.968268710981521,4.140961226588912,6.954614968785217,4.518268710981521,High_Plateau,0.3907281385520502,0.1871496636335169,27,-0.001069672
Abies,Agrostis,10,5.5,6.242506024419292,6.771253012209646,4.622751807325788,7.5970024097677165,5.321253012209646,High_Plateau,0.6254011702268233,0.6977738319411071,32,-0.001980745
Abies,Aira,10,5.5,4.713261143357861,6.006630572,4.163978343007358,6.985304457343144,4.556630572,High_Plateau,0.5746089020793123,0.5877998098087065,31,-0.001129206
Abies,Ajuga,10,5.5,6.180886928879434,6.740443464439717,4.604266079,7.572354771551774,5.290443464439717,High_Plateau,0.4437898765512613,0.3425893040212818,33,-0.001075152
Abies,Albizia,10,5.5,8.727557326,8.013778663,5.368267197672793,8.591022930230391,6.563778663,High_Plateau,0.4342296343853764,0.2741680104082533,27,-0.001146448
Abies,Alcea,10,5.5,6.4902234537188335,6.895111726859417,4.697067036,7.696089381487534,5.445111726859417,High_Plateau,0.421329535,0.2979197959642283,33,-0.002331024
Abies,Alchemilla,10,5.5,6.600405901772059,6.9502029508860295,4.730121770531618,7.740162360708824,5.500202950886029,High_Plateau,0.3320638981088289,0.078053985,28,-0.001137794
Abies,Alisma,10,5.5,6.817879208973175,7.0589396044865875,4.795363762691952,7.827151684,5.608939604486588,High_Plateau,0.5239822640898538,0.3879091950582434,19,-0.001093197
Abies,Alkanna,10,5.5,6.209337541513811,6.754668770756906,4.612801262454143,7.583735016605525,5.304668770756906,High_Plateau,0.5106011406138187,0.4025470719240061,24,-0.002614364
Abies,Allium,10,5.5,6.689939980424345,6.994969990212173,4.756981994127303,7.775975992169738,5.544969990212173,High_Plateau,0.5622704274104742,0.4812186928298427,21,-0.002567272
Abies,Allocasuarina,10,5.5,8.785133889,8.042566944,5.385540166609676,8.614053555479568,6.592566944349461,High_Plateau,0.4484664274655497,0.2864291095431511,25,-0.002275794
Abies,Alnus,10,5.5,8.743231249991453,8.021615624995727,5.372969374997435,8.5972925,6.571615624995727,High_Plateau,0.7362778958548792,0.8619731173531551,25,-0.001881149
Abies,Aloe,10,5.5,8.108956363882942,7.704478181941472,5.182686909164882,8.343582545553177,6.254478181941471,High_Plateau,0.4248516313801621,0.230831605,24,-0.001532123
Abies,Alopecurus,10,5.5,6.041527684,6.6707638421548605,4.562458305292916,7.5166110737238885,5.220763842,High_Plateau,0.6041542998107815,0.688118256,36,-0.00178801
Abies,Alternanthera,10,5.5,6.2449326315177975,6.772466315758899,4.623479789455339,7.597973052607119,5.3224663157588985,High_Plateau,0.3580955833522756,0.1302690630403465,28,-0.001896331
Abies,Althaea,10,5.5,5.742345299529885,6.521172649764942,4.472703589858965,7.396938119811955,5.071172649764943,High_Plateau,0.3988386809403226,0.2528261234383587,33,-0.001771205
Abies,Alyssum,10,5.5,5.772437560122828,6.536218780061414,4.481731268036849,7.408975024049131,5.086218780061414,High_Plateau,0.4343129087211882,0.2992126769946419,30,-0.002249366
Abies,Amaranthus,10,5.5,4.6798168696880404,5.989908435,4.153945060906413,6.971926747875216,4.539908434844021,High_Plateau,0.5889924394685839,0.5591298574797225,24,-0.001615304
Abies,Amelanchier,10,5.5,8.766333163,8.033166582,5.379899948984552,8.606533265312736,6.583166581640921,High_Plateau,0.5592824540419531,0.524378859,27,-0.001672496
Abies,Ammi,10,5.5,4.658962418991675,5.979481209495837,4.147688725697503,6.963584968,4.529481209495838,High_Plateau,0.3596493917428446,0.1826027318525092,34,-0.001451249
Abies,Amorpha,10,5.5,8.839584201496317,8.069792100748158,5.401875260448895,8.635833680598527,6.619792100748159,High_Plateau,0.6083429784696659,0.606104195,25,-0.001885713
Abies,Anabasis,10,5.5,8.730381450661433,8.015190725330717,5.369114435,8.592152580264573,6.565190725330717,High_Plateau,0.5815322120971739,0.5605907241184696,26,-0.00133013
Abies,Anacyclus,10,5.5,5.198574676086758,6.249287338043379,4.309572402826028,7.179429870434703,4.799287338,High_Plateau,0.3497275750571395,0.2284461519587404,42,-0.001119393
Abies,Anarrhinum,10,5.5,5.536172552070783,6.418086276035392,4.410851765621235,7.314469020828314,4.968086276035391,High_Plateau,0.4062859491286421,0.251234924,31,-0.001534305
Abies,Anchusa,10,5.5,5.464837015411362,6.382418507705681,4.389451104623409,7.285934806164545,4.932418507705681,High_Plateau,0.4189201556271291,0.2435391315900973,27,-0.001096841
Abies,Andropogon,10,5.5,6.567963993813795,6.933981996906898,4.720389198144138,7.7271855975255175,5.4839819969068975,High_Plateau,0.4617647200225127,0.362241121,31,-0.001777583
Abies,Androsace,10,5.5,5.552416539222286,6.426208269611143,4.415724961766686,7.320966615688915,4.976208269611144,High_Plateau,0.4917876391134851,0.3565754611208376,23,-0.001987216
Abies,Andryala,10,5.5,5.804875455191184,6.552437727595592,4.491462636557356,7.421950182076474,5.102437727595593,High_Plateau,0.3183144050016802,0.1081496335657919,35,-0.001439734
Abies,Anemone,10,5.5,6.683752811432058,6.991876405716029,4.755125843429617,7.773501124572823,5.541876405716029,High_Plateau,0.5639239140326086,0.5008248830871636,23,-0.001871576
Abies,Anthemis,10,5.5,5.688969995096608,6.494484997548303,4.456690998528982,7.375587998038643,5.044484997548304,High_Plateau,0.3679813821255573,0.2567849736684611,41,-0.001371321
Abies,Anthericum,10,5.5,6.617371988401581,6.958685994,4.735211596520474,7.746948795360632,5.508685994200791,High_Plateau,0.4801980065460191,0.3498073258922747,25,-0.001851085
Abies,Anthoxanthum,10,5.5,5.677723829678792,6.488861914839395,4.453317148903637,7.371089531871517,5.038861914839396,High_Plateau,0.5798813129289322,0.6641130183946062,39,-0.001204017
Abies,Anthriscus,10,5.5,5.258144092201886,6.279072046100943,4.327443227660566,7.203257636880755,4.8290720461009435,High_Plateau,0.372934347,0.2173731679388863,35,-0.001357982
Abies,Anthyllis,10,5.5,7.659387975458182,7.479693987729091,5.047816392637454,8.163755190183274,6.029693987729091,High_Plateau,0.5259711930301647,0.5152420517694543,34,-0.001429835
Abies,Antinoria,10,5.5,5.12194565,6.210972825,4.286583695107412,7.1487782601432155,4.760972825,High_Plateau,0.358359479,0.073163073,21,-0.001398653
Abies,Antirrhinum,10,5.5,6.253727214447332,6.776863607223666,4.6261181643341995,7.601490885778933,5.326863607223666,High_Plateau,0.4588052113201646,0.3809029451570049,34,-0.001394119
Abies,Aphanes,10,5.5,4.523600748270945,5.911800374135472,4.107080224481283,6.909440299308378,4.461800374135473,High_Plateau,0.3237418801723735,0.061409949,28,-0.001137794
Abies,Apium,10,5.5,5.448458992018827,6.374229496009413,4.384537697605648,7.279383596807531,4.9242294960094135,High_Plateau,0.4312348088470197,0.2929351572109542,30,-0.001642766
Abies,Arabidopsis,10,5.5,4.677931859043572,5.988965929521786,4.153379557713071,6.971172743617429,4.538965929521787,High_Plateau,0.401968634,0.2507200373371862,32,-0.001037137
Abies,Arabis,10,5.5,5.791219220873823,6.5456096104369115,4.487365766262147,7.416487688349529,5.095609610436911,High_Plateau,0.337805056,0.08959195,28,-0.001416042
Abies,Arbutus,10,5.5,8.726945317852339,8.013472658926169,5.368083595355701,8.590778127140936,6.563472659,High_Plateau,0.4446774227941245,0.2787316209249111,25,-0.001678397
Abies,Arceuthobium,10,5.5,6.651446517711287,6.975723258855643,4.745433955313386,7.760578607084515,5.525723258855644,High_Plateau,0.3575624101665545,0.096213172,24,-0.001332171
Abies,Arenaria,10,5.5,5.5462048040243115,6.423102402012155,4.413861441207294,7.318481921609725,4.973102402012156,High_Plateau,0.4843882188292676,0.3498247640533207,24,-0.001132043
Abies,Argyrolobium,10,5.5,7.634581024912784,7.467290512456392,5.040374307473835,8.153832409965114,6.017290512456392,High_Plateau,0.4202101013778636,0.2054119456400105,22,-0.003040906
Abies,Arisaema,10,5.5,6.484683794135461,6.892341897,4.695405138240638,7.693873517654184,5.442341897067731,High_Plateau,0.5063950630790649,0.3613342084475077,20,-0.002994384
Abies,Arisarum,10,5.5,6.710987089330356,7.005493544665178,4.763296126799107,7.784394835732142,5.555493544665178,High_Plateau,0.5466088010190376,0.4158621409557272,17,0.003215662
Abies,Aristida,10,5.5,5.611975283172013,6.455987641586006,4.433592584951604,7.344790113268806,5.005987641586007,High_Plateau,0.6259979456224247,0.6498254106034922,26,-0.002846227
Abies,Aristolochia,10,5.5,6.968118168327983,7.134059084163992,4.840435450498395,7.887247267331194,5.684059084163992,High_Plateau,0.5303875967879796,0.3572255868942773,14,0.010898718
Abies,Armeria,10,5.5,7.174186124666318,7.237093062333159,4.9022558373998955,7.9696744498665275,5.787093062,High_Plateau,0.5162132213104254,0.4054724696161759,23,-0.002216436
Abies,Arrhenatherum,10,5.5,6.478455174,6.889227587,4.6935365523031525,7.691382069737536,5.439227587171921,High_Plateau,0.6747617425429948,0.8374379601051849,37,-0.001216211
Abies,Artemisia,10,5.5,6.913911568349172,7.106955784174586,4.824173470504752,7.865564627339669,5.6569557841745866,High_Plateau,0.4893648970203602,0.4503723411004931,35,-0.002048352
Abies,Arum,10,5.5,6.612385874,6.9561929367839195,4.733715762070352,7.744954349427136,5.506192937,High_Plateau,0.5234325684324885,0.403809188,21,-0.003898338
Abies,Arundo,10,5.5,6.345887510303057,6.822943755151528,4.653766253090917,7.638355004121223,5.372943755151528,High_Plateau,0.5581632666663919,0.5056084364000084,25,-0.001204036
Abies,Asparagus,10,5.5,6.2607264041184205,6.780363202,4.628217921235526,7.604290561647368,5.330363202,High_Plateau,0.5027630521014982,0.3950270176682994,25,-0.002299088
Abies,Asperula,10,5.5,6.452187086398987,6.876093543199493,4.685656125919696,7.680874834559595,5.426093543199494,High_Plateau,0.4773599739669165,0.3687657507790978,28,-0.001735864
Abies,Asphodeline,10,5.5,6.461501299656461,6.88075065,4.688450389896938,7.684600519862585,5.43075065,High_Plateau,0.5006650590544856,0.3662185781096024,22,-0.002524492
Abies,Asphodelus,10,5.5,6.269371708034932,6.784685854017466,4.630811512,7.607748683213973,5.334685854017466,High_Plateau,0.3760046765139559,0.1168978130285431,22,-0.002524492
Abies,Asplenium,10,5.5,6.522437829,6.911218914404165,4.706731348642499,7.7089751315233315,5.461218914404165,High_Plateau,0.5048558805230774,0.3660954483435887,21,-0.001096519
Abies,Asteriscus,10,5.5,5.387969608,6.343984803849615,4.366390882309769,7.2551878430796926,4.893984803849615,High_Plateau,0.3098154122599994,0.099356732,36,-0.001369265
Abies,Astragalus,10,5.5,6.220747974278725,6.760373987139362,4.616224392283617,7.58829919,5.3103739871393625,High_Plateau,0.4710769947808766,0.397214204,33,-0.001328469
Abies,Asyneuma,10,5.5,6.655825743051738,6.977912871525868,4.746747722915521,7.762330297220695,5.527912871525869,High_Plateau,0.3175457953065349,0.081945435,32,-0.001392511
Abies,Athamanta,10,5.5,6.286874023170818,6.793437011585409,4.636062206951245,7.614749609268328,5.343437012,High_Plateau,0.5021067345369956,0.4015527745523596,26,-0.000395158
Abies,Atractylis,10,5.5,5.945977339723856,6.622988669861928,4.533793201917157,7.478390935889543,5.172988669861928,High_Plateau,0.3495802120084505,0.1131994003878069,28,-0.001701731
Abies,Atriplex,10,5.5,5.791229638854692,6.545614819427346,4.487368891656407,7.416491855541877,5.095614819427347,High_Plateau,0.4532672103836058,0.3369523361592683,30,-0.001404645
Abies,Atropa,10,5.5,6.430330833366909,6.865165416683455,4.679099250010073,7.672132333346764,5.415165416683455,High_Plateau,0.5042665228487376,0.4306695728798211,29,-0.001093595
Abies,Avena,10,5.5,4.826458256147336,6.063229128073668,4.197937476844201,7.030583302458934,4.613229128073668,High_Plateau,0.5606417242928635,0.6091979236049222,37,-0.001216211
Abies,Avenula,10,5.5,6.4278962761489815,6.863948138074491,4.678368882844694,7.671158510459593,5.413948138074491,High_Plateau,0.5753940892700835,0.5074055303750007,21,-0.002264841
Abies,Baldellia,10,5.5,6.284258069716882,6.792129034858441,4.635277420915065,7.613703227886753,5.342129034858441,High_Plateau,0.5304560316894635,0.4008567302574627,19,-0.001093197
Abies,Ballota,10,5.5,6.834676671036889,7.0673383355184445,4.800403001311066,7.833870668414756,5.617338335518445,High_Plateau,0.4485592521162516,0.3932371735428353,38,-0.001141292
Abies,Barbarea,10,5.5,5.260733349032805,6.280366674516403,4.328220004709841,7.204293339613122,4.830366674516403,High_Plateau,0.4022150465074134,0.2184847728392647,28,-0.001780248
Abies,Bassia,10,5.5,5.223276924738621,6.261638462,4.316983077421586,7.189310769895449,4.811638462369311,High_Plateau,0.4438303060649102,0.2689167875703507,24,-0.002171288
Abies,Bellevalia,10,5.5,6.8329240318710145,7.066462015935507,4.799877209561304,7.8331696127484065,5.616462015935507,High_Plateau,0.3770543175478742,0.1105562870489472,21,-0.001416342
Abies,Bellis,10,5.5,6.022150809819081,6.661075404909541,4.5566452429457245,7.508860323927633,5.211075404909541,High_Plateau,0.44032287,0.3850205212306452,39,-0.001325961
Abies,Berberis,10,5.5,8.757134948048206,8.028567474024102,5.377140484414461,8.602853979219283,6.578567474024103,High_Plateau,0.5945377988432035,0.5207254648904346,18,-0.000715089
Abies,Beta,10,5.5,5.444400673783833,6.3722003368919165,4.383320202,7.277760269513534,4.922200336891917,High_Plateau,0.4756439392564364,0.3324568259891383,24,-0.001735148
Abies,Biarum,10,5.5,6.438460743750045,6.869230371875022,4.681538223125013,7.675384297500019,5.419230371875022,High_Plateau,0.5209741588120579,0.3557861423454234,16,0.006153342
Abies,Bidens,10,5.5,5.1775231989705635,6.238761599485281,4.3032569596911685,7.171009279588226,4.788761599485282,High_Plateau,0.4104738133374467,0.2845218236970371,34,-0.002802492
Abies,Bifora,10,5.5,4.658962418991675,5.979481209495837,4.147688725697503,6.963584968,4.529481209495838,High_Plateau,0.3555588194389137,0.1826027318525092,35,-0.001261081
Abies,Biscutella,10,5.5,6.673422481133564,6.986711240566782,4.752026744340069,7.769368992453426,5.536711240566782,High_Plateau,0.4465620185688815,0.3152864563286555,29,-0.001223055
Abies,Boerhavia,10,5.5,5.3514706929113105,6.325735346455655,4.355441207873393,7.240588277164525,4.875735346455656,High_Plateau,0.4567821654873614,0.3111525055046676,26,-0.001639503
Abies,Bombycilaena,10,5.5,4.489387147213226,5.894693573606613,4.096816144163968,6.895754859,4.444693573606614,High_Plateau,0.2807355031572607,0.07421971,40,-0.002099682
Abies,Borago,10,5.5,5.348497656117489,6.324248828058744,4.354549296835247,7.239399062446996,4.874248828058745,High_Plateau,0.4682357377741576,0.3421702958841544,27,-0.001096841
Abies,Bothriochloa,10,5.5,6.732492927827997,7.0162464639139985,4.769747878348399,7.792997171,5.566246463913998,High_Plateau,0.4751041646069475,0.4052499968090933,33,-0.001235735
Abies,Botrychium,10,5.5,6.444399854724076,6.872199927362038,4.683319956417223,7.677759941889631,5.422199927362039,High_Plateau,0.5825044103649354,0.4409811385724578,11,-0.009998576
Abies,Brachypodium,10,5.5,5.8914614361864475,6.595730718093224,4.517438430855934,7.456584574474579,5.145730718093224,High_Plateau,0.6389701973885961,0.6839069447746925,27,-0.00243549
Abies,Brassica,10,5.5,5.212561206407999,6.256280603203999,4.313768361922399,7.185024483,4.806280603,High_Plateau,0.3921428171566513,0.2393632637288487,33,-0.001415544
Abies,Briza,10,5.5,5.118185755199218,6.209092877599609,4.285455726559766,7.147274302079687,4.759092878,High_Plateau,0.617249612,0.6321484817469712,26,-0.001944918
Abies,Bromus,10,5.5,5.415199613472688,6.357599806736344,4.3745598840418065,7.266079845389076,4.907599806736345,High_Plateau,0.6296721702698906,0.6405526803925512,24,-0.00193211
Abies,Bryonia,10,5.5,6.443302118130007,6.8716510590650035,4.682990635439002,7.677320847252004,5.421651059065004,High_Plateau,0.3703261718267113,0.1054391792871365,22,-0.00201637
Abies,Buddleja,10,5.5,8.746252838420208,8.023126419210104,5.373875851526062,8.598501135368084,6.573126419210104,High_Plateau,0.5278520751781656,0.5189669841182885,34,-0.001245676
Abies,Bufonia,10,5.5,5.838739891,6.569369945326555,4.501621967195933,7.435495956261244,5.1193699453265555,High_Plateau,0.376402655,0.1093610340047111,21,-0.001956698
Abies,Buglossoides,10,5.5,5.2444820942182755,6.272241047109137,4.323344628265483,7.197792838,4.822241047109138,High_Plateau,0.4635441151659013,0.3410345228493635,28,-0.001238312
Abies,Bunium,10,5.5,6.286874023170818,6.793437011585409,4.636062206951245,7.614749609268328,5.343437012,High_Plateau,0.5021067345369956,0.4015527745523596,26,-0.000395158
Abies,Bupleurum,10,5.5,5.761653576441727,6.530826788220864,4.4784960729325185,7.404661430576692,5.080826788220864,High_Plateau,0.4208347354281295,0.2558051786960327,28,-0.002185389
Abies,Buxus,10,5.5,8.756131111,8.028065555542955,5.376839333325773,8.602452444434364,6.578065555542955,High_Plateau,0.6107268187006576,0.5202754222677424,14,-0.000958239
Abies,Cachrys,10,5.5,6.4378693105439355,6.868934655271968,4.681360793163181,7.675147724217574,5.418934655271968,High_Plateau,0.4822537459247293,0.3619271762022833,26,-0.000797052
Abies,Cakile,10,5.5,4.597558022727154,5.948779011363577,4.129267406818146,6.939023209090862,4.4987790113635775,High_Plateau,0.344637778,0.1855932539236299,38,-0.002136432
Abies,Calamagrostis,10,5.5,6.368702894632491,6.834351447316245,4.660610868389747,7.647481157852996,5.384351447316245,High_Plateau,0.5042599350163599,0.5130647665784135,39,-0.002176538
Abies,Calendula,10,5.5,4.889636492577751,6.094818246288876,4.216890947773326,7.055854597,4.644818246288876,High_Plateau,0.4018641501910834,0.2505864437892564,32,-0.001414005
Abies,Calicotome,10,5.5,8.839584201496317,8.069792100748158,5.401875260448895,8.635833680598527,6.619792100748159,High_Plateau,0.587869724,0.606104195,30,-0.001138801
Abies,Callistemon,10,5.5,8.748792408222892,8.024396204111445,5.3746377224668676,8.599516963289156,6.574396204111446,High_Plateau,0.5725894299938438,0.5183402214922024,23,-0.002793109
Abies,Callitriche,10,5.5,5.011324814272902,6.155662407,4.2533974442818705,7.104529926,4.705662407136451,High_Plateau,0.5509978238342004,0.5323439892794862,30,-0.001056777
Abies,Calystegia,10,5.5,6.519318447125535,6.909659223562768,4.7057955341376605,7.707727378850214,5.459659223562768,High_Plateau,0.4992183075211115,0.3960568876037251,26,-0.001799993
Abies,Camelina,10,5.5,4.594444336649158,5.947222168324579,4.128333300994747,6.937777734659663,4.497222168324579,High_Plateau,0.3819109451530865,0.1861568966837023,29,-0.002085991
Abies,Campanula,10,5.5,5.819143177542837,6.559571588771418,4.495742953262851,7.427657271017135,5.109571588771418,High_Plateau,0.4820819129224516,0.3453808933861996,24,-0.001975749
Abies,Capsella,10,5.5,5.2955279447826165,6.297763972391309,4.338658383434785,7.218211177913046,4.847763972391308,High_Plateau,0.3743412076347164,0.1954651851749908,32,-0.001037137
Abies,Cardamine,10,5.5,5.7732487744064835,6.536624387203242,4.481974632321945,7.409299509762594,5.086624387203242,High_Plateau,0.4397319645756379,0.301661848,29,-0.001400552
Abies,Cardiospermum,10,5.5,5.930769380361215,6.6153846901806075,4.529230814108365,7.472307752144486,5.165384690180607,High_Plateau,0.3610605019865444,0.1109698069749903,25,0.000961464
Abies,Carduncellus,10,5.5,6.326778179926736,6.813389089963367,4.648033454,7.630711271970695,5.363389089963368,High_Plateau,0.5028608080508221,0.4114669200672056,27,-0.00132926
Abies,Carduus,10,5.5,5.145973893672484,6.222986946836242,4.293792168101746,7.158389557468993,4.772986946836243,High_Plateau,0.4114042770978113,0.3353829136485194,40,-0.001227962
Abies,Carex,10,5.5,6.462911779129103,6.881455889564551,4.688873533738731,7.685164711651641,5.4314558895645515,High_Plateau,0.4511409337589032,0.2670343868744737,22,-0.001844789
Abies,Carlina,10,5.5,5.705483715033791,6.502741857516895,4.461645114510137,7.3821934860135165,5.052741857516896,High_Plateau,0.4814388691341893,0.3769560638195191,28,-0.001898477
Abies,Carpobrotus,10,5.5,7.323109847909218,7.311554923954609,4.946932954372765,8.029243939163688,5.861554923954609,High_Plateau,0.3902515416297992,0.1616053163152257,24,-0.001401576
Abies,Carthamus,10,5.5,4.624211786929688,5.9621058934648445,4.1372635360789065,6.949684714771875,4.512105893464844,High_Plateau,0.3831417780878122,0.2624736120192509,38,-0.001498224
Abies,Castanea,10,5.5,8.744786681430519,8.022393341,5.373436004429156,8.597914672572207,6.5723933407152595,High_Plateau,0.5641233636910468,0.5175531353564835,25,-0.00132656
Abies,Casuarina,10,5.5,8.704561650900803,8.002280825450402,5.361368495270241,8.581824660360322,6.552280825450402,High_Plateau,0.6160353854042707,0.6215670254205932,25,-0.002275794
Abies,Catananche,10,5.5,5.343153464247774,6.321576732123887,4.352946039274332,7.237261386,4.871576732123887,High_Plateau,0.4099620653253393,0.3408526652149668,41,-0.001902947
Abies,Catapodium,10,5.5,4.639847204,5.969923601785094,4.141954161071057,6.955938881428076,4.519923601785095,High_Plateau,0.5870543022765674,0.6455850192368874,35,-0.00121769
Abies,Cedrus,10,5.5,9.184064038050387,8.242032019025194,5.505219211415116,8.773625615220155,6.792032019025194,High_Plateau,0.9850446604531148,0.9813896522697436,3,0.9845942335933914
Abies,Celtis,10,5.5,8.724470315,8.012235158,5.367341094580867,8.589788126107823,6.562235158,High_Plateau,0.5696399606719118,0.5285645305433162,25,-0.001217567
Abies,Cenchrus,10,5.5,5.185084679239264,6.242542339619632,4.305525403771779,7.1740338716957055,4.792542339619632,High_Plateau,0.4194673180619271,0.2611797369315423,29,-0.001636463
Abies,Centaurea,10,5.5,5.744986789127836,6.522493394563918,4.473496036738351,7.3979947156511345,5.072493394563918,High_Plateau,0.4295167562116803,0.355295641,38,-0.001858587
Abies,Centaurium,10,5.5,4.653745751095711,5.976872875547855,4.146123725328713,6.961498300438285,4.526872875547856,High_Plateau,0.4020808602511339,0.2180361597055584,28,-0.000879045
Abies,Cephalanthera,10,5.5,6.777349539,7.03867477,4.783204861772948,7.810939815697264,5.58867477,High_Plateau,0.5331809171811499,0.4310650367944686,22,-0.001598204
Abies,Cephalaria,10,5.5,6.256877235420721,6.778438617710361,4.627063170626217,7.602750894168288,5.328438617710361,High_Plateau,0.4725007409816438,0.3507068649012673,27,-0.001129654
Abies,Cerastium,10,5.5,5.493827498718222,6.396913749359111,4.398148249615467,7.2975309994872894,4.946913749359111,High_Plateau,0.4670454365508807,0.3562680283259244,29,-0.001296735
Abies,Ceratophyllum,10,5.5,6.479475248280684,6.889737624140341,4.693842574484205,7.691790099312273,5.439737624140342,High_Plateau,0.670313613,0.6135314784281225,9,-0.076850024
Abies,Cerinthe,10,5.5,4.851031549280046,6.075515774640023,4.205309464784014,7.0404126197120185,4.625515774640023,High_Plateau,0.4467914763851297,0.2912763283855819,26,-0.002165508
Abies,Cestrum,10,5.5,8.815400372551487,8.057700186275744,5.394620111765446,8.626160149020595,6.607700186275744,High_Plateau,0.4413179597258212,0.2720438937028622,25,-0.001834392
Abies,Chaenomeles,10,5.5,8.764169616709056,8.032084808354528,5.379250885012716,8.605667846683623,6.582084808354528,High_Plateau,0.5461680925359457,0.5228331503922973,30,-0.001799895
Abies,Chaenorhinum,10,5.5,5.4783927443195735,6.389196372159787,4.393517823295872,7.291357097727829,4.9391963721597865,High_Plateau,0.3887207988708895,0.2325975346581427,33,-0.001807082
Abies,Chaerophyllum,10,5.5,5.637206491783171,6.468603245891585,4.441161947534951,7.354882596713269,5.018603245891585,High_Plateau,0.4098442371829066,0.2911929474314995,35,-0.001357982
Abies,Chamaecyparis,10,5.5,8.970122262190658,8.135061131095329,5.4410366786571975,8.688048904876263,6.685061131095329,High_Plateau,0.6550681857192748,0.5754715797360207,8,-0.080100699
Abies,Chamaecytisus,10,5.5,8.87812035,8.089060175,5.413436105007386,8.651248140009848,6.639060175,High_Plateau,0.409731553,0.2498278534832772,30,-0.001138801
Abies,Chamaemelum,10,5.5,5.4672635576544595,6.383631779,4.390179067296338,7.286905423061784,4.933631779,High_Plateau,0.3534913339159873,0.2277424115784515,41,-0.001058993
Abies,Cheilanthes,10,5.5,6.670989694286691,6.985494847143345,4.751296908286007,7.768395877714676,5.535494847143346,High_Plateau,0.5360058948116646,0.4120406156957117,19,-0.001513993
Abies,Cheirolophus,10,5.5,6.448482995311018,6.874241497655509,4.684544898593305,7.679393198124407,5.424241497655509,High_Plateau,0.3896942187758092,0.2837561589252558,39,-0.001290662
Abies,Chenopodium,10,5.5,4.776816904805398,6.038408452402699,4.183045071,7.010726761922159,4.588408452,High_Plateau,0.4496915931321385,0.2560182065129189,21,-0.002353183
Abies,Chloris,10,5.5,5.845798154512355,6.572899077256178,4.503739446353706,7.438319261804942,5.122899077256178,High_Plateau,0.4096929156039825,0.2908381136762256,35,-0.001097029
Abies,Chondrilla,10,5.5,5.823815102791527,6.561907551395763,4.497144530837458,7.4295260411166115,5.111907551395763,High_Plateau,0.2769778195348952,0.066634079,40,-0.001748362
Abies,Christella,10,5.5,6.830806295,7.065403147413765,4.799241888448259,7.832322517931012,5.615403147413765,High_Plateau,0.3923363156000874,0.1410616356661801,21,-0.001123105
Abies,Chrozophora,10,5.5,4.536003778580098,5.918001889290049,4.1108011335740295,6.914401511,4.468001889290049,High_Plateau,0.3255331551412078,0.073345442,29,-0.001806616
Abies,Chrysanthemum,10,5.5,5.355395345679306,6.327697672839653,4.356618603703792,7.242158138271723,4.877697672839654,High_Plateau,0.2947725112346325,0.077456947,37,-0.001203456
Abies,Cicer,10,5.5,5.9538849875937325,6.626942493796866,4.5361654962781195,7.481553995037493,5.176942493796867,High_Plateau,0.4775333968900541,0.402182173,32,-0.002700186
Abies,Cichorium,10,5.5,5.761048249,6.530524124,4.478314474696676,7.404419299595569,5.080524124,High_Plateau,0.4408526955963083,0.3696735812571709,37,-0.001484786
Abies,Cinnamomum,10,5.5,8.782111401,8.041055700604625,5.384633420362775,8.61284456,6.591055700604625,High_Plateau,0.6101249399054997,0.5265311352510773,15,0.002840298
Abies,Circaea,10,5.5,6.442084701,6.871042350515809,4.682625410309486,7.676833880412648,5.421042351,High_Plateau,0.4879739521754627,0.3492096692543918,23,-0.003295126
Abies,Cirsium,10,5.5,5.565481835209711,6.432740917604855,4.419644550562913,7.326192734083884,4.982740917604856,High_Plateau,0.4068349149511817,0.3262441893552602,40,-0.001227962
Abies,Cistanche,10,5.5,6.666209715339283,6.983104857669641,4.749862914601785,7.766483886135713,5.533104857669642,High_Plateau,0.334727977,0.099850871,30,-0.00128966
Abies,Cistus,10,5.5,8.913416797,8.106708399,5.4240250391896705,8.665366718919561,6.656708399,High_Plateau,0.390285367,0.1779811729525957,26,-0.000750821
Abies,Citrullus,10,5.5,5.115472811414376,6.2077364057071875,4.284641843424312,7.146189124565751,4.757736405707188,High_Plateau,0.3373723678994546,0.06416409,25,-0.001891294
Abies,Citrus,10,5.5,8.873267317848335,8.086633658924168,5.411980195,8.649306927139333,6.6366336589241675,High_Plateau,0.3762998275739896,0.1497791389402752,26,0.000403951
Abies,Cladanthus,10,5.5,4.711964808972219,6.005982404,4.1635894426916655,6.984785923588888,4.555982404,High_Plateau,0.3842117286752988,0.1741643699646997,27,-0.001307303
Abies,Clematis,10,5.5,8.576936614294794,7.938468307147398,5.323080984288438,8.530774645717917,6.488468307147397,High_Plateau,0.5864621063958931,0.5621952720292136,25,-0.001149817
Abies,Cleome,10,5.5,4.528837366047561,5.914418683023781,4.108651209814268,6.9115349464190245,4.464418683023781,High_Plateau,0.3431766274761948,0.059315995,23,-0.001800002
Abies,Clinopodium,10,5.5,5.996763361585787,6.648381680792893,4.549029008475736,7.498705344634315,5.1983816807928935,High_Plateau,0.4095008598565537,0.315251941,38,-0.001799054
Abies,Clypeola,10,5.5,4.594444336649158,5.947222168324579,4.128333300994747,6.937777734659663,4.497222168324579,High_Plateau,0.3737220562301783,0.1861568966837023,31,-0.001783099
Abies,Colchicum,10,5.5,6.481330441407883,6.890665220703942,4.694399132422365,7.692532176563153,5.440665220703941,High_Plateau,0.5008452923024237,0.3581667418122125,21,-0.001558868
Abies,Coleostephus,10,5.5,4.489387147213226,5.894693573606613,4.096816144163968,6.895754859,4.444693573606614,High_Plateau,0.3341333762580514,0.07421971,27,-0.002367527
Abies,Colutea,10,5.5,8.831728916,8.065864457754564,5.3995186746527395,8.632691566203652,6.615864457754565,High_Plateau,0.5731732552745916,0.6014067249781397,33,-0.001328469
Abies,Conopodium,10,5.5,5.432300167194002,6.366150083597001,4.37969005,7.272920066877601,4.916150083597001,High_Plateau,0.4760149031592685,0.3496601918071714,26,-0.001850558
Abies,Conringia,10,5.5,4.589830598228752,5.944915299114376,4.1269491794686255,6.9359322392915015,4.494915299114377,High_Plateau,0.3596031715475901,0.1826249999212978,34,-0.002024791
Abies,Convolvulus,10,5.5,6.254902971949072,6.777451485974536,4.626470891584722,7.6019611887796295,5.327451485974536,High_Plateau,0.4982496842833375,0.3941745808931262,26,-0.002074692
Abies,Coris,10,5.5,5.353339264922706,6.326669632461353,4.356001779476812,7.241335705969083,4.876669632461353,High_Plateau,0.4850630733758792,0.3432869364333195,23,-0.00279025
Abies,Coronilla,10,5.5,6.455280778544104,6.877640389272052,4.686584233563231,7.682112311417642,5.427640389272052,High_Plateau,0.499167796,0.4453192549725278,32,-0.002041603
Abies,Corrigiola,10,5.5,5.448563829,6.374281914327264,4.384569148596359,7.279425531461812,4.924281914327265,High_Plateau,0.465738639,0.2961878263750629,22,-0.001634931
Abies,Corydalis,10,5.5,5.582091274546858,6.4410456372734295,4.424627382364058,7.332836509818744,4.991045637273429,High_Plateau,0.4797292153429192,0.2912863578398931,18,-0.001605389
Abies,Corynephorus,10,5.5,5.095945299778677,6.197972649889339,4.278783589933603,7.13837812,4.747972649889339,High_Plateau,0.5560717641374474,0.6083266924241671,38,-0.001463766
Abies,Cotoneaster,10,5.5,8.959222263633672,8.129611131816835,5.437766679090101,8.683688905453469,6.679611131816836,High_Plateau,0.3431956548549427,0.125031794,31,-0.001421598
Abies,Cotula,10,5.5,5.334861863798159,6.317430932,4.350458559139447,7.233944745519263,4.867430931899079,High_Plateau,0.3967262196878474,0.28135935,37,-0.001178387
Abies,Crambe,10,5.5,6.226320391962297,6.763160195981149,4.617896117588689,7.590528156784918,5.3131601959811485,High_Plateau,0.4358970504889136,0.3267972239150482,33,-0.001043012
Abies,Crassula,10,5.5,5.339371911,6.319685955,4.351811573163242,7.235748764217656,4.869685955,High_Plateau,0.4905166822679193,0.3211267011713124,19,-0.001836546
Abies,Crataegus,10,5.5,8.765666703895535,8.032833351947767,5.379700011,8.606266681558214,6.582833351947768,High_Plateau,0.5588605195721752,0.5235926564822315,27,-0.001960826
Abies,Crepis,10,5.5,5.619081242,6.459540621084635,4.435724372650781,7.347632496867709,5.009540621084636,High_Plateau,0.4533662396378198,0.3701279139138939,34,-0.00190868
Abies,Crocus,10,5.5,6.501914622627049,6.900957311313524,4.700574386788114,7.7007658490508195,5.450957311313525,High_Plateau,0.4839670402295453,0.3655604991159326,26,-0.001830723
Abies,Crotalaria,10,5.5,5.983140544048327,6.641570272024163,4.544942163214498,7.493256217619331,5.191570272024164,High_Plateau,0.5154059241980624,0.4283599281593011,26,-0.001439029
Abies,Crucianella,10,5.5,5.146625510041236,6.223312755020618,4.293987653012371,7.158650204016494,4.773312755020618,High_Plateau,0.3999812117869593,0.2139479125814832,28,-0.001434294
Abies,Crupina,10,5.5,4.489387147213226,5.894693573606613,4.096816144163968,6.895754859,4.444693573606614,High_Plateau,0.2930518246630944,0.07421971,37,-0.002224139
Abies,Cucumis,10,5.5,4.538274317,5.919137158,4.1114822950287255,6.915309726704969,4.469137158,High_Plateau,0.33875921,0.066937775,25,-0.001891294
Abies,Cucurbita,10,5.5,5.141146347406355,6.220573173703178,4.292343904221907,7.156458538962543,4.770573173703178,High_Plateau,0.3492133382720746,0.079627363,24,-0.001893843
Abies,Cullen,10,5.5,6.5925553406915425,6.946277670345771,4.7277666022074625,7.737022136276617,5.496277670345771,High_Plateau,0.507859772,0.4708717019143749,33,-0.001788188
Abies,Cuphea,10,5.5,5.935859642426423,6.617929821213211,4.530757892727927,7.474343856970569,5.167929821213212,High_Plateau,0.3688654717725864,0.1024908057468228,22,-0.001881503
Abies,Cupressus,10,5.5,9.075450951327305,8.187725475663653,5.472635285398191,8.730180380530921,6.737725475663653,High_Plateau,0.4824136593441802,0.246626814,9,-0.121326244
Abies,Cuscuta,10,5.5,5.139977292,6.219988646068066,4.2919931876408395,7.155990916854453,4.769988646068065,High_Plateau,0.4714534145033775,0.332331989,25,-0.001920322
Abies,Cutandia,10,5.5,4.713261143357861,6.006630572,4.163978343007358,6.985304457343144,4.556630572,High_Plateau,0.5581616975624768,0.5877998098087063,35,-0.00121769
Abies,Cyclamen,10,5.5,6.484563021342673,6.892281510671337,4.695368906402802,7.693825208537069,5.442281510671337,High_Plateau,0.4860970358386395,0.3616331886871279,25,-0.001990106
Abies,Cymbalaria,10,5.5,6.373059601285591,6.836529800642795,4.661917880385677,7.649223840514237,5.386529800642796,High_Plateau,0.4451448369864825,0.3371455290321119,32,-0.001402563
Abies,Cymbopogon,10,5.5,6.397598438471919,6.848799219235959,4.669279531541576,7.659039375388767,5.3987992192359595,High_Plateau,0.5412506967297738,0.5130339392874006,30,-0.001977798
Abies,Cynanchum,10,5.5,8.779731972403772,8.039865986201885,5.383919591721131,8.611892788961509,6.589865986201886,High_Plateau,0.5393005917882754,0.5255329869041775,32,-0.001782304
Abies,Cynara,10,5.5,6.283855006275586,6.791927503137793,4.635156501882676,7.6135420025102345,5.341927503137793,High_Plateau,0.4563462905956414,0.4008027782152008,37,-0.002194821
Abies,Cynodon,10,5.5,6.479421701078316,6.889710850539158,4.693826510323495,7.691768680431327,5.439710850539158,High_Plateau,0.6143388291592513,0.700129941,35,-0.001097029
Abies,Cynoglossum,10,5.5,5.154735452191308,6.227367726095654,4.296420635657393,7.161894180876523,4.777367726095655,High_Plateau,0.4670121490154196,0.2987922529166156,22,-0.001921966
Abies,Cynosurus,10,5.5,5.181644514304591,6.2408222571522955,4.3044933542913775,7.172657805721837,4.790822257152296,High_Plateau,0.6526527921365814,0.7604586952619771,33,-0.001792952
Abies,Cyperus,10,5.5,5.798501568879963,6.549250784439981,4.489550470663989,7.419400627551985,5.099250784439981,High_Plateau,0.5606705560824926,0.5436100793225029,29,-0.001755795
Abies,Cypripedium,10,5.5,6.874993487602913,7.087496743801456,4.812498046280874,7.849997395041165,5.6374967438014565,High_Plateau,0.5100493505041763,0.3602244569482399,19,-0.001998643
Abies,Cytinus,10,5.5,6.655825743051738,6.977912871525868,4.746747722915521,7.762330297220695,5.527912871525869,High_Plateau,0.354290746,0.081945435,23,-0.003806015
Abies,Cytisus,10,5.5,8.858358480360694,8.079179240180347,5.407507544108208,8.643343392144278,6.629179240180347,High_Plateau,0.5988365003117042,0.6034339433478038,27,-0.001407453
Abies,Dactylis,10,5.5,6.507186250329633,6.903593125164816,4.702155875,7.702874500131854,5.453593125164817,High_Plateau,0.4773456188090034,0.4017251130903822,32,-0.002292665
Abies,Dactylorhiza,10,5.5,6.496688765888368,6.898344382944184,4.69900663,7.698675506355347,5.4483443829441836,High_Plateau,0.4839046855498712,0.3735241487494291,27,-0.001176628
Abies,Daphne,10,5.5,8.981313546,8.140656773149844,5.4443940638899075,8.692525418519876,6.690656773149845,High_Plateau,0.5289786218866835,0.4307239840311727,23,-0.000820003
Abies,Dasypyrum,10,5.5,5.6738641786410655,6.486932089320533,4.452159254,7.369545671456427,5.036932089320533,High_Plateau,0.323019176,0.1012475109550474,33,-0.002073196
Abies,Datura,10,5.5,4.852744165875159,6.076372083,4.205823249762548,7.041097666350064,4.626372083,High_Plateau,0.4252650406846068,0.2728632974665032,29,-0.002077039
Abies,Daucus,10,5.5,4.693792457345822,5.996896228672911,4.158137737203747,6.9775169829383294,4.546896228672911,High_Plateau,0.4013378386154691,0.2988556754144666,38,-0.001447936
Abies,Delphinium,10,5.5,6.131390629558734,6.715695314779367,4.589417189,7.552556251823494,5.265695314779367,High_Plateau,0.511953118,0.3884575947621788,22,-0.00083899
Abies,Dianthus,10,5.5,6.263654963756905,6.7818274818784525,4.629096489127072,7.605461985502762,5.331827481878452,High_Plateau,0.4837925738559164,0.3979769650742233,30,-0.001274155
Abies,Dichanthium,10,5.5,6.397598438471919,6.848799219235959,4.669279531541576,7.659039375388767,5.3987992192359595,High_Plateau,0.5289961358461011,0.5130339392874006,33,-0.001235735
Abies,Digitalis,10,5.5,5.962051668068431,6.631025834034215,4.538615500420529,7.484820667227373,5.181025834034216,High_Plateau,0.4477144300308373,0.3423649462443584,32,-0.001803719
Abies,Digitaria,10,5.5,5.070354481772686,6.185177240886343,4.271106344531805,7.128141792709075,4.735177240886343,High_Plateau,0.5772202136133329,0.5931485285265283,31,-0.001759685
Abies,Dioscorea,10,5.5,6.386929788159097,6.843464894079549,4.666078936447729,7.654771915263639,5.393464894079549,High_Plateau,0.5194415304439653,0.343928534,15,0.009019212
Abies,Diospyros,10,5.5,8.780381676956203,8.040190838478102,5.384114503086861,8.612152670782482,6.590190838478102,High_Plateau,0.466756343,0.2898862854788397,21,-0.001046077
Abies,Dipcadi,10,5.5,6.386251277846585,6.843125638923293,4.665875383353976,7.654500511138634,5.393125638923292,High_Plateau,0.5032504504930779,0.3960622105898491,25,-0.002601069
Abies,Diplotaxis,10,5.5,5.2552293840018525,6.277614692000926,4.326568815200556,7.202091753600741,4.827614692000926,High_Plateau,0.3909742846960984,0.2205944101710338,31,-0.001448382
Abies,Dipsacus,10,5.5,4.612940300119359,5.95647015,4.133882090035808,6.945176120047744,4.5064701500596795,High_Plateau,0.4137684657727979,0.2332423144835756,27,-0.001129654
Abies,Dittrichia,10,5.5,6.139356121976591,6.719678060988295,4.591806836592977,7.555742448790637,5.269678060988296,High_Plateau,0.4023507157483733,0.284377408,36,-0.00111961
Abies,Dodonaea,10,5.5,8.694081119514852,7.997040559757426,5.358224335854455,8.577632447805941,6.547040559757426,High_Plateau,0.720339031,0.8219249492957335,24,-0.002124851
Abies,Doronicum,10,5.5,6.408574672331224,6.854287336165612,4.672572401699368,7.663429868932489,5.404287336165613,High_Plateau,0.470581682,0.3964577347495661,33,-0.002499254
Abies,Draba,10,5.5,5.950942824593859,6.625471412,4.5352828473781575,7.480377129837544,5.175471412,High_Plateau,0.4011064652385548,0.2901635549206243,37,-0.001396958
Abies,Dryopteris,10,5.5,6.680987480264091,6.990493740132045,4.754296244079227,7.772394992105637,5.540493740132046,High_Plateau,0.5141143323543143,0.3847019567147514,21,-0.001544542
Abies,Dysphania,10,5.5,4.757013292846396,6.028506646423198,4.1771039878539185,7.0028053171385585,4.5785066464231985,High_Plateau,0.4359531236361392,0.2694658552015477,26,-0.00149667
Abies,Ebenus,10,5.5,7.613056374048696,7.4565281870243485,5.033916912214609,8.14522255,6.006528187024348,High_Plateau,0.5379565934000485,0.5309872566361264,33,-0.001397746
Abies,Echinochloa,10,5.5,4.612073900431461,5.95603695,4.1336221701294384,6.944829560172584,4.50603695,High_Plateau,0.4017069549798697,0.2503366146383649,32,-0.001736811
Abies,Echinophora,10,5.5,6.4378693105439355,6.868934655271968,4.681360793163181,7.675147724217574,5.418934655271968,High_Plateau,0.4820371812875411,0.3619271762022833,26,-0.002962698
Abies,Echinops,10,5.5,6.214041818373839,6.757020909186919,4.614212545512151,7.585616727349535,5.307020909186919,High_Plateau,0.464042534,0.3832170198972034,33,-0.001687161
Abies,Echium,10,5.5,5.123946823659917,6.211973411829959,4.287184047097975,7.1495787294639666,4.761973411829959,High_Plateau,0.4637044841199556,0.3249826196748904,26,-0.001566887
Abies,Elaeagnus,10,5.5,8.745385080063782,8.02269254,5.373615524019135,8.598154032025512,6.572692540031891,High_Plateau,0.5683189296051692,0.5179787768333348,24,-0.002594999
Abies,Elatine,10,5.5,4.855512183101034,6.077756091550517,4.206653655,7.042204873240413,4.627756091550517,High_Plateau,0.4514107604546235,0.2922306381373382,25,-0.001840107
Abies,Eleocharis,10,5.5,6.162021008202245,6.731010504101123,4.598606302460674,7.564808403280898,5.281010504101123,High_Plateau,0.5943844625094278,0.6027743886675087,28,-0.001534168
Abies,Eleusine,10,5.5,5.475975643394905,6.387987821697452,4.392792693018471,7.290390257357963,4.937987821697453,High_Plateau,0.5876181637980744,0.6385278068739563,34,-0.001388903
Abies,Elymus,10,5.5,6.746310389168462,7.0231551945842305,4.773893116750539,7.798524155667385,5.573155194584231,High_Plateau,0.6530773321224402,0.7367584821368631,30,-0.002334158
Abies,Enarthrocarpus,10,5.5,4.594444336649158,5.947222168324579,4.128333300994747,6.937777734659663,4.497222168324579,High_Plateau,0.3326690195574995,0.1861568966837023,41,-0.001354562
Abies,Enneapogon,10,5.5,6.215861396350904,6.757930698175452,4.6147584189052715,7.586344558540362,5.307930698175452,High_Plateau,0.6276228058150224,0.6776089127922088,29,-0.002227465
Abies,Ephedra,10,5.5,9.187654803121072,8.243827401560536,5.506296440936321,8.775061921,6.793827401560536,High_Plateau,0.7175060758730449,0.6160088311054017,6,0.259400165
Abies,Epilobium,10,5.5,6.220876050556913,6.760438025278456,4.616262815167074,7.588350420222765,5.310438025278456,High_Plateau,0.4619366957508671,0.2971073686659105,23,-0.003156187
Abies,Epimedium,10,5.5,6.254353670308456,6.777176835154227,4.626306101092537,7.601741468123382,5.327176835154228,High_Plateau,0.5274793800060658,0.3953040911133827,19,-0.003096519
Abies,Epipactis,10,5.5,6.7219483583189525,7.010974179159476,4.766584507495686,7.788779343327581,5.5609741791594764,High_Plateau,0.5291020441252461,0.422907291,22,-0.001598204
Abies,Equisetum,10,5.5,6.849247083683337,7.074623541841668,4.804774125105001,7.839698833473335,5.624623541841668,High_Plateau,0.5607047269282105,0.390309972,10,-0.01573547
Abies,Eragrostis,10,5.5,5.456519878538862,6.378259939269431,4.386955963561658,7.282607951415545,4.928259939269431,High_Plateau,0.4511034496528395,0.2834171318144459,24,-0.001941574
Abies,Eremopyrum,10,5.5,4.7346551514509745,6.017327575725487,4.170396545435292,6.9938620605803905,4.567327575725487,High_Plateau,0.572141412,0.5993658809922354,33,-0.001442684
Abies,Erica,10,5.5,8.777806663417055,8.038903331708527,5.383341999025117,8.611122665366821,6.5889033317085275,High_Plateau,0.5569778980764665,0.5280650602306718,28,-0.00205317
Abies,Erigeron,10,5.5,6.105936005796759,6.702968003,4.581780801739027,7.542374402318703,5.252968002898379,High_Plateau,0.3174485285920913,0.1065475163708717,35,-0.002087912
Abies,Erodium,10,5.5,5.422491916289226,6.361245958144613,4.3767475748867675,7.2689967665156905,4.9112459581446135,High_Plateau,0.4734582367425048,0.2870754390508357,19,-0.002164691
Abies,Erucastrum,10,5.5,5.83223337,6.566116684795575,4.499670010877345,7.432893348,5.116116684795575,High_Plateau,0.390690407,0.3021996718966475,41,-0.001354562
Abies,Eryngium,10,5.5,5.898955242716069,6.599477621358035,4.519686572814821,7.459582097086428,5.149477621358034,High_Plateau,0.4778989572099278,0.3778931445464139,29,-0.00088711
Abies,Erysimum,10,5.5,5.418484432,6.359242216,4.37554533,7.267393773,4.909242216053951,High_Plateau,0.3980473250634382,0.2429696642853309,32,-0.001498358
Abies,Eschscholzia,10,5.5,4.735177143437459,6.017588571718729,4.1705531430312375,6.994070857374984,4.567588572,High_Plateau,0.4586217136602158,0.2391750513961598,17,0.006780236
Abies,Eucalyptus,10,5.5,8.808980626634728,8.054490313317364,5.392694187990418,8.623592250653891,6.604490313317364,High_Plateau,0.3975223732709658,0.1846592232793663,25,-0.002866904
Abies,Eugenia,10,5.5,8.780004065663219,8.040002032831609,5.384001219698966,8.612001626265288,6.590002033,High_Plateau,0.4075332042143484,0.2208259020203794,27,-0.001400208
Abies,Euonymus,10,5.5,8.843063027287572,8.071531513643786,5.402918908186272,8.637225210915028,6.621531513643786,High_Plateau,0.5667962901527528,0.4736355004322089,19,-0.001584464
Abies,Eupatorium,10,5.5,6.430401463522841,6.865200731761421,4.679120439056852,7.672160585409136,5.415200731761421,High_Plateau,0.4022340623668988,0.3417165625582412,43,-0.001310682
Abies,Euphorbia,10,5.5,5.864724681050401,6.582362340525201,4.509417404,7.445889872,5.132362340525201,High_Plateau,0.3393496452037855,0.1009784218101339,29,-0.001806616
Abies,Fallopia,10,5.5,6.008775090737738,6.654387545368869,4.552632527221322,7.503510036295095,5.204387545368869,High_Plateau,0.4318359857848691,0.2858151131097798,29,-0.001126667
Abies,Ferula,10,5.5,6.462770799420511,6.881385399710256,4.688831239826153,7.685108319768204,5.431385399710256,High_Plateau,0.4148103134770074,0.301341031,35,-0.002437636
Abies,Ferulago,10,5.5,6.4378693105439355,6.868934655271968,4.681360793163181,7.675147724217574,5.418934655271968,High_Plateau,0.4821143171656766,0.3619271762022833,26,-0.002191339
Abies,Festuca,10,5.5,6.629137272785683,6.964568636392841,4.738741181835705,7.751654909114274,5.514568636392841,High_Plateau,0.6331773868245527,0.6968888069484334,30,-0.001985235
Abies,Fibigia,10,5.5,6.446729544056581,6.873364772028291,4.684018863216974,7.678691817622632,5.4233647720282905,High_Plateau,0.3158660876055446,0.086771329,33,-0.001223166
Abies,Filago,10,5.5,4.5604545977165305,5.930227298858265,4.118136379314959,6.9241818390866126,4.480227298858265,High_Plateau,0.3534643555078722,0.2196076776497216,40,-0.001750998
Abies,Fimbristylis,10,5.5,5.502705209062368,6.4013526045311835,4.400811563,7.301082083624948,4.951352604531184,High_Plateau,0.4021371801177455,0.2264526195050142,29,-0.001302255
Abies,Foeniculum,10,5.5,5.620189108860596,6.460094554430298,4.436056732658178,7.348075643544238,5.010094554430298,High_Plateau,0.3877739728463534,0.2470168879618146,35,-0.001180328
Abies,Fragaria,10,5.5,6.415109971912925,6.857554985956463,4.674532991573877,7.666043989,5.4075549859564624,High_Plateau,0.4466309361432363,0.2990180553339505,27,-0.001383655
Abies,Frankenia,10,5.5,8.014575755996713,7.657287877998357,5.154372726799014,8.305830302398686,6.207287877998357,High_Plateau,0.3866988619892355,0.1296383961138774,21,-0.000381443
Abies,Fraxinus,10,5.5,8.702600171097759,8.001300085548879,5.3607800513293276,8.581040068439103,6.551300085548879,High_Plateau,0.5505525339264256,0.5069695495539619,27,-0.001925148
Abies,Fritillaria,10,5.5,7.072700381,7.1863501904937745,4.871810114296265,7.929080152,5.736350190493775,High_Plateau,0.406415742,0.1857991578011293,23,-0.00182467
Abies,Fumana,10,5.5,8.918734556,8.109367278,5.425620366809355,8.667493822412473,6.659367278015591,High_Plateau,0.5514631036702841,0.4765426066008913,23,-0.005068298
Abies,Fumaria,10,5.5,4.527724885380036,5.913862442690018,4.108317465614011,6.911089954152015,4.463862442690019,High_Plateau,0.4460402576763347,0.2239084425067241,18,-0.001605389
Abies,Gagea,10,5.5,6.725793229323989,7.012896614661994,4.767737968797197,7.790317291729595,5.5628966146619945,High_Plateau,0.5030384829153302,0.3789916850776856,23,-0.001559898
Abies,Galactites,10,5.5,4.489387147213226,5.894693573606613,4.096816144163968,6.895754859,4.444693573606614,High_Plateau,0.334225187,0.07421971,27,-0.00144942
Abies,Galega,10,5.5,6.433387496050749,6.866693748025375,4.680016248815225,7.673354998420299,5.4166937480253745,High_Plateau,0.4942337305341608,0.4437429496255104,33,-0.00240484
Abies,Galinsoga,10,5.5,4.483532736640491,5.891766368320246,4.095059820992147,6.8934130946561964,4.441766368320246,High_Plateau,0.3775661583788637,0.2677917446811291,40,-0.001653304
Abies,Galium,10,5.5,6.076284813857278,6.688142406928639,4.572885444157183,7.530513925542911,5.238142406928639,High_Plateau,0.4829383672656724,0.3719150921859252,27,-0.002794528
Abies,Gastridium,10,5.5,4.822018902301529,6.061009451150765,4.196605670690459,7.028807560920612,4.611009451150765,High_Plateau,0.5476791143524845,0.6161660167980259,41,-0.001299214
Abies,Gaudinia,10,5.5,5.578820651422187,6.439410325711093,4.423646195426656,7.331528260568875,4.989410325711093,High_Plateau,0.5712526281926362,0.6468453828281409,39,-0.001152687
Abies,Gazania,10,5.5,6.993936271748143,7.146968135874071,4.848180881524443,7.8975745086992575,5.696968135874071,High_Plateau,0.3343014753441337,0.1154610940953568,32,-0.001414005
Abies,Genista,10,5.5,8.857562542,8.078781271,5.407268762727716,8.643025016970288,6.628781271,High_Plateau,0.5939235856950543,0.60176424,28,-0.001092195
Abies,Gentianopsis,10,5.5,5.0778839261364155,6.188941963068208,4.273365177840924,7.1311535704545665,4.738941963068208,High_Plateau,0.4418673397289867,0.2896567281700029,27,-0.002212983
Abies,Geranium,10,5.5,5.782944856809912,6.541472428404957,4.484883457042974,7.413177942723966,5.091472428404956,High_Plateau,0.5154746187508465,0.3711082030675191,19,-0.002164691
Abies,Geum,10,5.5,6.435533344975111,6.867766672487555,4.680660003492533,7.674213337990045,5.417766672487556,High_Plateau,0.492090436,0.3734555418245093,25,-0.001167873
Abies,Gladiolus,10,5.5,6.399525018712473,6.849762509356236,4.6698575056137415,7.659810007484989,5.399762509356236,High_Plateau,0.487052003,0.3390071758906977,22,-0.00259804
Abies,Glaucium,10,5.5,5.078977141196289,6.189488570598145,4.273693142358887,7.131590856478516,4.739488570598144,High_Plateau,0.4669339360296328,0.2572891636822121,17,-0.000668102
Abies,Glinus,10,5.5,4.542576653173283,5.921288326586641,4.1127729959519845,6.9170306612693135,4.471288326586642,High_Plateau,0.3467568394846104,0.066397452,23,-0.001405165
Abies,Globularia,10,5.5,7.369905618345093,7.334952809172546,4.9609716855035275,8.047962247338038,5.884952809172546,High_Plateau,0.4776518928340287,0.3858286295151687,30,-0.001939288
Abies,Glyceria,10,5.5,6.541417953,6.920708977,4.712425385981923,7.716567181309232,5.470708976636541,High_Plateau,0.6602008817858309,0.709720107,25,-0.001386237
Abies,Glycine,10,5.5,6.467695964226668,6.883847982113334,4.690308789,7.6870783856906675,5.433847982113335,High_Plateau,0.3391013401698194,0.1252507919717613,32,-0.002363846
Abies,Gomphocarpus,10,5.5,8.779731972403772,8.039865986201885,5.383919591721131,8.611892788961509,6.589865986201886,High_Plateau,0.5311310542731373,0.5255329869041775,34,-0.001285899
Abies,Gypsophila,10,5.5,5.790085487712148,6.545042743856074,4.487025646313644,7.416034195,5.095042743856075,High_Plateau,0.4793529981719126,0.364560929,27,-0.001877403
Abies,Halimione,10,5.5,7.43398241,7.366991205,4.9801947229415475,8.073592963922064,5.916991205,High_Plateau,0.4015339902182855,0.1677801473406311,22,-0.001643026
Abies,Halimium,10,5.5,8.819564431989921,8.059782216,5.395869329596977,8.627825772795969,6.609782215994961,High_Plateau,0.5718174088429477,0.5491316843981547,27,-8.71E-05
Abies,Halopeplis,10,5.5,4.549256920333463,5.924628460166732,4.114777076100039,6.919702768133385,4.474628460166732,High_Plateau,0.3323735037066628,0.070582508,27,-0.001780241
Abies,Haplophyllum,10,5.5,6.486184845,6.893092422389345,4.695855453433607,7.694473937911477,5.443092422389345,High_Plateau,0.5199625528495359,0.4371045894913676,26,0.000403951
Abies,Hedera,10,5.5,8.922481525341283,8.111240762670642,5.426744457602385,8.668992610136513,6.661240762670642,High_Plateau,0.52588461,0.465832667,28,-0.001824088
Abies,Hedypnois,10,5.5,4.645935608876167,5.972967804438083,4.143780683,6.958374243550467,4.522967804438084,High_Plateau,0.3358104643633982,0.1759611672760974,39,-0.001153248
Abies,Hedysarum,10,5.5,6.087633799368224,6.693816899684112,4.576290139810467,7.53505352,5.243816899684113,High_Plateau,0.5306928372237256,0.5164597442834807,33,-0.001397746
Abies,Helianthemum,10,5.5,7.923648696947668,7.611824348473833,5.127094609084301,8.269459478779067,6.161824348473834,High_Plateau,0.5178737428706551,0.4174700670158631,24,-0.004503317
Abies,Helianthus,10,5.5,5.9573978634430285,6.628698931721514,4.537219359032909,7.482959145377212,5.178698931721515,High_Plateau,0.4191999183296231,0.3756711442316587,43,-0.001425031
Abies,Helichrysum,10,5.5,6.147924850679499,6.723962425339749,4.594377455203849,7.55916994,5.273962425,High_Plateau,0.4688605857291564,0.3682035653355796,30,-0.001727038
Abies,Helictotrichon,10,5.5,6.731281443426264,7.015640721713131,4.769384433027879,7.7925125773705055,5.565640721713132,High_Plateau,0.6393334926024056,0.7257371924371774,32,-0.002474324
Abies,Heliotropium,10,5.5,5.154966015053557,6.227483007526779,4.296489804516067,7.161986406021423,4.7774830075267785,High_Plateau,0.4626596083541286,0.3064895774972077,24,-0.001742215
Abies,Heracleum,10,5.5,6.010158338786962,6.655079169393481,4.5530475016360885,7.504063335514784,5.205079169393481,High_Plateau,0.4023488245103627,0.3008634535417828,38,-0.001376968
Abies,Herniaria,10,5.5,5.458173670237376,6.379086835118688,4.387452101071213,7.283269468,4.929086835118689,High_Plateau,0.4888556933156649,0.3425873673282421,22,-0.002462095
Abies,Hibiscus,10,5.5,7.021810011030061,7.160905006,4.856543003309018,7.908724004412024,5.7109050055150306,High_Plateau,0.4657402901352521,0.3455833830390797,28,-0.002020863
Abies,Hippocrepis,10,5.5,7.218061993570868,7.259030996785434,4.915418598071261,7.987224797428347,5.8090309967854346,High_Plateau,0.5330075356206592,0.4964862844223931,30,-0.001671134
Abies,Hohenackeria,10,5.5,4.658962418991675,5.979481209495837,4.147688725697503,6.963584968,4.529481209495838,High_Plateau,0.3925674532462293,0.1826027318525092,26,-0.001037757
Abies,Holcus,10,5.5,6.172272896876814,6.7361364484384065,4.601681869063044,7.568909158750726,5.286136448438407,High_Plateau,0.6255794428362788,0.7144578987031864,34,-0.001426572
Abies,Hordeum,10,5.5,5.400889743260944,6.350444871630472,4.370266922978283,7.260355897304377,4.900444871630472,High_Plateau,0.600421956,0.631358386,30,-0.00188744
Abies,Hornungia,10,5.5,4.586469515931931,5.943234757965966,4.1259408547795795,6.934587806372773,4.493234757965966,High_Plateau,0.4013356559594137,0.1837873385245902,24,-0.001470544
Abies,Humulus,10,5.5,6.353415485284952,6.826707742642476,4.656024645585486,7.641366194113981,5.376707742642476,High_Plateau,0.6896909206509821,0.7686664505014569,25,-0.001217567
Abies,Hyacinthoides,10,5.5,6.817550790717945,7.058775395358973,4.795265237215384,7.827020316287179,5.608775395358973,High_Plateau,0.5158413228580991,0.4292462382777831,26,-0.001516593
Abies,Hydrocotyle,10,5.5,5.993148500034743,6.6465742500173715,4.547944550010423,7.497259400013897,5.196574250017372,High_Plateau,0.4876602405412724,0.3565985532794478,24,-0.002280772
Abies,Hyoscyamus,10,5.5,4.8769396161887215,6.088469808094361,4.213081884856616,7.050775846475489,4.638469808094361,High_Plateau,0.4523993715215456,0.3269352702254368,29,-0.001093595
Abies,Hyoseris,10,5.5,5.928340956460847,6.614170478230424,4.528502286938254,7.471336382584338,5.164170478230424,High_Plateau,0.2874102292733757,0.070985988,38,-0.001375591
Abies,Hypecoum,10,5.5,4.488901223,5.894450611404305,4.096670366842583,6.895560489123444,4.444450611404305,High_Plateau,0.3794686867197306,0.074573206,16,-0.002836699
Abies,Hypericum,10,5.5,6.751116904190604,7.025558452095302,4.775335071257182,7.800446761676241,5.5755584520953025,High_Plateau,0.3716464941749683,0.1161964164903604,23,-0.001503442
Abies,Hypochaeris,10,5.5,6.181395420785752,6.740697710392876,4.604418626235725,7.572558168314301,5.290697710392877,High_Plateau,0.4094764435331795,0.307008375,37,-0.001921273
Abies,Hypolepis,10,5.5,6.613181172,6.956590586,4.733954351641184,7.745272468854912,5.506590586,High_Plateau,0.3996305682806108,0.1391777546601326,19,-0.000952954
Abies,Iberis,10,5.5,5.411972559956669,6.355986279978334,4.3735917679870004,7.264789023982668,4.905986279978334,High_Plateau,0.4002369790443853,0.2308831375978772,30,-0.001360966
Abies,Ilex,10,5.5,8.804048344853713,8.052024172426856,5.391214503456114,8.621619337941485,6.602024172426857,High_Plateau,0.5959576415902871,0.5315103627158572,19,0.000654739
Abies,Indigofera,10,5.5,8.290346942933574,7.7951734714667875,5.237104082880072,8.416138777,6.345173471466787,High_Plateau,0.4158946855662249,0.2377341809196529,27,-0.002326789
Abies,Inula,10,5.5,6.365605188,6.832802594009619,4.659681556405772,7.646242075207696,5.382802594,High_Plateau,0.4489769239643095,0.3612480037083095,34,-0.001402286
Abies,Ionopsidium,10,5.5,4.6128670245125925,5.956433512256297,4.133860107353778,6.945146809805037,4.506433512256296,High_Plateau,0.4038872201742061,0.188816657,24,-0.001101494
Abies,Ipomoea,10,5.5,5.703638867450256,6.501819433725128,4.461091660235077,7.381455546980103,5.051819433725129,High_Plateau,0.3390612311813555,0.091999816,28,-0.00089362
Abies,Iris,10,5.5,6.529480853201965,6.914740426600982,4.708844255960589,7.711792341280786,5.464740426600983,High_Plateau,0.5473284554184652,0.4511575620777233,21,-0.001681338
Abies,Isatis,10,5.5,4.962387259647552,6.131193629823776,4.238716177894266,7.084954903859021,4.681193629823776,High_Plateau,0.3786127879732693,0.2041737880254136,32,-0.001864348
Abies,Isoetes,10,5.5,6.527349841027963,6.913674920513982,4.708204952308389,7.710939936411185,5.463674920513982,High_Plateau,0.547974627,0.377309705,11,-0.036939239
Abies,Isolepis,10,5.5,5.757649244121203,6.528824622060601,4.477294773236361,7.403059697648482,5.078824622060601,High_Plateau,0.5763506123071815,0.5668312947022729,28,-0.0021572
Abies,Jasione,10,5.5,5.561215826755156,6.430607913377578,4.418364748026547,7.3244863307020625,4.980607913377578,High_Plateau,0.4668625775529818,0.3560527495048008,29,-0.002048931
Abies,Jasminum,10,5.5,8.897274794433935,8.098637397216967,5.419182438,8.658909917773574,6.648637397216968,High_Plateau,0.3866835470943257,0.1547561966239782,24,-0.002835923
Abies,Jatropha,10,5.5,7.560716712479434,7.430358356239717,5.018215013743831,8.124286684991773,5.980358356239718,High_Plateau,0.3654650545605502,0.153155302,29,-0.001536923
Abies,Juglans,10,5.5,8.713936184091791,8.006968092045895,5.364180855227538,8.585574473636717,6.556968092045896,High_Plateau,0.7170203829042259,0.8233358622005439,25,-0.001270003
Abies,Juncus,10,5.5,6.229915132160366,6.764957566080183,4.61897454,7.591966052864146,5.314957566080183,High_Plateau,0.4489554805120596,0.2379875739353141,19,-0.001752928
Abies,Juniperus,10,5.5,9.140479840781184,8.220239920390592,5.492143952234356,8.756191936312474,6.770239920390592,High_Plateau,0.6637097844536421,0.6092190642096952,9,-0.121326244
Abies,Jurinea,10,5.5,6.277449661812074,6.7887248309060375,4.6332348985436225,7.610979865,5.338724830906037,High_Plateau,0.4761042604799415,0.3991885762986648,32,-0.002023564
Abies,Kalanchoe,10,5.5,6.386251277846585,6.843125638923293,4.665875383353976,7.654500511138634,5.393125638923292,High_Plateau,0.528035446,0.3960622105898491,19,-0.001326453
Abies,Kickxia,10,5.5,5.132539407,6.216269703,4.2897618220944445,7.153015762792592,4.766269703490741,High_Plateau,0.3869199851655642,0.2125029957672512,31,-0.001534305
Abies,Knautia,10,5.5,6.222451099041755,6.761225549520877,4.616735329712526,7.5889804396167015,5.311225549520877,High_Plateau,0.4690667984722525,0.3356792396583502,26,-0.001426844
Abies,Koeleria,10,5.5,6.515769882064232,6.9078849410321155,4.704730964619269,7.706307952825693,5.457884941032116,High_Plateau,0.5977204782489643,0.699781083,39,-0.001152687
Abies,Lactuca,10,5.5,5.087993610774995,6.193996805387497,4.276398083232499,7.135197444309998,4.743996805387498,High_Plateau,0.449299662,0.3374179527148973,31,-0.002312326
Abies,Lamium,10,5.5,5.207401689408432,6.253700844704216,4.312220507,7.182960675763373,4.803700844704216,High_Plateau,0.3963502954260666,0.2806485526929094,37,-0.001383645
Abies,Lappula,10,5.5,4.631428665,5.9657143323570505,4.139428599,6.952571466,4.515714332,High_Plateau,0.3987028499783887,0.1869288585408519,25,-0.002410313
Abies,Lapsana,10,5.5,5.246467985917007,6.273233992958503,4.323940395775102,7.198587194366803,4.823233992958503,High_Plateau,0.3585403279626734,0.2050111824581839,37,-0.001296468
Abies,Laserpitium,10,5.5,6.171920461376515,6.735960230688257,4.6015761384129545,7.568768184550606,5.285960230688257,High_Plateau,0.4598281017294379,0.3994673307623962,36,-0.001795363
Abies,Lathyrus,10,5.5,5.900197648,6.600098824,4.520059294372736,7.4600790591636486,5.1500988239545595,High_Plateau,0.5165211975919531,0.5127488455320095,36,-0.001271978
Abies,Launaea,10,5.5,7.338591168609525,7.319295584304762,4.951577350582857,8.035436467,5.869295584304762,High_Plateau,0.3069298599952391,0.118199959,39,-0.001153248
Abies,Laurus,10,5.5,9.017273316663195,8.158636658331597,5.455181994998958,8.706909326665278,6.7086366583315975,High_Plateau,0.4119660705648474,0.1302133965697728,15,0.002840298
Abies,Lavandula,10,5.5,8.893141473658003,8.096570736829001,5.4179424420974005,8.657256589463202,6.646570736829002,High_Plateau,0.5240705472753436,0.4787761582519694,30,-0.002490387
Abies,Leersia,10,5.5,6.3387033968759585,6.819351698437979,4.651611019062788,7.635481358750384,5.369351698437979,High_Plateau,0.7193758820062544,0.8198048001183897,24,-0.001155591
Abies,Legousia,10,5.5,4.757146124318428,6.028573062159214,4.177143837295528,7.002858449727372,4.578573062159214,High_Plateau,0.3879556295984468,0.2227651037675326,32,-0.001392511
Abies,Lemna,10,5.5,6.42315778,6.861578889812495,4.676947333887497,7.669263111849997,5.411578889812495,High_Plateau,0.4840067375502885,0.3001158014309043,18,-0.002977385
Abies,Leontodon,10,5.5,6.099011127,6.6995055635544105,4.579703338132646,7.5396044508435285,5.249505564,High_Plateau,0.4265105630828195,0.3573613647149401,39,-0.001153248
Abies,Lepidium,10,5.5,5.445042841208981,6.372521420604491,4.383512852362694,7.278017136483593,4.9225214206044905,High_Plateau,0.4415336328054667,0.280607613,26,-0.001400366
Abies,Leucanthemum,10,5.5,6.427714556181019,6.863857278,4.6783143668543055,7.671085822472408,5.413857278,High_Plateau,0.4731462108520251,0.4589007377334287,40,-0.001397745
Abies,Leuzea,10,5.5,5.343153464247774,6.321576732123887,4.352946039274332,7.237261386,4.871576732123887,High_Plateau,0.4675536806247025,0.3408526652149668,27,-0.00132926
Abies,Ligusticum,10,5.5,6.480558125823011,6.890279062911505,4.694167437746903,7.692223250329205,5.440279062911506,High_Plateau,0.427341981,0.2934536676838695,31,-0.002067705
Abies,Ligustrum,10,5.5,8.882604517205285,8.091302258602642,5.414781355161585,8.653041806882115,6.641302258602643,High_Plateau,0.5230373071419137,0.4600476707539743,28,-0.001372132
Abies,Lilium,10,5.5,6.926130970447954,7.113065485223977,4.827839291134386,7.8704523881791815,5.663065485223977,High_Plateau,0.4702344763181901,0.3134366263401716,23,-0.00182467
Abies,Limonium,10,5.5,6.5242088884057505,6.912104444202875,4.707262666521725,7.709683555,5.462104444202875,High_Plateau,0.4858581615734587,0.3447623501422426,23,-0.002216436
Abies,Linaria,10,5.5,5.334448274284939,6.317224137142469,4.350334482285482,7.2337793097139755,4.867224137,High_Plateau,0.4259772285130348,0.2989423063310436,32,-0.002062534
Abies,Linum,10,5.5,5.759049139912981,6.52952457,4.4777147419738945,7.403619655965192,5.07952457,High_Plateau,0.4961267778347366,0.356910567,22,-0.001367248
Abies,Lithodora,10,5.5,8.790989469579056,8.045494734789528,5.3872968408737165,8.616395787831623,6.595494734789528,High_Plateau,0.5724065155110026,0.5260639568516725,24,-0.00214504
Abies,Lobularia,10,5.5,5.509457143334814,6.404728571667407,4.402837143000444,7.303782857333926,4.954728571667407,High_Plateau,0.366285969,0.236930434,39,-0.001244539
Abies,Loeflingia,10,5.5,4.635791176967089,5.967895588483545,4.140737353090127,6.954316470786836,4.517895588483545,High_Plateau,0.4155645317947226,0.1876396745438919,21,-0.001731137
Abies,Logfia,10,5.5,4.601249559439223,5.950624779719611,4.130374867831767,6.940499823775689,4.500624779719612,High_Plateau,0.2672694678460515,0.055377465,41,-0.001452922
Abies,Lolium,10,5.5,5.113356225319691,6.206678112659846,4.284006867595908,7.145342490127877,4.756678112659846,High_Plateau,0.6588588177854806,0.7645744465029086,32,-0.001407342
Abies,Lonicera,10,5.5,8.912177324659803,8.106088662,5.423653197397941,8.664870929863921,6.656088662329902,High_Plateau,0.5322250550132237,0.4538592208895954,25,-0.001840075
Abies,Lotononis,10,5.5,8.972095956316508,8.136047978158254,5.441628786894952,8.688838382526603,6.686047978158254,High_Plateau,0.4141930307151999,0.225934141,26,-0.001439029
Abies,Lotus,10,5.5,5.841969436839703,6.570984718419851,4.5025908310519105,7.4367877747358815,5.120984718419852,High_Plateau,0.4698732606003309,0.4112216700198149,35,-0.001211361
Abies,Lupinus,10,5.5,5.905700627455188,6.602850313727593,4.521710188236556,7.462280250982076,5.152850313727594,High_Plateau,0.4891101960433552,0.3759389922477355,26,-0.002291631
Abies,Luzula,10,5.5,6.245131610121786,6.772565805060893,4.623539483036536,7.598052644048714,5.3225658050608935,High_Plateau,0.4596341186930458,0.2593448502972866,19,-0.001752928
Abies,Lycium,10,5.5,8.837526415278166,8.068763207639083,5.401257924583449,8.635010566111266,6.618763207639083,High_Plateau,0.6133243330655546,0.6406270307073544,28,-0.001398672
Abies,Lycopus,10,5.5,6.406811866075035,6.853405933037518,4.6720435598225105,7.662724746430014,5.403405933037518,High_Plateau,0.4270603932296798,0.342170884,37,-0.001894321
Abies,Lysimachia,10,5.5,6.951439883195814,7.125719941597907,4.835431964958744,7.880575953278326,5.675719941597907,High_Plateau,0.4663540795212867,0.3301226342640297,26,-0.000771006
Abies,Lythrum,10,5.5,5.369755541,6.334877771,4.360926662421128,7.247902216561505,4.8848777707018805,High_Plateau,0.4831368954337787,0.3474282747728873,24,-0.00166283
Abies,Magnolia,10,5.5,8.971426114335673,8.135713057167836,5.441427834300702,8.688570446,6.6857130571678365,High_Plateau,0.4381734964053194,0.1672380075765031,13,-0.002400279
Abies,Malope,10,5.5,5.063660494836779,6.1818302474183895,4.269098148451034,7.125464197934711,4.731830247,High_Plateau,0.3747809393543109,0.2128678171397406,34,-0.001461199
Abies,Malva,10,5.5,4.965651885446366,6.1328259427231835,4.239695566,7.0862607541785465,4.682825942723183,High_Plateau,0.4044513867207477,0.2803992386055843,35,-0.001317942
Abies,Mandragora,10,5.5,6.457648175565136,6.878824087782568,4.687294452669541,7.683059270226055,5.4288240877825675,High_Plateau,0.3759473745819343,0.1660787502561078,28,-0.002426855
Abies,Marrubium,10,5.5,6.424863205636729,6.862431602818365,4.677458961691019,7.669945282254692,5.412431602818365,High_Plateau,0.4304560160314614,0.3570307013732549,38,-0.001141292
Abies,Marsilea,10,5.5,6.310573583,6.8052867913112305,4.643172074786738,7.624229433048985,5.355286791,High_Plateau,0.5419571709105669,0.407391406,17,-0.000946966
Abies,Matricaria,10,5.5,5.119432599622807,6.2097162998114035,4.285829779886842,7.147773039849123,4.759716299811403,High_Plateau,0.3482911670684951,0.2092961067390055,40,-0.001925027
Abies,Matthiola,10,5.5,5.433443077,6.366721538331085,4.380032922998651,7.2733772306648685,4.916721538331085,High_Plateau,0.4127569607363524,0.2313652701890682,27,-0.001859483
Abies,Medicago,10,5.5,5.2317457389083835,6.265872869454192,4.319523721672515,7.192698295563353,4.815872869454192,High_Plateau,0.394654403,0.2772615804551049,37,-0.001407707
Abies,Melaleuca,10,5.5,8.731875592492479,8.015937796,5.369562677747743,8.592750236996991,6.5659377962462395,High_Plateau,0.3977323538390884,0.1930420391105227,26,-0.001585287
Abies,Melampyrum,10,5.5,4.757146124318428,6.028573062159214,4.177143837295528,7.002858449727372,4.578573062159214,High_Plateau,0.4001687810400386,0.2227651037675326,29,-0.002548667
Abies,Melica,10,5.5,6.3387033968759585,6.819351698437979,4.651611019062788,7.635481358750384,5.369351698437979,High_Plateau,0.7152432284411863,0.8198048001183897,25,-0.001386237
Abies,Melilotus,10,5.5,4.6859996086696345,5.992999804334817,4.155799883,6.974399843467854,4.542999804334817,High_Plateau,0.3908822131196277,0.2778986034515101,38,-0.001218831
Abies,Mentha,10,5.5,6.336140627440942,6.818070313720471,4.650842188232282,7.634456250976378,5.368070313720471,High_Plateau,0.4098688596444227,0.3078216893610343,37,-0.002063686
Abies,Mercurialis,10,5.5,5.977683421394112,6.638841710697056,4.543305026418234,7.491073368557645,5.188841710697057,High_Plateau,0.45358273,0.3375674982152746,30,-0.00132526
Abies,Mesembryanthemum,10,5.5,4.590222973,5.945111486,4.1270668918232065,6.936089189097608,4.495111486372011,High_Plateau,0.406294341,0.1854986654768165,23,-0.001536217
Abies,Micromeria,10,5.5,7.789644869037647,7.5448224345188235,5.086893460711294,8.215857948,6.094822434518823,High_Plateau,0.3218506873467367,0.131661185,37,-0.001442887
Abies,Milium,10,5.5,5.468941637109777,6.384470818554888,4.390682491132933,7.287576654843911,4.934470818554889,High_Plateau,0.6512011222228546,0.7820790569633362,36,-0.001123789
Abies,Minuartia,10,5.5,5.970103937657974,6.6350519688289875,4.5410311812973925,7.488041575,5.185051968828987,High_Plateau,0.4328930873860449,0.2468345011668753,24,-0.001132043
Abies,Mirabilis,10,5.5,6.420367072354953,6.860183536177477,4.676110121706486,7.668146828941982,5.410183536177477,High_Plateau,0.3636808539137161,0.1167481140358195,25,-0.001726552
Abies,Miscanthus,10,5.5,6.366070262128756,6.833035131064378,4.659821078638627,7.646428104851502,5.3830351310643785,High_Plateau,0.5483815504043861,0.5107994255561086,28,-0.001688473
Abies,Misopates,10,5.5,4.532470233,5.916235116606989,4.109741069964194,6.912988093285592,4.466235117,High_Plateau,0.3759215106321632,0.2233111666993423,35,-0.001176344
Abies,Moehringia,10,5.5,6.180102540490432,6.740051270245216,4.604030762147129,7.572041016196173,5.2900512702452165,High_Plateau,0.495821556,0.3974779585662826,27,-0.001776974
Abies,Moenchia,10,5.5,4.636537421963041,5.968268710981521,4.140961226588912,6.954614968785217,4.518268710981521,High_Plateau,0.382486254,0.187149664,29,-0.001296735
Abies,Montia,10,5.5,4.896095023359082,6.098047511679541,4.218828507007725,7.058438009343632,4.648047511679541,High_Plateau,0.4472880501788238,0.2921051836712383,26,-0.001344047
Abies,Moricandia,10,5.5,6.433991582187192,6.866995791093595,4.680197474656158,7.673596632874877,5.416995791093596,High_Plateau,0.3902561662059919,0.2931426193579536,40,-0.001507599
Abies,Morus,10,5.5,8.699453438629366,7.999726719314683,5.359836031588809,8.579781375451747,6.549726719314683,High_Plateau,0.565843487,0.5127935335443493,24,-0.001423214
Abies,Muehlenbeckia,10,5.5,8.040731086793672,7.670365543396835,5.162219326038102,8.316292434717468,6.220365543396836,High_Plateau,0.3772555223985696,0.1766541863371805,29,-0.001126667
Abies,Muscari,10,5.5,6.356109537060394,6.8280547685301975,4.656832861118119,7.6424438148241585,5.378054768530197,High_Plateau,0.5109874170279236,0.4195384266174319,26,-0.001516593
Abies,Myoporum,10,5.5,8.761111306673236,8.030555653336618,5.378333392,8.604444522669294,6.580555653336618,High_Plateau,0.3699635176587927,0.1951768693196507,33,-0.002276567
Abies,Myosotis,10,5.5,5.360956205102655,6.330478102551327,4.358286861530797,7.244382482041062,4.8804781025513275,High_Plateau,0.4116006291462748,0.2209169763844193,26,-0.002277221
Abies,Myriophyllum,10,5.5,6.345399807945373,6.822699903972687,4.653619942383612,7.638159923178149,5.372699903972687,High_Plateau,0.4608999319166445,0.2617745608260301,19,-0.001243348
Abies,Najas,10,5.5,4.729813272719624,6.014906636359812,4.168943981815887,6.991925309,4.564906636359812,High_Plateau,0.5885892018425852,0.5088315294175304,18,-0.000731382
Abies,Narcissus,10,5.5,6.690238587361447,6.995119293680723,4.757071576208434,7.776095435,5.545119293680724,High_Plateau,0.5464178902473189,0.4657665295391638,23,-0.001640047
Abies,Nasturtium,10,5.5,6.391045592,6.8455227958968745,4.667313677538125,7.656418237,5.395522795896875,High_Plateau,0.45628135,0.3429414228533802,30,-0.001208683
Abies,Nepeta,10,5.5,6.275545232,6.787772616,4.632663569534372,7.610218092712496,5.337772616,High_Plateau,0.4594909669263676,0.3987510839609557,36,-0.001585477
Abies,Nicotiana,10,5.5,5.552455675840377,6.426227837920188,4.415736702752113,7.320982270336151,4.976227837920188,High_Plateau,0.4890375837303055,0.3837951034598694,27,-0.00120242
Abies,Nigella,10,5.5,4.823982304696092,6.061991152348046,4.197194691408828,7.029592921878438,4.611991152348047,High_Plateau,0.4349723172816332,0.2263617266810543,21,-0.001263543
Abies,Nonea,10,5.5,4.831946524,6.065973261755765,4.199583957053459,7.0327786094046125,4.615973261755766,High_Plateau,0.3998240430525928,0.1972835862964915,26,-0.001876131
Abies,Nuphar,10,5.5,6.432408468198651,6.8662042340993255,4.679722540459595,7.672963387279461,5.416204234099325,High_Plateau,0.5393667846828161,0.3529991757053234,9,-0.083656799
Abies,Nymphaea,10,5.5,6.242432187688839,6.771216093844419,4.622729656306651,7.596972875075536,5.321216094,High_Plateau,0.5581223060764227,0.3905102184925367,9,-0.083656799
Abies,Nymphoides,10,5.5,6.103176014417285,6.701588007208642,4.580952804325185,7.541270405766914,5.2515880072086425,High_Plateau,0.4915064270693285,0.3805769279517572,26,-0.001518999
Abies,Ocimum,10,5.5,5.468576000464803,6.384288000232401,4.390572800139441,7.287430400185921,4.934288000232401,High_Plateau,0.4281265913397469,0.3195241774716308,34,-0.001286481
Abies,Odontites,10,5.5,5.089033392958009,6.194516696479004,4.276710017887403,7.135613357183203,4.744516696479005,High_Plateau,0.3795056016349444,0.2140757524092147,33,-0.001350143
Abies,Oenanthe,10,5.5,6.175079001697585,6.737539500848793,4.602523700509275,7.570031600679034,5.287539500848792,High_Plateau,0.4485208618885892,0.3521890088935039,33,-0.001763823
Abies,Onobrychis,10,5.5,6.257935253163599,6.7789676265817995,4.627380575949079,7.603174101,5.328967627,High_Plateau,0.4813583320496321,0.4178128517217557,33,-0.001508335
Abies,Ononis,10,5.5,6.2492520386125525,6.774626019306276,4.6247756115837655,7.599700815445021,5.324626019306276,High_Plateau,0.4728654373602572,0.4255430571810993,36,-0.001800638
Abies,Onopordum,10,5.5,4.520045214415001,5.910022607,4.106013564,6.908018085766001,4.460022607207501,High_Plateau,0.3861238801219169,0.2438314336903912,35,-0.001753984
Abies,Ophioglossum,10,5.5,7.063330625,7.181665312,4.868999187441489,7.9253322499219845,5.731665312,High_Plateau,0.458162398,0.1922971139036972,11,-0.009998576
Abies,Ophrys,10,5.5,6.599323001377634,6.949661500688817,4.7297969,7.739729200551054,5.499661500688817,High_Plateau,0.5132537455482156,0.4078032713436404,24,-0.002369312
Abies,Opuntia,10,5.5,8.276170991733986,7.7880854958669925,5.232851297520195,8.410468396693595,6.338085495866993,High_Plateau,0.3912619210472806,0.1884154165596812,27,-0.002060612
Abies,Orchis,10,5.5,6.852874792,7.076437396,4.805862437563034,7.841149916750712,5.626437395938391,High_Plateau,0.5003325430833004,0.3819168014410866,24,-0.002148987
Abies,Origanum,10,5.5,7.708504751249046,7.504252375624523,5.062551425374714,8.183401900499618,6.0542523756245235,High_Plateau,0.4558949186343083,0.4079111602390026,38,-0.00115456
Abies,Ornithogalum,10,5.5,6.597724475507716,6.948862237753858,4.7293173426523145,7.739089790203087,5.498862237753858,High_Plateau,0.5451376413195204,0.479836592,25,-0.002601069
Abies,Ornithopus,10,5.5,4.634017475033862,5.967008737516931,4.1402052425101585,6.9536069900135455,4.517008737516932,High_Plateau,0.4414835538977782,0.3381229131171925,33,-0.001806424
Abies,Orobanche,10,5.5,6.421370048464047,6.860685024232023,4.676411014539214,7.668548019385619,5.4106850242320235,High_Plateau,0.4698165442316399,0.3700280068311188,30,-0.00128966
Abies,Osmunda,10,5.5,6.7001998820184605,7.000099941,4.760059964605539,7.780079952807384,5.550099941009231,High_Plateau,0.5916830527170922,0.4597570426714282,11,-0.012091672
Abies,Osyris,10,5.5,9.354985112905982,8.327492556452992,5.556495533871795,8.841994045162393,6.877492556452991,High_Plateau,0.4408531561022041,0.2548165175594801,23,-0.002537328
Abies,Oxalis,10,5.5,6.359284465076581,6.829642232538291,4.657785339522974,7.643713786030633,5.379642232538291,High_Plateau,0.3686037227132881,0.08550936,20,-0.001783547
Abies,Oxytropis,10,5.5,6.467939888019617,6.8839699440098086,4.6903819664058854,7.687175955207847,5.433969944009808,High_Plateau,0.5132013989954008,0.4814944395131948,33,-0.001485605
Abies,Paeonia,10,5.5,6.8209864933192845,7.060493246659642,4.796295947995786,7.828394597327714,5.610493246659642,High_Plateau,0.5513974432120893,0.4107397598416442,15,-0.005477792
Abies,Pancratium,10,5.5,6.714837180891437,7.0074185904457185,4.764451154267431,7.7859348723565756,5.557418590445719,High_Plateau,0.5345725617372068,0.4502697997360375,24,-0.001513792
Abies,Panicum,10,5.5,5.543872870766337,6.421936435383168,4.413161861229901,7.317549148306535,4.971936435383169,High_Plateau,0.6168455762468592,0.6395460550013758,27,-0.001877252
Abies,Papaver,10,5.5,5.2054231562224755,6.252711578111238,4.311626946866743,7.182169262488991,4.8027115781112375,High_Plateau,0.4431049615574724,0.2271555229111366,19,-0.006097862
Abies,Parapholis,10,5.5,4.822018902,6.061009451150765,4.1966056706904595,7.028807560920612,4.611009451150766,High_Plateau,0.5764358471478405,0.616166017,34,-0.001403119
Abies,Parentucellia,10,5.5,4.757146124318428,6.028573062159214,4.177143837295528,7.002858449727372,4.578573062159214,High_Plateau,0.3879427819621107,0.2227651037675326,32,-0.001520987
Abies,Parietaria,10,5.5,5.185730808442333,6.242865404221167,4.3057192425326996,7.174292323376934,4.792865404221167,High_Plateau,0.4113474507039996,0.2201640068807802,26,-0.001044158
Abies,Paronychia,10,5.5,5.829987169285384,6.564993584642692,4.498996150785615,7.431994867714154,5.114993584642692,High_Plateau,0.4401330094754583,0.2450748960375838,22,-0.002126577
Abies,Paspalum,10,5.5,6.324439628388847,6.812219814194423,4.6473318885166535,7.629775851355539,5.3622198141944235,High_Plateau,0.3417462615359564,0.105720372,29,-0.001550206
Abies,Passiflora,10,5.5,7.732159721092644,7.516079860546322,5.069647916327793,8.192863888437058,6.066079860546322,High_Plateau,0.3899512307203477,0.161115865,24,-0.00195743
Abies,Pelargonium,10,5.5,7.760221084206015,7.5301105421030075,5.078066325261805,8.204088433682406,6.080110542103007,High_Plateau,0.408373626,0.1486288930795246,18,-0.001873955
Abies,Periploca,10,5.5,8.779731972403772,8.039865986201885,5.383919591721131,8.611892788961509,6.589865986201886,High_Plateau,0.5352433053559239,0.5255329869041775,33,-0.001259278
Abies,Persicaria,10,5.5,5.173544642701433,6.236772321350717,4.302063393,7.169417857080573,4.786772321350717,High_Plateau,0.4544158496355738,0.2981483674619307,25,-0.001377862
Abies,Petasites,10,5.5,6.353249318413899,6.826624659206949,4.655974796,7.641299727,5.376624659,High_Plateau,0.4375579812330201,0.3631628144690642,37,-0.001878096
Abies,Petrorhagia,10,5.5,5.026877683955443,6.1634388419777215,4.258063305186633,7.110751073582177,4.713438841977721,High_Plateau,0.3984578812692919,0.2191259485703293,29,-0.001461889
Abies,Petroselinum,10,5.5,4.658962418991675,5.979481209495837,4.147688725697503,6.963584968,4.529481209495838,High_Plateau,0.3555668947917007,0.1826027318525092,35,-0.001180328
Abies,Phacelia,10,5.5,4.904581705133944,6.102290852566972,4.2213745115401835,7.061832682053578,4.652290852566972,High_Plateau,0.3836670899870676,0.1976563409169554,30,-0.000925873
Abies,Phagnalon,10,5.5,8.781978965,8.040989482524106,5.384593689514463,8.612791586019284,6.5909894825241055,High_Plateau,0.3679003692412061,0.2155508359966921,36,-0.001490214
Abies,Phalaris,10,5.5,5.432669065,6.366334533,4.379800719543686,7.273067626058248,4.916334533,High_Plateau,0.5852684588304433,0.6340596787892137,34,-0.002545312
Abies,Phillyrea,10,5.5,8.73992553,8.019962765246245,5.371977659147747,8.595970212196995,6.569962765246245,High_Plateau,0.5509596830721043,0.5158563555690286,28,-0.001191796
Abies,Phlomis,10,5.5,8.206078695711602,7.753039348,5.211823609,8.382431478,6.303039347855801,High_Plateau,0.3334241786144388,0.1466782916296447,36,-0.001889398
Abies,Phoenix,10,5.5,8.762733094188155,8.031366547094077,5.378819928256446,8.605093237675263,6.581366547094078,High_Plateau,0.4363478891440314,0.1959207814578351,17,0.00031334
Abies,Physalis,10,5.5,5.864288458712805,6.582144229356402,4.509286537613841,7.445715383485123,5.132144229356403,High_Plateau,0.498892192,0.4364328461164831,31,-0.001461493
Abies,Physospermum,10,5.5,6.4378693105439355,6.868934655271968,4.681360793163181,7.675147724217574,5.418934655271968,High_Plateau,0.4698103037302549,0.3619271762022833,29,-0.001943803
Abies,Phytolacca,10,5.5,6.698719623683781,6.999359812,4.759615887105134,7.7794878494735125,5.5493598118418905,High_Plateau,0.5279782062511025,0.4208784189976242,22,-0.002692224
Abies,Picris,10,5.5,5.089335524953192,6.1946677624765965,4.276800657485958,7.135734209981277,4.744667762476596,High_Plateau,0.4043074924882101,0.3047805141406556,38,-0.001375591
Abies,Pilosella,10,5.5,6.554809247661301,6.927404624,4.716442774,7.721923699,5.477404623830651,High_Plateau,0.3098452236802797,0.091211271,35,-0.001439734
Abies,Pilularia,10,5.5,6.655825743051738,6.977912871525868,4.746747722915521,7.762330297220695,5.527912871525869,High_Plateau,0.3792341853489568,0.081945435,17,-0.000946966
Abies,Pimpinella,10,5.5,5.953061280815415,6.626530640407708,4.535918384244624,7.4812245123261665,5.176530640407708,High_Plateau,0.4810325561804075,0.3925741758591317,30,-0.001860386
Abies,Pinus,10,5.5,9.259829150198584,8.279914575099292,5.527948745059575,8.803931660079433,6.829914575099292,High_Plateau,0.855296435,0.9785891820634544,6,-0.175598002
Abies,Piptatherum,10,5.5,6.397598438471919,6.848799219235959,4.669279531541576,7.659039375388767,5.3987992192359595,High_Plateau,0.5413086149547982,0.5130339392874006,30,-0.001398615
Abies,Pistacia,10,5.5,8.740935008896606,8.020467504448304,5.372280502668982,8.596374003558642,6.570467504448303,High_Plateau,0.4125276470575765,0.2059773067092282,24,-0.000500474
Abies,Pistorinia,10,5.5,4.488901223,5.894450611404305,4.096670366842583,6.895560489123444,4.444450611404305,High_Plateau,0.3672564967246464,0.074573206,19,-0.001670928
Abies,Pittosporum,10,5.5,8.773786154,8.036893077,5.382135846158288,8.609514461544384,6.5868930769304805,High_Plateau,0.4013021074414856,0.2001352241276762,26,-0.001353676
Abies,Plantago,10,5.5,5.678513417783396,6.489256708891698,4.453554025335019,7.371405367113359,5.039256708891698,High_Plateau,0.4294596003275575,0.3058552868377989,32,-0.001803719
Abies,Platanthera,10,5.5,6.580303121,6.940151560283249,4.724090936,7.7321212482265995,5.49015156,High_Plateau,0.4952794928577482,0.3880970555361706,26,-0.001388979
Abies,Platycapnos,10,5.5,4.488901223,5.894450611404305,4.096670366842583,6.895560489123444,4.444450611404305,High_Plateau,0.3799564346393544,0.074573206,16,0.00204078
Abies,Poa,10,5.5,6.359126942828551,6.829563471414275,4.6577380828485655,7.643650777131421,5.379563471414276,High_Plateau,0.4393182154044914,0.3420317685403855,34,-0.001908196
Abies,Polycarpon,10,5.5,5.063566951805492,6.181783475902746,4.269070085541648,7.125426780722197,4.731783475902747,High_Plateau,0.4254717620973979,0.2241065677628127,23,-0.002801519
Abies,Polycnemum,10,5.5,4.542226134661052,5.921113067330526,4.1126678403983155,6.916890453864421,4.471113067330526,High_Plateau,0.4456232100543366,0.2641581075412858,23,-0.001544739
Abies,Polygala,10,5.5,6.623511993,6.961755996740244,4.737053598044147,7.749404797392196,5.511755996740245,High_Plateau,0.4905563958867159,0.3291091421419529,20,-0.000255724
Abies,Polygonatum,10,5.5,6.673782629744817,6.986891314872409,4.7521347889234455,7.769513051897928,5.536891314872409,High_Plateau,0.5090034701481749,0.4237668384703462,27,-0.001402231
Abies,Polygonum,10,5.5,5.290416295792691,6.2952081478963455,4.337124888737807,7.216166518317077,4.845208147896345,High_Plateau,0.4231225342315751,0.2274468389436828,24,-0.001899263
Abies,Polypodium,10,5.5,6.7216730783428424,7.010836539171422,4.766501923502853,7.788669231337137,5.560836539171421,High_Plateau,0.5231733150272859,0.4193056773016303,23,-0.001781538
Abies,Polypogon,10,5.5,5.669005287,6.4845026434079145,4.450701586044749,7.367602114726332,5.034502643407915,High_Plateau,0.5668262834541633,0.6544603550013837,41,-0.001299214
Abies,Polystichum,10,5.5,6.567587366663693,6.933793683331846,4.720276209999108,7.727034946665477,5.483793683331847,High_Plateau,0.5078281657685095,0.3720993621481879,21,-0.001393235
Abies,Populus,10,5.5,8.183555762378695,7.741777881189348,5.205066728713609,8.373422304951479,6.291777881189348,High_Plateau,0.7037194735517367,0.8049249204821638,26,-0.001128497
Abies,Portulaca,10,5.5,5.129991050751811,6.2149955253759055,4.288997315225544,7.1519964203007245,4.764995525375905,High_Plateau,0.4566638706754318,0.2945007964834071,24,-0.001755687
Abies,Potamogeton,10,5.5,6.341152680536201,6.820576340268101,4.652345804,7.636461072,5.370576340268101,High_Plateau,0.7022568308768043,0.7189031185923385,16,0.003395182
Abies,Potentilla,10,5.5,6.362435821806482,6.831217910903241,4.658730746541945,7.6449743287225935,5.381217910903241,High_Plateau,0.341813973,0.081249026,26,-0.001804032
Abies,Primula,10,5.5,6.2962384130451365,6.798119206522568,4.638871523913541,7.618495365218054,5.3481192065225684,High_Plateau,0.5097616851773232,0.4006421951435357,24,-0.001484535
Abies,Prosopis,10,5.5,8.788379569,8.044189785,5.386513870823624,8.615351827764831,6.594189785,High_Plateau,0.4442209680472678,0.2859794707392878,26,-0.001386303
Abies,Prunella,10,5.5,6.346162676155224,6.823081338077612,4.653848802846567,7.63846507,5.373081338077612,High_Plateau,0.4422166417992427,0.3642024337067059,36,-0.001585477
Abies,Prunus,10,5.5,8.800960692,8.050480346233085,5.390288208,8.620384276986467,6.600480346233085,High_Plateau,0.5624414014563222,0.5142511269076571,25,-0.001636141
Abies,Psidium,10,5.5,8.779669030137816,8.039834515068907,5.383900709041345,8.611867612055127,6.589834515068908,High_Plateau,0.5594482405277008,0.5246559746470841,27,-0.001400208
Abies,Pteris,10,5.5,6.666288749412599,6.983144374706299,4.749886624823779,7.7665155,5.533144375,High_Plateau,0.3748755128205826,0.089779852,19,-0.001513993
Abies,Ptilostemon,10,5.5,6.554884565547524,6.927442282773762,4.716465369664257,7.721953826,5.477442282773762,High_Plateau,0.305645983,0.1075393523511888,38,-0.001784881
Abies,Puccinellia,10,5.5,6.186557977627632,6.743278988813816,4.605967393,7.574623191051053,5.293278988813816,High_Plateau,0.6086136050457378,0.6804585663244201,34,-0.001088288
Abies,Pulicaria,10,5.5,5.287550038037356,6.293775019018678,4.336265011411207,7.215020015214943,4.843775019018678,High_Plateau,0.4201141266739402,0.3199042302362807,36,-0.00111961
Abies,Quercus,10,5.5,8.690113062892829,7.995056531446414,5.357033918867849,8.576045225,6.545056531446415,High_Plateau,0.5622720642497839,0.5056646581066188,24,-0.001493059
Abies,Ranunculus,10,5.5,6.150469021,6.725234511,4.595140706407862,7.560187608543816,5.275234511,High_Plateau,0.3598154024302997,0.09275303,23,-0.002597425
Abies,Raphanus,10,5.5,4.730019590302822,6.0150097951514105,4.1690058770908465,6.992007836121129,4.565009795151411,High_Plateau,0.3642864337246738,0.2167076026986802,37,-0.002317512
Abies,Rapistrum,10,5.5,5.064597957179654,6.182298978589827,4.269379387153896,7.125839182871862,4.732298978589827,High_Plateau,0.3529022947216715,0.2102644618985996,39,-0.001751417
Abies,Reichardia,10,5.5,5.5724248143190875,6.436212407159544,4.421727444295726,7.328969925727636,4.9862124071595435,High_Plateau,0.4174839374365399,0.3393081134223806,39,-0.001153248
Abies,Reseda,10,5.5,5.221486931,6.2607434655825696,4.316446079349542,7.188594772466056,4.810743466,High_Plateau,0.4611270910834544,0.2870479948439707,22,-0.002051255
Abies,Rhamnus,10,5.5,8.856117157385986,8.078058578692993,5.406835147215796,8.642446862954394,6.628058578692993,High_Plateau,0.5396931027451495,0.4604871057601605,24,-0.001394912
Abies,Rhus,10,5.5,8.815195175,8.057597588,5.394558552582859,8.62607807,6.607597588,High_Plateau,0.5817031766813556,0.536200667,23,-0.000957869
Abies,Rhynchospora,10,5.5,6.592105828727193,6.946052914363596,4.727631748618158,7.736842331490877,5.496052914363597,High_Plateau,0.4767342654703234,0.3345475862933057,24,-0.001285688
Abies,Ribes,10,5.5,8.747750035022161,8.023875017511081,5.374325010506649,8.599100014008865,6.573875017511081,High_Plateau,0.5975503498755044,0.5184220766143007,17,-0.000168528
Abies,Robinia,10,5.5,8.800634370139038,8.050317185069519,5.390190311041712,8.620253748055616,6.600317185069519,High_Plateau,0.6033321099996556,0.6289063762104767,29,-0.00162174
Abies,Romulea,10,5.5,6.595623155960454,6.947811577980227,4.728686946788136,7.738249262384182,5.497811577980228,High_Plateau,0.3749413452475912,0.1475091091520244,26,-0.001830723
Abies,Rorippa,10,5.5,5.699458772876072,6.499729386438036,4.459837631862822,7.379783509150429,5.049729386438036,High_Plateau,0.4609847599042599,0.3278952581660911,27,-0.002231432
Abies,Rosa,10,5.5,8.785624827703975,8.042812413851987,5.3856874483111925,8.614249931,6.592812413851988,High_Plateau,0.5701167407278659,0.5296842594117072,25,-0.00204841
Abies,Rostraria,10,5.5,4.713261143357861,6.006630572,4.163978343007358,6.985304457343144,4.556630572,High_Plateau,0.5458159246196703,0.5877998098087063,38,-0.001387748
Abies,Rubia,10,5.5,6.2934238159264835,6.796711907963242,4.638027144777945,7.617369526370593,5.3467119079632415,High_Plateau,0.4986092351719459,0.40314577,27,-0.00223924
Abies,Rubus,10,5.5,8.710943729857657,8.005471864928829,5.3632831189572965,8.584377491943062,6.555471864928829,High_Plateau,0.3694743301782122,0.1200623711828172,24,-0.001458965
Abies,Rudbeckia,10,5.5,6.305781602,6.802890801,4.641734480643584,7.622312640858112,5.352890801,High_Plateau,0.4350214457543204,0.4401798392609057,47,-0.00136967
Abies,Ruellia,10,5.5,6.609717386590908,6.954858693295454,4.732915215977272,7.743886954636363,5.5048586932954535,High_Plateau,0.3281117535280885,0.078398916,29,-0.001288001
Abies,Rumex,10,5.5,6.1723936923477325,6.736196846173867,4.601718108,7.568957476939094,5.286196846173866,High_Plateau,0.4682566972419013,0.3504301267137576,28,-0.00109051
Abies,Ruppia,10,5.5,6.117292283308335,6.708646141654167,4.585187685,7.546916913323335,5.258646141654168,High_Plateau,0.4819998503615554,0.2704805869224394,15,0.001842144
Abies,Ruscus,10,5.5,7.585787608425781,7.442893804,5.025736282527735,8.134315043370313,5.9928938042128905,High_Plateau,0.5257702297771932,0.4491589537778862,26,-0.001791101
Abies,Ruta,10,5.5,6.242445908730218,6.7712229543651095,4.622733772619066,7.596978363492088,5.321222954365109,High_Plateau,0.5007077463922337,0.3905260677369402,25,-0.000347395
Abies,Sagina,10,5.5,5.742920688268736,6.521460344134368,4.4728762064806205,7.397168275307495,5.071460344134368,High_Plateau,0.484995842,0.3758332730815442,27,-0.001810684
Abies,Salicornia,10,5.5,5.155520734134351,6.227760367067175,4.296656220240305,7.162208293653741,4.7777603670671756,High_Plateau,0.4385651693319466,0.2748406219238026,26,-0.002250046
Abies,Salix,10,5.5,8.373800555723607,7.836900277861803,5.2621401667170815,8.449520222289443,6.386900277861804,High_Plateau,0.5521516780233211,0.5017893294253326,26,-0.001128497
Abies,Salsola,10,5.5,6.001653212304812,6.650826606152406,4.550495963691444,7.500661284921925,5.200826606152406,High_Plateau,0.473073138,0.3192147995566957,23,-0.002328918
Abies,Salvia,10,5.5,6.585023292725441,6.942511646,4.725506987817632,7.734009317090177,5.492511646,High_Plateau,0.4541731887458239,0.3636673954193016,33,-0.002632487
Abies,Salvinia,10,5.5,4.642253066280157,5.971126533140078,4.142675919884047,6.956901226512063,4.5211265331400785,High_Plateau,0.4324199279060732,0.1883169202979415,17,-0.000946966
Abies,Sambucus,10,5.5,8.657559131774107,7.978779565887054,5.3472677395322314,8.563023652709642,6.528779565887054,High_Plateau,0.5949330423307155,0.5627496360246587,23,-0.001404058
Abies,Samolus,10,5.5,6.284258069716882,6.792129034858441,4.635277420915065,7.613703227886753,5.342129034858441,High_Plateau,0.5221878899965613,0.4008567302574627,21,-0.001582834
Abies,Santolina,10,5.5,8.748737472867539,8.024368736,5.374621241860261,8.599494989147015,6.574368736,High_Plateau,0.4987204635921336,0.5182006709307441,41,-0.001058993
Abies,Sapindus,10,5.5,8.787315767220061,8.043657883610031,5.386194730166018,8.614926306888025,6.593657883610031,High_Plateau,0.5655035554752912,0.520046495,25,8.557958291073847e-06
Abies,Saponaria,10,5.5,5.787039561753573,6.543519780876786,4.486111868526072,7.414815825,5.093519780876786,High_Plateau,0.478785365,0.371622519,28,-0.001765788
Abies,Sarcocapnos,10,5.5,6.655825743051738,6.977912871525868,4.746747722915521,7.762330297220695,5.527912871525869,High_Plateau,0.3831118177184894,0.081945435,16,-0.003266533
Abies,Satureja,10,5.5,7.042561462,7.171280730787165,4.862768438472299,7.917024584629733,5.721280730787165,High_Plateau,0.4416197742744966,0.3549843760284795,35,-0.002559754
Abies,Saxifraga,10,5.5,6.342676426911742,6.821338213455871,4.652802928073522,7.637070570764697,5.371338213455871,High_Plateau,0.4991013244474575,0.3295982841164335,18,0.00055607
Abies,Scabiosa,10,5.5,5.916272055769225,6.608136027884612,4.5248816167307675,7.466508822,5.158136027884613,High_Plateau,0.4447484945518781,0.2791424119540298,25,-0.003021635
Abies,Scandix,10,5.5,5.432300167194002,6.366150083597001,4.37969005,7.272920066877601,4.916150083597001,High_Plateau,0.4472185388661776,0.3496601918071714,33,-0.002142968
Abies,Schinus,10,5.5,8.755088262227845,8.027544131113922,5.376526478668353,8.602035304891139,6.577544131113923,High_Plateau,0.4147225037490354,0.1942393432184564,22,-0.00205387
Abies,Schismus,10,5.5,4.713261143357861,6.006630572,4.163978343007358,6.985304457343144,4.556630572,High_Plateau,0.582819501,0.5877998098087063,29,-0.001214999
Abies,Schoenoplectus,10,5.5,6.010777325327587,6.6553886626637935,4.553233197598276,7.504310930131036,5.205388662663793,High_Plateau,0.4406784725499063,0.2955218417548713,28,-0.002331333
Abies,Schoenus,10,5.5,6.241993781215019,6.770996891,4.622598134364505,7.596797512486008,5.320996891,High_Plateau,0.6273399296269735,0.6113472218851146,21,-0.002514895
Abies,Scilla,10,5.5,6.7949461296729385,7.047473064836469,4.788483838901882,7.817978451869175,5.5974730648364694,High_Plateau,0.4997642002438487,0.3889967984922451,25,-0.002136511
Abies,Scirpus,10,5.5,6.170909998579245,6.735454999289622,4.601272999573773,7.568363999431698,5.285454999289623,High_Plateau,0.5890846361298282,0.6003581970362086,29,-0.001355583
Abies,Scleranthus,10,5.5,5.421258579587873,6.360629289793936,4.376377573876361,7.268503432,4.9106292897939365,High_Plateau,0.4709212438009882,0.347622486,27,-0.001502729
Abies,Scolymus,10,5.5,5.343153464247774,6.321576732123887,4.352946039274332,7.237261386,4.871576732123887,High_Plateau,0.434626968,0.3408526652149668,35,-0.001829263
Abies,Scorpiurus,10,5.5,4.576822768479723,5.938411384239862,4.123046830543917,6.9307291073918895,4.488411384239862,High_Plateau,0.3200014441312699,0.078734898,31,-0.001879229
Abies,Scorzonera,10,5.5,6.245199339,6.772599669,4.623559801576262,7.598079735435016,5.322599669,High_Plateau,0.4739725473176756,0.4113244990881377,34,-0.001828529
Abies,Scrophularia,10,5.5,6.387909431050778,6.843954715525388,4.666372829315233,7.655163772420311,5.393954715525389,High_Plateau,0.4144408599162263,0.2839656459805023,33,-0.001447028
Abies,Scutellaria,10,5.5,6.391962217202144,6.845981108601071,4.667588665160643,7.656784886880858,5.395981108601072,High_Plateau,0.4425935103497307,0.3321310318967586,32,-0.001843344
Abies,Sedum,10,5.5,6.171952199,6.735976099504114,4.601585659702469,7.568780879603292,5.285976099504115,High_Plateau,0.4809200141304057,0.3100685614737202,20,-0.001416639
Abies,Selaginella,10,5.5,6.292310156194344,6.796155078097172,4.637693046858303,7.616924062477738,5.346155078097173,High_Plateau,0.5244263289624322,0.3302131084434964,11,-0.036939239
Abies,Senecio,10,5.5,6.218989586253707,6.759494793126853,4.615696875876112,7.587595834501483,5.309494793126854,High_Plateau,0.4290598025979005,0.3381233606508285,36,-0.002758503
Abies,Senna,10,5.5,8.018338692366873,7.659169346183436,5.155501607710062,8.307335476946749,6.209169346183437,High_Plateau,0.4176700765204357,0.2248797418225735,25,-0.002492464
Abies,Serapias,10,5.5,6.330492187895491,6.815246093947746,4.649147656368648,7.632196875158197,5.3652460939477455,High_Plateau,0.5320347418721512,0.4123598325264533,20,-0.001725717
Abies,Serratula,10,5.5,6.547798880553419,6.92389944,4.714339664166026,7.719119552221368,5.47389944,High_Plateau,0.4813479696480826,0.4670636606698027,39,-0.001290662
Abies,Sesamoides,10,5.5,6.526198150410959,6.913099075,4.707859445123288,7.710479260164384,5.463099075,High_Plateau,0.3873721778579209,0.1395381683929035,22,-0.002051255
Abies,Seseli,10,5.5,6.205680275172436,6.752840137586218,4.611704083,7.582272110068974,5.302840137586218,High_Plateau,0.3884287431885593,0.2731115430488242,38,-0.001818229
Abies,Setaria,10,5.5,5.070107722227176,6.1850538611135875,4.271032316668153,7.128043088890871,4.735053861113588,High_Plateau,0.5655086357086471,0.5944057006387924,34,-0.001873653
Abies,Sideritis,10,5.5,6.460713402454345,6.880356701227172,4.688214020736304,7.684285360981738,5.430356701227172,High_Plateau,0.2993777608009763,0.086784337,37,-0.001787914
Abies,Silene,10,5.5,5.624758413529205,6.462379206764602,4.437427524058761,7.3499033654116825,5.012379206764603,High_Plateau,0.4849338912474965,0.3674659124600947,26,-0.00168928
Abies,Silybum,10,5.5,4.711964808972219,6.005982404,4.1635894426916655,6.984785923588888,4.555982404,High_Plateau,0.3348859033527333,0.1741643699646997,39,-0.001414871
Abies,Sinapis,10,5.5,4.741922471,6.020961235531875,4.172576741319125,6.996768988425501,4.570961235531875,High_Plateau,0.3455365692885304,0.1955789682486078,39,-0.001981203
Abies,Sisymbrium,10,5.5,4.735617498013049,6.017808749006525,4.170685249403915,6.994246999,4.567808749006525,High_Plateau,0.4018961970134839,0.2342511595795181,30,-0.001608896
Abies,Smilax,10,5.5,7.384099960939323,7.342049980469661,4.965229988281797,8.053639984,5.892049980469661,High_Plateau,0.4173906833871356,0.1666871966521213,18,-0.001994903
Abies,Smyrnium,10,5.5,4.6704171986152465,5.985208599307623,4.1511251595845735,6.968166879446098,4.535208599307623,High_Plateau,0.3627359424795556,0.1805154932157978,33,-0.001245439
Abies,Solanum,10,5.5,6.566595115064189,6.933297557532095,4.719978534519257,7.726638046025675,5.483297557532095,High_Plateau,0.4961629147524661,0.4309742925034595,31,-0.001461493
Abies,Solidago,10,5.5,6.254236017243134,6.777118008621567,4.626270805,7.601694406897254,5.327118008621567,High_Plateau,0.4157753130716948,0.3935808604647506,46,-0.001931994
Abies,Sonchus,10,5.5,5.227779224442314,6.263889612221156,4.318333767332694,7.191111689776926,4.813889612221157,High_Plateau,0.4156366820883408,0.319328852,37,-0.001921273
Abies,Sorghum,10,5.5,5.5854592480504985,6.442729624025249,4.425637774,7.334183699220199,4.992729624,High_Plateau,0.4631519755070142,0.3403187202330959,28,-0.001580695
Abies,Sparganium,10,5.5,6.339265835496684,6.819632917748342,4.6517797506490055,7.635706334198674,5.369632917748342,High_Plateau,0.6998710472371976,0.7229921596070303,17,0.000188031
Abies,Spergula,10,5.5,4.862705271663085,6.081352635831543,4.208811581498925,7.045082108665234,4.631352635831543,High_Plateau,0.3930364275780654,0.1837271347392068,26,-0.001970028
Abies,Spergularia,10,5.5,5.363471829964499,6.331735914982249,4.3590415489893495,7.245388732,4.881735914982249,High_Plateau,0.4120799756460028,0.2053883159205296,24,-0.002032234
Abies,Sphaeralcea,10,5.5,6.343851917987307,6.821925958993654,4.653155575396192,7.637540767194923,5.371925958993653,High_Plateau,0.4388687311635188,0.3330779164348208,33,-0.002729668
Abies,Spiraea,10,5.5,8.786286292000511,8.043143146000256,5.385885887600153,8.614514516800204,6.593143146000256,High_Plateau,0.5747215753163852,0.5224930384025545,23,-0.00223574
Abies,Spiranthes,10,5.5,6.752748895744596,7.026374447872298,4.775824668723379,7.801099558297839,5.576374447872299,High_Plateau,0.5111328473103205,0.4115107178040457,25,-0.001019636
Abies,Sporobolus,10,5.5,6.209342516980353,6.754671258490177,4.612802755094106,7.583737006792141,5.304671258490177,High_Plateau,0.6353835735779232,0.6849863365423136,28,-0.002602796
Abies,Stachys,10,5.5,6.1768492299886155,6.738424614994308,4.603054768996585,7.570739691995446,5.288424614994308,High_Plateau,0.4257444211153552,0.3313895547633227,36,-0.002243289
Abies,Staehelina,10,5.5,8.870605453735614,8.085302726867807,5.411181636120684,8.648242181494245,6.635302726867807,High_Plateau,0.3464069318205119,0.1561469676366876,34,-0.001597027
Abies,Stellaria,10,5.5,5.736950768652799,6.518475384,4.471085231,7.3947803074611205,5.068475384326399,High_Plateau,0.4637728431849538,0.3415381007871853,28,-0.001468921
Abies,Sternbergia,10,5.5,6.737897493197755,7.018948746598877,4.771369247959326,7.795158997279103,5.568948746598878,High_Plateau,0.5495455510350024,0.4802157783316286,24,-0.001513792
Abies,Stipa,10,5.5,6.437243300618852,6.868621650309426,4.681172990185655,7.674897320247541,5.418621650309426,High_Plateau,0.6323226811000663,0.6869405187432721,29,-0.001886742
Abies,Stipagrostis,10,5.5,6.397598438471919,6.848799219235959,4.669279531541576,7.659039375388767,5.3987992192359595,High_Plateau,0.5781569505363668,0.5130339392874006,21,-0.002778273
Abies,Suaeda,10,5.5,5.929830675539634,6.614915337769817,4.528949203,7.471932270215854,5.164915337769817,High_Plateau,0.4842630132460339,0.3580161063024256,25,-0.00224492
Abies,Succisa,10,5.5,6.431479275506118,6.865739637753059,4.679443782651836,7.672591710202447,5.4157396377530596,High_Plateau,0.4747379369737156,0.3471122061467052,26,-0.001880291
Abies,Succowia,10,5.5,4.594444336649158,5.947222168324579,4.128333300994747,6.937777734659663,4.497222168324579,High_Plateau,0.4024918796257165,0.1861568966837023,24,-0.001756098
Abies,Taeniatherum,10,5.5,6.397829768336357,6.848914884168178,4.669348930500907,7.659131907334543,5.398914884168178,High_Plateau,0.5203219442067936,0.5121560794773893,35,-0.001396572
Abies,Tagetes,10,5.5,4.482824909,5.891412455,4.094847472759688,6.893129963679584,4.4414124545994795,High_Plateau,0.2932736852444702,0.074497898,37,-0.001396473
Abies,Tamarix,10,5.5,8.778135802848476,8.039067901424238,5.383440740854542,8.611254321139391,6.589067901424238,High_Plateau,0.4212628823900847,0.198766437,21,-0.000381443
Abies,Tanacetum,10,5.5,6.285767553674954,6.792883776837477,4.635730266102486,7.6143070214699815,5.342883776837477,High_Plateau,0.4686830886029998,0.4252781013486439,37,-0.001203456
Abies,Taraxacum,10,5.5,6.437152133,6.868576066373305,4.681145639823983,7.674860853098645,5.418576066373305,High_Plateau,0.3100277344423807,0.091651534,35,-0.001815941
Abies,Taxus,10,5.5,9.032146115,8.166073057545415,5.459643834527249,8.712858446036332,6.716073057545415,High_Plateau,0.8344016034164707,0.8614971141705593,6,0.2009140249557455
Abies,Terminalia,10,5.5,8.87701069,8.088505345,5.413103206899368,8.650804275865823,6.638505345,High_Plateau,0.434287184,0.2167007262420473,20,-0.000905761
Abies,Teucrium,10,5.5,7.6687513067604325,7.484375653380216,5.050625392028129,8.167500522704174,6.034375653380216,High_Plateau,0.4763597032702131,0.3995773285602865,32,-0.001412898
Abies,Thalictrum,10,5.5,6.339574291363239,6.8197871456816195,4.651872287408972,7.635829716545295,5.369787146,High_Plateau,0.5248765609014702,0.3815779658127309,18,-0.001589973
Abies,Thapsia,10,5.5,6.4378693105439355,6.868934655271968,4.681360793163181,7.675147724217574,5.418934655271968,High_Plateau,0.4410580244493814,0.3619271762022833,36,-0.001795363
Abies,Thelypteris,10,5.5,6.497731586031095,6.898865793015547,4.699319475809329,7.6990926344124375,5.448865793015548,High_Plateau,0.5111082567089188,0.3787719136829419,21,-0.001955084
Abies,Themeda,10,5.5,6.397598438471919,6.848799219235959,4.669279531541576,7.659039375388767,5.3987992192359595,High_Plateau,0.5330859493798541,0.5130339392874006,32,-0.00143349
Abies,Thesium,10,5.5,6.200352026998659,6.750176013499329,4.610105608099598,7.580140810799463,5.300176013,High_Plateau,0.5346037859353251,0.4088313565661042,19,0.000511214
Abies,Thunbergia,10,5.5,6.479664565,6.889832282745865,4.693899369647519,7.691865826196692,5.439832282745865,High_Plateau,0.4441909025409669,0.3023380355030333,28,-0.001288001
Abies,Thymelaea,10,5.5,8.099635914383281,7.699817957191641,5.179890774314984,8.339854365753313,6.249817957191641,High_Plateau,0.5195573144192623,0.4119535002040698,23,-0.001180658
Abies,Thymus,10,5.5,7.782747038,7.541373519059849,5.0848241114359105,8.213098815,6.091373519,High_Plateau,0.470214747,0.4365508174655759,38,-0.00115456
Abies,Tilia,10,5.5,8.941410939733746,8.120705469866873,5.432423281920124,8.676564375893498,6.670705469866873,High_Plateau,0.5538924986459054,0.5135408441028634,27,-0.001381974
Abies,Tolpis,10,5.5,5.574668659966737,6.4373343299833685,4.422400597990022,7.3298674639866945,4.987334329983369,High_Plateau,0.4372807431892979,0.3625296764431501,37,-0.001484786
Abies,Tordylium,10,5.5,4.658962418991675,5.979481209495837,4.147688725697503,6.963584968,4.529481209495838,High_Plateau,0.3472753434095199,0.1826027318525092,37,-0.001904061
Abies,Torilis,10,5.5,4.618000075012468,5.959000037506234,4.135400023,6.947200030004987,4.509000037506234,High_Plateau,0.3605178517586319,0.1927334861489831,35,-0.00232453
Abies,Trachelium,10,5.5,6.655825743051738,6.977912871525868,4.746747722915521,7.762330297220695,5.527912871525869,High_Plateau,0.3298806339693008,0.081945435,29,-0.001331795
Abies,Tradescantia,10,5.5,6.665064109108944,6.982532054554472,4.749519232732683,7.766025643643578,5.532532054554473,High_Plateau,0.5770312886734916,0.494176571,19,-0.001939833
Abies,Tragopogon,10,5.5,4.904215458627516,6.102107729313758,4.221264637588255,7.061686183451007,4.652107729313759,High_Plateau,0.4156169024626298,0.2946132093780462,34,-0.001828529
Abies,Tragus,10,5.5,4.822018902301529,6.061009451150765,4.196605670690459,7.028807560920612,4.611009451150765,High_Plateau,0.584568058,0.6161660167980259,32,-0.002272789
Abies,Trifolium,10,5.5,5.315628819748964,6.3078144098744815,4.344688645924689,7.226251527899586,4.857814409874482,High_Plateau,0.4022676983440497,0.2762168750405509,35,-0.002243008
Abies,Triglochin,10,5.5,6.1441273328992345,6.722063666449618,4.5932382,7.557650933159694,5.272063666449617,High_Plateau,0.6409667761002247,0.5974203708133382,16,-0.002091627
Abies,Trigonella,10,5.5,4.584787059771044,5.942393529885521,4.125436117931313,6.933914823908418,4.492393529885522,High_Plateau,0.3907186874386624,0.2775715520895796,38,-0.001218831
Abies,Trisetum,10,5.5,6.187693165885301,6.743846583,4.60630795,7.575077266354121,5.293846582942651,High_Plateau,0.4452212539754331,0.3866955206072829,38,-0.001813008
Abies,Triticum,10,5.5,4.823465779570908,6.061732889785453,4.197039733871272,7.029386311828363,4.611732889785454,High_Plateau,0.4383815873436186,0.3564512258256014,36,-0.001179982
Abies,Tuberaria,10,5.5,5.870160571444691,6.585080285722345,4.511048171433407,7.448064228577877,5.135080285722346,High_Plateau,0.4622110228974921,0.3299189125072436,27,-8.71E-05
Abies,Tulipa,10,5.5,6.876409925212483,7.088204962606241,4.812922977563745,7.850563970084993,5.638204962606242,High_Plateau,0.4894345119316714,0.3599601052259074,24,-0.001345818
Abies,Typha,10,5.5,6.368666401223518,6.834333200611759,4.660599920367055,7.647466560489407,5.384333200611759,High_Plateau,0.6873378808058574,0.697925827,17,0.000188031
Abies,Ulex,10,5.5,8.927446125740492,8.113723062870246,5.428233837722147,8.670978450296197,6.663723062870246,High_Plateau,0.5953020234474009,0.6045211159523041,28,-0.001092195
Abies,Ulmus,10,5.5,8.699597799906718,7.999798899953358,5.359879339972015,8.579839119962687,6.549798899953359,High_Plateau,0.5675126240971251,0.5080121755625506,23,-0.001920938
Abies,Umbilicus,10,5.5,6.330492187895491,6.815246093947746,4.649147656368648,7.632196875158197,5.3652460939477455,High_Plateau,0.5238250359279373,0.4123598325264533,22,-0.001630995
Abies,Urospermum,10,5.5,5.343153464247774,6.321576732123887,4.352946039274332,7.237261386,4.871576732123887,High_Plateau,0.4305480835177857,0.3408526652149668,36,-0.001522217
Abies,Urtica,10,5.5,5.6060109583284845,6.453005479164242,4.431803287498545,7.3424043833313934,5.003005479164242,High_Plateau,0.4208959780360173,0.2392610615448154,26,-0.001044158
Abies,Utricularia,10,5.5,6.110598695722627,6.705299347861313,4.583179608716788,7.544239478,5.255299347861314,High_Plateau,0.4595461599607753,0.3166654768905469,26,-0.001564415
Abies,Valantia,10,5.5,5.165215724215575,6.232607862107788,4.299564717264673,7.1660862896862305,4.782607862107788,High_Plateau,0.427432055,0.2770396149096777,29,-0.001288486
Abies,Verbascum,10,5.5,4.8752898990651365,6.087644949532568,4.212586969719541,7.050115959626055,4.637644949532568,High_Plateau,0.4104646597740862,0.2841921533101297,34,-0.001245676
Abies,Verbesina,10,5.5,5.979149036865381,6.639574518,4.543744711059614,7.491659614746153,5.189574518432691,High_Plateau,0.2824589637693204,0.110363119,44,-0.00119856
Abies,Veronica,10,5.5,5.6362374409262594,6.46811872,4.440871232277878,7.354494976370503,5.01811872,High_Plateau,0.4243155533706875,0.295451207,32,-0.001223787
Abies,Viburnum,10,5.5,8.965642447517922,8.132821223758961,5.4396927342553765,8.686256979007169,6.682821223758961,High_Plateau,0.549472238,0.4718280274107638,23,-0.001404058
Abies,Vicia,10,5.5,5.308747928642627,6.3043739643213135,4.342624378592788,7.223499171457052,4.854373964321313,High_Plateau,0.4617329595892125,0.3950012398193344,35,-0.00151222
Abies,Vigna,10,5.5,5.452890463804279,6.376445232,4.385867139141284,7.281156185521712,4.9264452319021395,High_Plateau,0.4701839511512855,0.3873204667500061,32,-0.00188611
Abies,Vinca,10,5.5,6.445510796207845,6.872755398103923,4.6836532388623535,7.678204318483138,5.422755398103923,High_Plateau,0.4491858088975108,0.3041761356306769,27,-0.001625329
Abies,Vincetoxicum,10,5.5,6.657578718985553,6.978789359492776,4.747273615695666,7.763031487594221,5.528789359492777,High_Plateau,0.4370549570065138,0.3373807923709304,34,-0.001285899
Abies,Viscum,10,5.5,9.354985112905982,8.327492556452992,5.556495533871795,8.841994045162393,6.877492556452991,High_Plateau,0.4409077830450903,0.2548165175594808,23,-0.001991059
Abies,Wisteria,10,5.5,8.839584201496317,8.069792100748158,5.401875260448895,8.635833680598527,6.619792100748159,High_Plateau,0.5918431326276273,0.606104195,29,-0.002500609
Abies,Withania,10,5.5,8.903276496,8.101638248,5.420982948926731,8.661310598568976,6.651638248,High_Plateau,0.4453977043494317,0.2966896865842849,27,-0.002074129
Abies,Wolffia,10,5.5,6.488340152,6.894170076190555,4.6965020457143325,7.695336060952444,5.444170076190556,High_Plateau,0.4631468303824069,0.2667998723430818,19,-0.003900921
Abies,Xanthium,10,5.5,4.666785195170227,5.983392597585113,4.1500355585510675,6.966714078,4.533392597585113,High_Plateau,0.4784234972082193,0.5023490271913387,44,-0.001482767
Abies,Xeranthemum,10,5.5,4.630933218377019,5.965466609,4.139279965513106,6.952373287350808,4.515466609188509,High_Plateau,0.362838224,0.1890988215329779,34,-0.002043372
Abies,Yucca,10,5.5,7.217412195845615,7.258706097922808,4.915223658753684,7.986964878338246,5.808706097922808,High_Plateau,0.3735196891255528,0.1527811293192854,27,-0.001311495
Abies,Zinnia,10,5.5,4.711657804957104,6.005828902478552,4.1634973414871315,6.984663121982842,4.555828902478552,High_Plateau,0.3196109863646653,0.1764932803017431,43,-0.001425031
Abies,Ziziphora,10,5.5,4.637183537119447,5.968591768559723,4.141155061135834,6.954873414847778,4.518591768559723,High_Plateau,0.3389377475267622,0.1823207530682891,39,-0.001678345
Abies,Ziziphus,10,5.5,8.764107317111149,8.032053658555574,5.379232195133344,8.605642927,6.582053658555575,High_Plateau,0.415550931,0.1958919556384643,22,-0.002032663
Abutilon,Acacia,10,5.5,7.005887265048888,7.152943632524444,4.851766179514666,7.902354906019555,5.702943632524445,High_Plateau,0.6026615020920414,0.6031061697482485,26,-0.002614458
Abutilon,Acanthus,10,5.5,4.636253252561991,5.968126626280995,4.140875975768597,6.954501301024797,4.518126626280996,High_Plateau,0.6362176626566677,0.7604356932300703,37,-0.001645675
Abutilon,Acer,10,5.5,6.880740370456284,7.090370185228142,4.8142221111368855,7.852296148182514,5.640370185228142,High_Plateau,0.5034262363351664,0.3373165305593736,18,0.005213957
Abutilon,Achillea,10,5.5,4.460024924,5.880012462017024,4.088007477210215,6.88400997,4.430012462017025,High_Plateau,0.6081289383585583,0.8110565429527558,50,-0.001390591
Abutilon,Achnatherum,10,5.5,4.482516232659973,5.891258116329986,4.094754869797992,6.893006493063989,4.441258116329987,High_Plateau,0.3398598475130823,0.1512122437506858,35,-0.00129836
Abutilon,Achyranthes,10,5.5,5.795047597995859,6.547523798997929,4.488514279398758,7.418019039198343,5.097523799,High_Plateau,0.3982247372207279,0.2680689261323854,35,-0.001932875
Abutilon,Adenocarpus,10,5.5,7.1074127510647385,7.203706375532369,4.8822238253194215,7.942965100425896,5.753706375532369,High_Plateau,0.6830075350005709,0.821149063,33,-0.001697361
Abutilon,Adiantum,10,5.5,4.757305493119266,6.028652746559633,4.177191648,7.002922197247706,4.578652746559634,High_Plateau,0.4637199429595063,0.4319519463457671,39,-0.002012357
Abutilon,Adonis,10,5.5,4.132647413812878,5.716323706906438,3.9897942241438633,6.753058965525151,4.266323706906439,High_Plateau,0.6582305964615991,0.738680309,29,-0.00150654
Abutilon,Aegilops,10,5.5,3.2945170182031602,5.297258509,3.738355105460948,6.417806807281265,3.8472585091015805,High_Plateau,0.4658322368582265,0.5264781684735323,50,-0.001465734
Abutilon,Aeluropus,10,5.5,5.128727192860241,6.214363596,4.288618157858072,7.151490877144097,4.764363596430121,High_Plateau,0.346946323,0.2396449482544426,44,-0.002734113
Abutilon,Aeonium,10,5.5,6.930209934,7.1151049671195405,4.829062980271724,7.8720839736956325,5.665104967,High_Plateau,0.3380886396341955,0.1066373130141243,30,-0.001615237
Abutilon,Aesculus,10,5.5,6.956987986637538,7.128493993318768,4.837096395991262,7.882795194655015,5.678493993318769,High_Plateau,0.6905038104850373,0.7114716788591156,18,0.005213957
Abutilon,Agave,10,5.5,4.404000943841157,5.8520004719205785,4.071200283152347,6.861600377536464,4.402000471920578,High_Plateau,0.6335848602970522,0.7880464235524718,41,-0.001643789
Abutilon,Ageratina,10,5.5,5.9709432008233385,6.6354716,4.541282960247002,7.488377280329336,5.185471600411669,High_Plateau,0.2956800619785887,0.1699363106907376,48,-0.002469975
Abutilon,Agrimonia,10,5.5,4.615105113049468,5.957552556524734,4.134531534,6.946042045219787,4.507552556524734,High_Plateau,0.665103484,0.7524704463395282,29,-0.001728353
Abutilon,Agropyron,10,5.5,4.961645805935589,6.130822902967795,4.238493741780677,7.084658322374236,4.680822902967795,High_Plateau,0.3192808699228087,0.2087832394367934,47,-0.001792429
Abutilon,Agrostemma,10,5.5,3.1156317944552585,5.207815897227629,3.6846895383365776,6.346252717782104,3.7578158972276294,High_Plateau,0.660230826,0.7919887341333542,35,-0.00147103
Abutilon,Agrostis,10,5.5,4.732481134658829,6.016240567329414,4.169744340397648,6.992992453863532,4.566240567329414,High_Plateau,0.5314834243203712,0.6251025354245451,46,-0.002459256
Abutilon,Aira,10,5.5,3.2326728312532884,5.266336415626644,3.7198018493759863,6.393069132501315,3.8163364156266444,High_Plateau,0.5014025777767718,0.5565111543495598,45,-0.001406706
Abutilon,Ajuga,10,5.5,4.441904125210634,5.870952062605317,4.082571238,6.876761650084253,4.420952062605317,High_Plateau,0.6342986701522071,0.789410701,41,-0.001327075
Abutilon,Albizia,10,5.5,6.883495627583924,7.091747813791962,4.815048688275177,7.853398251033569,5.641747813791962,High_Plateau,0.5668166825292195,0.5723100004238606,31,-0.001602355
Abutilon,Alcea,10,5.5,4.934846386364226,6.117423193182113,4.230453915909267,7.073938554545691,4.667423193182113,High_Plateau,0.8804697432801887,0.970571181,7,0.1573209805384503
Abutilon,Alchemilla,10,5.5,5.1210508481628825,6.210525424081441,4.286315254448865,7.148420339265153,4.760525424081441,High_Plateau,0.599477812,0.645814239,32,-0.001416362
Abutilon,Alisma,10,5.5,5.0053668159561875,6.152683407978094,4.251610044786856,7.102146726382475,4.702683407978094,High_Plateau,0.4843529092846574,0.4238108404471905,33,-0.001552507
Abutilon,Alkanna,10,5.5,4.278749226252131,5.789374613126066,4.033624767875639,6.8114996905008525,4.339374613126066,High_Plateau,0.4583466615031595,0.363918266,32,-0.003248003
Abutilon,Allium,10,5.5,4.551328439420749,5.925664219710375,4.115398531826225,6.9205313757683005,4.475664219710374,High_Plateau,0.6291505952563687,0.7301918587551338,35,-0.003288958
Abutilon,Allocasuarina,10,5.5,6.942556018372034,7.1212780091860175,4.832766805511611,7.877022407348814,5.671278009186017,High_Plateau,0.3696680124627811,0.1618085688113894,29,-0.002773678
Abutilon,Alnus,10,5.5,6.900818434834629,7.100409217417314,4.820245530450388,7.860327373933852,5.650409217417314,High_Plateau,0.4894337078544202,0.4012502226386225,29,-0.002324994
Abutilon,Aloe,10,5.5,5.939901161615664,6.619950580807831,4.531970348484699,7.475960464646265,5.169950580807832,High_Plateau,0.3241593407076454,0.1445828011448736,38,-0.001868544
Abutilon,Alopecurus,10,5.5,4.513865127250993,5.906932563625496,4.104159538175297,6.905546050900398,4.456932563625497,High_Plateau,0.5067700790116563,0.6085050199557743,50,-0.00222157
Abutilon,Alternanthera,10,5.5,4.458966572438081,5.879483286,4.087689971731424,6.883586628975232,4.429483286219041,High_Plateau,0.3920276629592788,0.263980617,36,-0.00236618
Abutilon,Althaea,10,5.5,4.191937011191177,5.745968505595588,4.007581103357353,6.776774804476471,4.295968505595589,High_Plateau,0.8620040841767147,0.9726214772611184,7,-0.037587092
Abutilon,Alyssum,10,5.5,4.069056052453692,5.684528026226846,3.9707168157361075,6.7276224209814774,4.234528026226846,High_Plateau,0.6990908123833842,0.7960008827789341,26,-0.00279492
Abutilon,Amaranthus,10,5.5,3.1521869018402744,5.226093450920137,3.695656070552082,6.360874761,3.776093450920137,High_Plateau,0.5907207607948506,0.6284338217318609,32,-0.002084788
Abutilon,Amelanchier,10,5.5,6.923069443188004,7.111534721594002,4.826920832956401,7.869227777275202,5.661534721594002,High_Plateau,0.6794758724385273,0.7977231811437637,31,-0.002076359
Abutilon,Ammi,10,5.5,3.1621553263278264,5.231077663163913,3.698646597898348,6.364862130531131,3.7810776631639134,High_Plateau,0.633894193,0.7969158814149446,42,-0.001801864
Abutilon,Amorpha,10,5.5,7.111168454108745,7.205584227054373,4.883350536232624,7.9444673816434985,5.7555842270543724,High_Plateau,0.699651177,0.8216835935612302,29,-0.002317153
Abutilon,Anabasis,10,5.5,6.883082199108117,7.091541099554059,4.814924659732435,7.853232879643247,5.6415410995540585,High_Plateau,0.3281364192122368,0.1196187596579071,34,-0.001661113
Abutilon,Anacyclus,10,5.5,3.6225209795866817,5.461260489793341,3.8367562938760047,6.549008391834673,4.011260489793341,High_Plateau,0.4320747884886599,0.4589482432129591,50,-0.001390591
Abutilon,Anarrhinum,10,5.5,3.982725034,5.6413625168612995,3.94481751,6.693090013489041,4.191362517,High_Plateau,0.6613944085337606,0.8272791427434246,39,-0.001903683
Abutilon,Anchusa,10,5.5,3.8871063809504935,5.593553190475246,3.916131914285148,6.654842552380197,4.143553190475247,High_Plateau,0.6691640922006561,0.8098657952588308,35,-0.001523671
Abutilon,Andropogon,10,5.5,5.060614762459612,6.180307381229806,4.268184428737884,7.1242459049838445,4.730307381229807,High_Plateau,0.3496362712791245,0.2531388439478883,45,-0.002208219
Abutilon,Androsace,10,5.5,3.6332209794917794,5.466610489745889,3.839966293847534,6.553288391796712,4.01661049,High_Plateau,0.6901551118224949,0.8191313580583928,31,-0.00232485
Abutilon,Andryala,10,5.5,3.95755473,5.628777364766845,3.9372664188601068,6.6830218918134765,4.178777364766845,High_Plateau,0.5035308743056169,0.5444074713832505,43,-0.001797107
Abutilon,Anemone,10,5.5,4.5393895785109715,5.919694789255486,4.111816873553291,6.915755831404389,4.469694789255486,High_Plateau,0.5926720808811095,0.6405997461978594,33,-0.002305319
Abutilon,Anthemis,10,5.5,4.098428354053945,5.699214177026972,3.9795285062161834,6.7393713416215775,4.249214177026973,High_Plateau,0.6091965803180815,0.8050352713989958,49,-0.001703704
Abutilon,Anthericum,10,5.5,4.902954694067499,6.101477347033749,4.220886408,7.061181878,4.651477347033749,High_Plateau,0.6364825623525913,0.7775353140499294,39,-0.002303002
Abutilon,Anthoxanthum,10,5.5,4.1629237927984075,5.731461896399203,3.9988771378395223,6.765169517119363,4.281461896399204,High_Plateau,0.4896309197400075,0.5987391372475996,53,-0.001496078
Abutilon,Anthriscus,10,5.5,3.735821366373872,5.517910683186936,3.8707464099121616,6.594328547,4.067910683186936,High_Plateau,0.6388256846297012,0.8149785971227989,43,-0.001704632
Abutilon,Anthyllis,10,5.5,5.957588805,6.628794402,4.537276641458438,7.4830355219445845,5.178794402,High_Plateau,0.6781489608499793,0.8525803076442798,38,-0.001959875
Abutilon,Antinoria,10,5.5,3.6494338890738645,5.474716944536932,3.8448301667221596,6.559773555629546,4.024716944536932,High_Plateau,0.3863824617226484,0.2443417566142925,35,-0.001719782
Abutilon,Antirrhinum,10,5.5,4.387201864559054,5.843600932279527,4.066160559367717,6.854880745823621,4.3936009322795275,High_Plateau,0.6212874022205299,0.7716887077502831,42,-0.0017339
Abutilon,Aphanes,10,5.5,2.8184133935812694,5.059206696790635,3.595524018074381,6.227365357432507,3.609206696790635,High_Plateau,0.472613329,0.392085273,32,-0.001416362
Abutilon,Apium,10,5.5,3.715210626671819,5.507605313335909,3.8645631880015454,6.586084250668728,4.057605313,High_Plateau,0.6421942469523169,0.780695789,38,-0.002084422
Abutilon,Arabidopsis,10,5.5,2.915359213193751,5.107679606596875,3.6246077639581253,6.266143685,3.6576796065968757,High_Plateau,0.6599254310833894,0.7338070827460331,28,-0.001287952
Abutilon,Arabis,10,5.5,4.069904534,5.684952267,3.970971360319706,6.727961813759608,4.234952267,High_Plateau,0.5394387507378033,0.4600514686126045,24,-0.001760247
Abutilon,Arbutus,10,5.5,6.871291512640578,7.0856457563202895,4.8113874537921735,7.848516605056231,5.635645756320289,High_Plateau,0.4971285880763011,0.4494199543746965,33,-0.001841288
Abutilon,Arceuthobium,10,5.5,5.018954700439666,6.159477350219833,4.25568641,7.107581880175866,4.709477350219833,High_Plateau,0.3585459740195076,0.1640361831903468,32,-0.001844463
Abutilon,Arenaria,10,5.5,3.6327064792218966,5.466353239610948,3.839811943766569,6.553082591688758,4.0163532396109485,High_Plateau,0.6851545727283987,0.8171984786901185,32,-0.001569954
Abutilon,Argyrolobium,10,5.5,5.9047229,6.60236145,4.52141687,7.46188916,5.15236145,High_Plateau,0.591068031,0.5799227628446141,26,-0.00263213
Abutilon,Arisaema,10,5.5,4.730210784,6.015105392,4.1690632353399675,6.9920843137866235,4.565105392,High_Plateau,0.4812187019341248,0.4258147805485374,34,-0.00181839
Abutilon,Arisarum,10,5.5,4.811842692504535,6.055921346252267,4.193552808,7.024737077001815,4.605921346252268,High_Plateau,0.6432176483304515,0.7253701041626865,31,-0.002893216
Abutilon,Aristida,10,5.5,4.132477599,5.7162388,3.9897432797260457,6.752991039634728,4.266238799543411,High_Plateau,0.5525299176654458,0.6180966182868947,40,-0.003540079
Abutilon,Aristolochia,10,5.5,5.300142408774651,6.300071204387326,4.340042722632395,7.220056964,4.8500712043873255,High_Plateau,0.7033887444680553,0.8042284719612411,26,-0.000953545
Abutilon,Armeria,10,5.5,5.4010904561304285,6.350545228065214,4.370327136839128,7.260436182452171,4.900545228065214,High_Plateau,0.6743471665636569,0.7873696921887156,31,-0.001595973
Abutilon,Arrhenatherum,10,5.5,4.601971258917532,5.950985629458765,4.130591377675259,6.940788503567013,4.500985629458766,High_Plateau,0.4533988806649845,0.5098397309973351,51,-0.001511218
Abutilon,Artemisia,10,5.5,4.971416090504053,6.135708045252026,4.241424827151215,7.088566436201621,4.685708045252026,High_Plateau,0.4952325171630979,0.527959879,43,-0.002542719
Abutilon,Arum,10,5.5,4.762144663572244,6.031072331786122,4.178643399071674,7.004857865428898,4.581072331786123,High_Plateau,0.6371539690924553,0.7458676638627841,35,-0.001634245
Abutilon,Arundo,10,5.5,4.424583443668869,5.862291721834435,4.077375033100661,6.869833377467548,4.412291721834435,High_Plateau,0.3261396617577328,0.1566877972250238,39,-0.001494423
Abutilon,Asparagus,10,5.5,4.349954562901138,5.824977281450568,4.054986368870341,6.839981825160455,4.374977281450569,High_Plateau,0.649888895,0.8044589161534639,39,-0.002857682
Abutilon,Asperula,10,5.5,4.670996545288625,5.985498272644312,4.151298963586587,6.968398618,4.535498272644313,High_Plateau,0.6427219213827443,0.7653293608049766,36,-0.002167316
Abutilon,Asphodeline,10,5.5,4.691445897132336,5.9957229485661685,4.1574337691397005,6.976578358852935,4.545722948566168,High_Plateau,0.6424264699522723,0.764938494,36,-0.003167498
Abutilon,Asphodelus,10,5.5,4.5569294449852285,5.928464722492614,4.117078833495569,6.922771777994091,4.478464722492614,High_Plateau,0.5083593610182041,0.4968042765034957,36,-0.003167498
Abutilon,Asplenium,10,5.5,4.758429351281575,6.029214675640787,4.177528805384473,7.003371741,4.579214675640788,High_Plateau,0.6226939635251046,0.7661979,41,-0.001310138
Abutilon,Asteriscus,10,5.5,3.518543225877814,5.409271612938907,3.8055629677633442,6.507417290351126,3.959271612938907,High_Plateau,0.4838769086736035,0.5132995725288073,44,-0.001701379
Abutilon,Astragalus,10,5.5,4.633124951983891,5.966562475991946,4.139937485595167,6.953249980793556,4.516562475991946,High_Plateau,0.6949754947283953,0.877906648,37,-0.00142213
Abutilon,Asyneuma,10,5.5,5.142394542532585,6.221197271266293,4.292718362759776,7.156957817013034,4.771197271266293,High_Plateau,0.5604582124642231,0.633596627,40,-0.001757177
Abutilon,Athamanta,10,5.5,4.388289350322125,5.844144675161063,4.066486805096638,6.85531574,4.394144675161063,High_Plateau,0.63173001,0.7267024749099843,34,-0.001143779
Abutilon,Atractylis,10,5.5,4.088843215804021,5.694421608,3.976652964741206,6.735537286321609,4.2444216079020105,High_Plateau,0.5321035359849097,0.5440817126723627,36,-0.00211293
Abutilon,Atriplex,10,5.5,4.082829653658007,5.6914148268290035,3.974848896097402,6.733131861463203,4.241414826829004,High_Plateau,0.503823344,0.5038892148863859,38,-0.001760579
Abutilon,Atropa,10,5.5,4.773637641338933,6.036818820669467,4.1820912924016795,7.0094550565355735,4.586818820669467,High_Plateau,0.684186869,0.8563181134647684,37,-0.001365714
Abutilon,Avena,10,5.5,3.2976762775786947,5.298838138789347,3.7393028832736084,6.419070511031478,3.8488381387893478,High_Plateau,0.4601513695218304,0.523344709,51,-0.001511218
Abutilon,Avenula,10,5.5,4.512067263643759,5.906033631821879,4.103620179093127,6.904826905457504,4.456033632,High_Plateau,0.4919227739439396,0.4556413082000937,35,-0.002814418
Abutilon,Baldellia,10,5.5,4.360891990521318,5.830445995260659,4.058267597156395,6.844356796208528,4.380445995,High_Plateau,0.6731613127919287,0.801427647,33,-0.001552507
Abutilon,Ballota,10,5.5,5.040392247029347,6.170196123514673,4.262117674108804,7.116156898811739,4.720196123514674,High_Plateau,0.604013557,0.7699549160673778,46,-0.001419831
Abutilon,Barbarea,10,5.5,3.729808454233638,5.514904227116819,3.868942536270091,6.591923381693455,4.064904227116819,High_Plateau,0.7160728147691511,0.8134099937220105,24,-0.002212232
Abutilon,Bassia,10,5.5,3.629217748188655,5.464608874094328,3.8387653244565962,6.551687099275462,4.0146088740943275,High_Plateau,0.5341856812702885,0.515481989,32,-0.002676422
Abutilon,Bellevalia,10,5.5,5.099036956141983,6.199518478070992,4.279711086842595,7.1396147824567935,4.749518478070992,High_Plateau,0.3361494427761663,0.1438771468864983,35,-0.001726923
Abutilon,Bellis,10,5.5,4.111051489004925,5.705525744502463,3.9833154467014777,6.744420596,4.255525744502463,High_Plateau,0.6260264048928602,0.822245022,47,-0.001645993
Abutilon,Berberis,10,5.5,6.909986849794521,7.104993424897261,4.822996054938356,7.863994739917809,5.654993424897261,High_Plateau,0.6900198737033266,0.7941626326601123,28,-0.002121276
Abutilon,Beta,10,5.5,3.7045602597877214,5.502280129893861,3.8613680779363166,6.581824103915089,4.052280129893861,High_Plateau,0.5174158402574763,0.4818316475555971,32,-0.002123123
Abutilon,Biarum,10,5.5,4.697296044189795,5.998648022094898,4.159188813256939,6.978918417675918,4.5486480220948975,High_Plateau,0.5006556912627269,0.4317230422309903,30,-0.001373367
Abutilon,Bidens,10,5.5,3.410112786752028,5.355056393376014,3.7730338360256086,6.464045114700811,3.905056393376014,High_Plateau,0.6536433726382438,0.8367487046312349,42,-0.00347418
Abutilon,Bifora,10,5.5,3.1621553263278264,5.231077663163913,3.698646597898348,6.364862130531131,3.7810776631639134,High_Plateau,0.6298110068952029,0.7969158814149446,43,-0.001537831
Abutilon,Biscutella,10,5.5,5.081749249904576,6.190874624952288,4.274524774971373,7.132699699961831,4.740874624952289,High_Plateau,0.7211306595917393,0.8316067735661332,25,-0.001521792
Abutilon,Boerhavia,10,5.5,3.5374709940323052,5.4187354970161525,3.8112412982096915,6.514988397612923,3.968735497016153,High_Plateau,0.6860354904474882,0.8354669612071998,34,-0.001911408
Abutilon,Bombycilaena,10,5.5,2.6542717993012652,4.977135899650633,3.5462815397903795,6.161708719720506,3.5271358996506326,High_Plateau,0.4471002377196599,0.4728047219852735,48,-0.002610274
Abutilon,Borago,10,5.5,3.4228463593418534,5.361423179670926,3.776853907802556,6.469138543736742,3.911423179670927,High_Plateau,0.6683095724341918,0.8081567557259022,35,-0.001523671
Abutilon,Bothriochloa,10,5.5,5.104533924005158,6.202266962002579,4.281360177201547,7.141813569602063,4.7522669620025795,High_Plateau,0.3244311140833046,0.2190325300988768,47,-0.001536441
Abutilon,Botrychium,10,5.5,4.439950213652238,5.869975106826119,4.081985064095671,6.8759800854608955,4.419975106826119,High_Plateau,0.4449532974920521,0.328634147,31,-0.001856938
Abutilon,Brachypodium,10,5.5,4.370011122103443,5.835005561051721,4.061003336631033,6.848004448841378,4.385005561051722,High_Plateau,0.5504509450733579,0.6220536501763672,41,-0.003019074
Abutilon,Brassica,10,5.5,3.5925181842550398,5.446259092127519,3.827755455276512,6.537007273702017,3.996259092,High_Plateau,0.7201690648751466,0.8626076695513214,29,-0.001758658
Abutilon,Briza,10,5.5,3.592521316,5.446260658,3.827756394767552,6.537008526356736,3.9962606579459203,High_Plateau,0.5219656378025163,0.5567412567491075,40,-0.00240607
Abutilon,Bromus,10,5.5,3.893872985908161,5.596936492954081,3.9181618957724482,6.6575491943632645,4.146936493,High_Plateau,0.5333957326230563,0.5631597173155463,38,-0.002389206
Abutilon,Bryonia,10,5.5,4.8025469782850925,6.051273489142546,4.1907640934855275,7.021018791314037,4.601273489142546,High_Plateau,0.5474157442479923,0.4926655054328341,26,-0.002868715
Abutilon,Buddleja,10,5.5,6.902347907857529,7.101173953928765,4.820704372357259,7.860939163143012,5.651173953928765,High_Plateau,0.6322946870388549,0.7936658839624684,42,-0.001546933
Abutilon,Bufonia,10,5.5,3.9893495346788534,5.644674767339427,3.946804860403656,6.695739813871541,4.194674767339427,High_Plateau,0.4990604798286493,0.4206481529960253,29,-0.003046926
Abutilon,Buglossoides,10,5.5,3.3153254668238805,5.307662733,3.7445976400471643,6.426130186729552,3.8576627334119404,High_Plateau,0.6634200212337331,0.8066349379109876,36,-0.001714203
Abutilon,Bunium,10,5.5,4.388289350322125,5.844144675161063,4.066486805096638,6.85531574,4.394144675161063,High_Plateau,0.63173001,0.7267024749099843,34,-0.001143779
Abutilon,Bupleurum,10,5.5,4.182544865076343,5.741272432538171,4.004763459522903,6.773017946030537,4.291272432538172,High_Plateau,0.6687940764707084,0.8175794082264014,36,-0.002696002
Abutilon,Buxus,10,5.5,6.912727413573956,7.106363706786977,4.823818224072187,7.865090965429582,5.656363706786978,High_Plateau,0.6602485247888098,0.7017720656271945,24,-0.002265491
Abutilon,Cachrys,10,5.5,4.678726789718966,5.989363394859483,4.153618037,6.971490715887587,4.539363394859484,High_Plateau,0.6524646111474988,0.7682549596594843,34,-0.001560194
Abutilon,Cakile,10,5.5,3.0694040184835627,5.184702009241781,3.6708212055450686,6.327761607393425,3.7347020092417815,High_Plateau,0.6627417407022702,0.7890281110337214,34,-0.002654655
Abutilon,Calamagrostis,10,5.5,4.403003693072094,5.851501846536047,4.070901107921628,6.861201477228837,4.401501846536047,High_Plateau,0.2609236191409206,0.1415662106943339,53,-0.002704451
Abutilon,Calendula,10,5.5,3.1840218311726236,5.242010915586311,3.705206549351787,6.373608732,3.792010915586312,High_Plateau,0.6246746503893248,0.7620258142601076,40,-0.001738732
Abutilon,Calicotome,10,5.5,7.111168454108745,7.205584227054373,4.883350536232624,7.9444673816434985,5.7555842270543724,High_Plateau,0.6791967579021144,0.8216835935612302,34,-0.001381896
Abutilon,Callistemon,10,5.5,6.905196548303943,7.102598274151971,4.821558964491183,7.8620786193215775,5.652598274151972,High_Plateau,0.5524696655326152,0.4618522608039817,21,-0.003742731
Abutilon,Callitriche,10,5.5,3.503031208791396,5.401515604395698,3.8009093626374186,6.501212483516559,3.9515156043956985,High_Plateau,0.4945772621328691,0.4853091740732793,38,-0.001321194
Abutilon,Calystegia,10,5.5,4.816803094656656,6.058401547328328,4.195040928396997,7.026721237862663,4.608401547328328,High_Plateau,0.6772885076552099,0.8180340719828737,34,-0.00221679
Abutilon,Camelina,10,5.5,3.0626168685290343,5.181308434264517,3.6687850605587102,6.325046747411614,3.731308434264517,High_Plateau,0.699127699,0.787815411,25,-0.002594582
Abutilon,Campanula,10,5.5,3.994000899104398,5.647000449552198,3.948200269731319,6.6976003596417595,4.197000449552199,High_Plateau,0.6620539015211464,0.7711610214142213,32,-0.00238938
Abutilon,Capsella,10,5.5,3.8685188246817157,5.584259412340858,3.9105556474045144,6.6474075298726865,4.1342594123408585,High_Plateau,0.7111009263850653,0.8361580733493849,28,-0.001287952
Abutilon,Cardamine,10,5.5,4.065418580042129,5.682709290021064,3.969625574012639,6.726167432016852,4.232709290021065,High_Plateau,0.7033491049996242,0.796087454,25,-0.001740742
Abutilon,Cardiospermum,10,5.5,4.086603588551899,5.693301794,3.975981077,6.734641435,4.243301794,High_Plateau,0.604301299,0.5496334021371492,19,-0.006523882
Abutilon,Carduncellus,10,5.5,4.392642615944127,5.8463213079720635,4.067792784783238,6.857057046377651,4.396321307972064,High_Plateau,0.665428047,0.8024189148058586,35,-0.001649719
Abutilon,Carduus,10,5.5,3.2227483935832537,5.2613741967916265,3.716824518074976,6.3890993574333015,3.8113741967916273,High_Plateau,0.6109299003763233,0.80024647,48,-0.001522389
Abutilon,Carex,10,5.5,4.993266442266036,6.146633221133018,4.247979932679811,7.097306576906415,4.696633221133018,High_Plateau,0.5224878472738456,0.5248858232953612,36,-0.00229037
Abutilon,Carlina,10,5.5,3.752362646040342,5.526181323020171,3.8757087938121026,6.600945058416137,4.076181323020171,High_Plateau,0.6657069193054133,0.8113438117043067,36,-0.002389591
Abutilon,Carpobrotus,10,5.5,5.430248617525725,6.365124308762862,4.379074585257717,7.272099447010291,4.915124308762863,High_Plateau,0.5500019157740572,0.546882733,32,-0.001517795
Abutilon,Carthamus,10,5.5,2.827270048923098,5.063635024461549,3.5981810146769293,6.230908019569239,3.613635024461549,High_Plateau,0.5822454106456505,0.7265068806333562,46,-0.001861119
Abutilon,Castanea,10,5.5,6.901816990584625,7.1009084952923125,4.820545097175387,7.860726796,5.650908495292313,High_Plateau,0.519610435,0.461433441,29,-0.001473812
Abutilon,Casuarina,10,5.5,6.862071640667183,7.081035820333591,4.808621492200155,7.844828656266873,5.631035820333592,High_Plateau,0.3636858994599203,0.1498443428056678,29,-0.002773678
Abutilon,Catananche,10,5.5,3.420530642035789,5.360265321017894,3.7761591926107365,6.468212256814316,3.910265321017895,High_Plateau,0.6112175299116449,0.8092091180111002,49,-0.002363442
Abutilon,Catapodium,10,5.5,3.0417224508874456,5.170861225443723,3.662516735266234,6.316688980354979,3.720861225443723,High_Plateau,0.4752892021893984,0.5371823059389309,49,-0.001512658
Abutilon,Cedrus,10,5.5,7.009617289662082,7.154808644831041,4.852885186898625,7.903846915864833,5.704808644831042,High_Plateau,0.4137316084071292,0.2661769504418059,31,-0.001787846
Abutilon,Celtis,10,5.5,6.879305062534106,7.089652531267053,4.813791518760231,7.851722025013643,5.639652531267053,High_Plateau,0.3423504672943197,0.1069141185498858,29,-0.001476879
Abutilon,Cenchrus,10,5.5,3.7245969639779646,5.512298481988982,3.8673790891933892,6.589838785591186,4.062298481988982,High_Plateau,0.3550902687262216,0.2475735369451616,43,-0.002033491
Abutilon,Centaurea,10,5.5,3.8307896169168014,5.565394808,3.899236885,6.632315846766721,4.115394808458401,High_Plateau,0.6282040886698329,0.8185135557922797,46,-0.002307714
Abutilon,Centaurium,10,5.5,3.015361249,5.157680624,3.654608374567466,6.306144499423288,3.707680624,High_Plateau,0.6442329606288469,0.7681918680989387,36,-0.00136946
Abutilon,Cephalanthera,10,5.5,4.849727588887124,6.074863794443562,4.204918276666137,7.039891036,4.624863794443562,High_Plateau,0.6201390447096405,0.7200530252372846,36,-0.001614405
Abutilon,Cephalaria,10,5.5,4.482733386913867,5.891366693456933,4.094820016,6.893093354765547,4.441366693456933,High_Plateau,0.6586951665906929,0.7889880785474862,35,-0.001824343
Abutilon,Cerastium,10,5.5,3.566790777544925,5.433395388772462,3.8200372332634775,6.526716311,3.983395388772463,High_Plateau,0.6635630019404085,0.8151028234413684,37,-0.001527933
Abutilon,Ceratophyllum,10,5.5,5.033463992528806,6.166731996264403,4.260039197758642,7.113385597011522,4.716731996264404,High_Plateau,0.5728524336703129,0.5352378490094298,25,-0.002459429
Abutilon,Cerinthe,10,5.5,2.996759660368806,5.148379830184403,3.6490278981106417,6.298703864147522,3.698379830184403,High_Plateau,0.6730745445412207,0.8096438802625491,34,-0.002405463
Abutilon,Cestrum,10,5.5,7.007247029160704,7.153623514580351,4.852174108748211,7.902898811664281,5.703623514580352,High_Plateau,0.5076952686463037,0.4706302119241479,33,-0.00222577
Abutilon,Chaenomeles,10,5.5,6.9221613807651545,7.111080690382577,4.826648414229546,7.8688645523060625,5.661080690382578,High_Plateau,0.620286013,0.70403388,34,-0.002240782
Abutilon,Chaenorhinum,10,5.5,3.9463565944983303,5.623178297249165,3.933906978349499,6.678542637799332,4.173178297249166,High_Plateau,0.6502397811634935,0.8214765109267005,41,-0.002245017
Abutilon,Chaerophyllum,10,5.5,3.9374499173733977,5.618724958686698,3.9312349752120195,6.674979966949359,4.168724958686699,High_Plateau,0.6280295535643129,0.7933863349920222,43,-0.001704632
Abutilon,Chamaecyparis,10,5.5,6.920303286643705,7.110151643321853,4.826090985993112,7.868121314657483,5.660151643321853,High_Plateau,0.4206842381409021,0.288306086,32,-0.001811336
Abutilon,Chamaecytisus,10,5.5,7.175720303170503,7.237860151585251,4.9027160909511505,7.970288121268201,5.787860151585251,High_Plateau,0.5284687845830047,0.5202276469230107,34,-0.001381896
Abutilon,Chamaemelum,10,5.5,3.942678805349383,5.621339402674692,3.932803641604815,6.677071522139753,4.1713394026746915,High_Plateau,0.6147135978965373,0.8159911267595504,49,-0.001312806
Abutilon,Cheilanthes,10,5.5,4.784224245151359,6.042112122575679,4.185267273545407,7.013689698060544,4.592112123,High_Plateau,0.4360313369183697,0.3765117827711741,39,-0.001697599
Abutilon,Cheirolophus,10,5.5,4.924947598130242,6.112473799065121,4.227484279439072,7.069979039252097,4.662473799065121,High_Plateau,0.6259135752869434,0.8220109483636883,47,-0.00160392
Abutilon,Chenopodium,10,5.5,3.1442934348158595,5.222146717,3.6932880304447577,6.357717373926344,3.7721467174079297,High_Plateau,0.5893575568334477,0.60123931,29,-0.00303194
Abutilon,Chloris,10,5.5,4.412093414138927,5.8560467070694635,4.073628024241678,6.864837365655571,4.406046707069464,High_Plateau,0.3503464938534372,0.2872670005969214,49,-0.001363215
Abutilon,Chondrilla,10,5.5,4.317286256975051,5.8086431284875255,4.045185877092515,6.826914502790021,4.358643128487525,High_Plateau,0.4773296351361656,0.5331756218363254,48,-0.002170799
Abutilon,Christella,10,5.5,4.870419696855078,6.085209848427539,4.211125909056523,7.048167878742031,4.6352098484275395,High_Plateau,0.2881920647555755,0.097211526,41,-0.001397255
Abutilon,Chrozophora,10,5.5,2.745507255715514,5.022753627857757,3.573652176714654,6.198202902286206,3.5727536278577574,High_Plateau,0.3618586364941172,0.1789630735327353,33,-0.0022564
Abutilon,Chrysanthemum,10,5.5,3.6523027043234673,5.476151352161733,3.845690811,6.560921081729387,4.026151352161734,High_Plateau,0.2908235054949704,0.1353721359611722,45,-0.001502337
Abutilon,Cicer,10,5.5,4.304457052227534,5.802228526113767,4.041337116,6.821782820891014,4.352228526113767,High_Plateau,0.5661876620145392,0.6125719279415373,36,-0.003722746
Abutilon,Cichorium,10,5.5,3.8412119383610217,5.5706059691805105,3.9023635815083066,6.6364847753444085,4.120605969180511,High_Plateau,0.6354273656108306,0.8246488053838732,45,-0.001847083
Abutilon,Cinnamomum,10,5.5,6.942402098477319,7.1212010492386595,4.8327206295431955,7.876960839390928,5.671201049238659,High_Plateau,0.6972068761321837,0.8001642289539554,27,-0.001355123
Abutilon,Circaea,10,5.5,4.788011440612059,6.044005720306029,4.186403432183617,7.015204576244823,4.594005720306029,High_Plateau,0.7270616056202399,0.8106363764969806,21,-0.001743908
Abutilon,Cirsium,10,5.5,3.7480136370897097,5.524006818544855,3.874404091126913,6.599205454835884,4.074006818544855,High_Plateau,0.5925738602213615,0.7635343899550153,48,-0.001522389
Abutilon,Cistanche,10,5.5,5.006436376128439,6.153218188064219,4.251930912838532,7.102574550451376,4.703218188,High_Plateau,0.3311219711754234,0.1584717971984671,38,-0.001687219
Abutilon,Cistus,10,5.5,7.252399144,7.276199572,4.925719743344522,8.000959657792697,5.826199572240871,High_Plateau,0.563713799,0.4442810022509283,16,-0.008924551
Abutilon,Citrullus,10,5.5,3.5757223357470997,5.437861168,3.822716701,6.530288934,3.9878611678735503,High_Plateau,0.4275258013713711,0.2773607624992383,29,-0.001956758
Abutilon,Citrus,10,5.5,7.269303583112727,7.284651791556364,4.930791074933818,8.007721433245091,5.834651791556364,High_Plateau,0.5410722955555698,0.4310649804569973,20,-0.004875919
Abutilon,Cladanthus,10,5.5,3.2408886638207153,5.270444331910357,3.7222665991462147,6.396355465528286,3.820444331910358,High_Plateau,0.662064394,0.7956807914684909,35,-0.001595632
Abutilon,Clematis,10,5.5,6.528114516038354,6.914057258019177,4.708434354811506,7.7112458064153415,5.464057258019177,High_Plateau,0.4810644539301552,0.4336957820014391,35,-0.001669987
Abutilon,Cleome,10,5.5,2.8519730015049687,5.075986500752484,3.6055919004514907,6.240789200601988,3.6259865007524845,High_Plateau,0.5300985315479092,0.400644354,19,-0.003606316
Abutilon,Clinopodium,10,5.5,4.2869862829055645,5.793493141452782,4.036095884871669,6.8147945131622265,4.343493141452782,High_Plateau,0.6173522116561428,0.796795347,46,-0.002235442
Abutilon,Clypeola,10,5.5,3.0626168685290343,5.181308434264517,3.6687850605587102,6.325046747411614,3.731308434264517,High_Plateau,0.6909464219815682,0.787815411,27,-0.002215574
Abutilon,Colchicum,10,5.5,4.738557115881116,6.019278557940558,4.171567134764334,6.995422846352447,4.569278557940558,High_Plateau,0.6504713010480417,0.7725411384107329,35,-0.001828298
Abutilon,Coleostephus,10,5.5,2.6542717993012652,4.977135899650633,3.5462815397903795,6.161708719720506,3.5271358996506326,High_Plateau,0.5004872450456186,0.4728047219852735,35,-0.002986776
Abutilon,Colutea,10,5.5,7.111062793,7.205531397,4.883318837998903,7.944425117331872,5.755531397,High_Plateau,0.6668925762843306,0.8217408115142039,37,-0.00142213
Abutilon,Conopodium,10,5.5,3.506105047050639,5.403052524,3.8018315141151917,6.502442018820256,3.9530525235253196,High_Plateau,0.6300737527549508,0.7236077015518734,34,-0.002232487
Abutilon,Conringia,10,5.5,3.068427565,5.184213783,3.670528269594812,6.327371026126416,3.734213783,High_Plateau,0.6789415885156612,0.7885233727709638,30,-0.002516047
Abutilon,Convolvulus,10,5.5,4.506004985546709,5.903002492773354,4.101801495664013,6.902401994218684,4.453002492773354,High_Plateau,0.7096266804332219,0.8827198167251822,34,-0.002263786
Abutilon,Coris,10,5.5,3.4284571987967736,5.364228599398387,3.778537159639032,6.47138288,3.914228599398387,High_Plateau,0.6852526155494826,0.8093676174262546,31,-0.00253111
Abutilon,Coronilla,10,5.5,4.752835574304255,6.026417787152127,4.1758506722912765,7.001134229721702,4.576417787152128,High_Plateau,0.6976716376793156,0.8752309285971566,36,-0.002177992
Abutilon,Corrigiola,10,5.5,3.750966927,5.525483464,3.875290078147718,6.600386770863624,4.0754834635795305,High_Plateau,0.6840284719083303,0.7985524735397678,30,-0.001792717
Abutilon,Corydalis,10,5.5,3.8672118101206285,5.583605905060314,3.9101635430361883,6.646884724048252,4.133605905060314,High_Plateau,0.6862408867379726,0.7864696851446853,28,-0.001446408
Abutilon,Corynephorus,10,5.5,3.630787553348385,5.465393776674192,3.8392362660045154,6.552315021339354,4.015393776674193,High_Plateau,0.4918565761911784,0.5950358201238417,52,-0.001818818
Abutilon,Cotoneaster,10,5.5,7.5129401758370085,7.406470087918504,5.003882052751102,8.105176070334803,5.956470087918504,High_Plateau,0.5102849497084151,0.492155809,35,-0.001765163
Abutilon,Cotula,10,5.5,3.6077979359828443,5.453898967991422,3.832339380794853,6.543119174393138,4.0038989679914225,High_Plateau,0.6099734408242182,0.7736649100352324,45,-0.001466854
Abutilon,Crambe,10,5.5,4.533069485832469,5.916534742916234,4.109920846,6.913227794332988,4.4665347429162345,High_Plateau,0.6863562146891197,0.7948893776232769,29,-0.0012957
Abutilon,Crassula,10,5.5,3.4801305765623036,5.390065288281152,3.794039172968691,6.492052230624921,3.940065288281152,High_Plateau,0.5582210757775339,0.5060803810323838,25,-0.002985668
Abutilon,Crataegus,10,5.5,6.922193314098954,7.111096657049477,4.826657994229686,7.868877325639582,5.661096657049477,High_Plateau,0.6326321549536855,0.7041080470615472,31,-0.002437864
Abutilon,Crepis,10,5.5,3.666606227083255,5.483303113541627,3.8499818681249764,6.566642490833303,4.033303113541628,High_Plateau,0.4774384014480892,0.484117985,42,-0.002370293
Abutilon,Crocus,10,5.5,4.737070026884762,6.018535013442381,4.171121008065429,6.9948280107539045,4.568535013442381,High_Plateau,0.6265755826533383,0.7659317574590642,40,-0.002259125
Abutilon,Crotalaria,10,5.5,4.250558658774644,5.775279329387322,4.025167597632393,6.800223463509857,4.325279329387322,High_Plateau,0.7150809099965766,0.8607518290320896,30,-0.002265114
Abutilon,Crucianella,10,5.5,3.602954192867793,5.451477096433896,3.830886257860338,6.541181677147117,4.001477096433897,High_Plateau,0.6626168347883801,0.8050490124500059,36,-0.00181644
Abutilon,Crupina,10,5.5,2.6542717993012652,4.977135899650633,3.5462815397903795,6.161708719720506,3.5271358996506326,High_Plateau,0.4594134684976636,0.4728047219852735,45,-0.002765637
Abutilon,Cucumis,10,5.5,2.8474010633434297,5.073700531671715,3.604220319003029,6.238960425337372,3.623700531671715,High_Plateau,0.3950761415939721,0.2124614429444403,29,-0.001956758
Abutilon,Cucurbita,10,5.5,3.442907431838946,5.371453715919473,3.7828722295516837,6.477162972735579,3.921453715919473,High_Plateau,0.3710659701615173,0.1562475341449326,28,-0.002084818
Abutilon,Cullen,10,5.5,4.872418943539475,6.086209471769737,4.211725683061842,7.048967577,4.636209471769737,High_Plateau,0.686019919,0.8601526504801946,37,-0.002207897
Abutilon,Cuphea,10,5.5,4.131339249571714,5.715669624785857,3.9894017748715145,6.752535699828686,4.265669624785858,High_Plateau,0.6054127337227804,0.559261844,20,-0.002455854
Abutilon,Cupressus,10,5.5,7.000434205840735,7.150217102920367,4.850130262,7.900173682336295,5.700217102920368,High_Plateau,0.3147590624626815,0.084640525,33,-0.001639395
Abutilon,Cuscuta,10,5.5,3.354038991998325,5.327019495999163,3.7562116975994977,6.4416155967993305,3.8770194959991624,High_Plateau,0.6968600669149434,0.8489049027032727,33,-0.001951242
Abutilon,Cutandia,10,5.5,3.232672831253288,5.266336415626644,3.7198018493759863,6.393069132501315,3.816336415626644,High_Plateau,0.4849536263947129,0.5565111543495599,49,-0.001512658
Abutilon,Cyclamen,10,5.5,4.729212968282554,6.014606484141277,4.168763890484766,6.991685187313022,4.564606484141278,High_Plateau,0.6566148714901512,0.7684815708219184,33,-0.002286536
Abutilon,Cymbalaria,10,5.5,4.676776287709683,5.988388143854841,4.153032886312905,6.970710515083873,4.538388143854842,High_Plateau,0.6344870989555716,0.7816503709036366,40,-0.001737029
Abutilon,Cymbopogon,10,5.5,4.462295770987014,5.881147885493506,4.088688731296104,6.884918308394806,4.431147885493507,High_Plateau,0.3039219358916406,0.1535405218738575,44,-0.002455853
Abutilon,Cynanchum,10,5.5,6.9412534369704675,7.120626718485234,4.832376031,7.876501374788187,5.670626718485234,High_Plateau,0.6436111428052327,0.7999945146745859,40,-0.00221731
Abutilon,Cynara,10,5.5,4.385543833293466,5.842771916646733,4.06566315,6.854217533317387,4.392771916646733,High_Plateau,0.4702804572089495,0.4945317372022952,45,-0.002730826
Abutilon,Cynodon,10,5.5,5.019214998570327,6.159607499285164,4.255764499571098,7.107685999428131,4.7096074992851635,High_Plateau,0.5156066548052777,0.6177873225006022,49,-0.001363215
Abutilon,Cynoglossum,10,5.5,3.3401395863594594,5.320069793,3.752041875907838,6.436055834543784,3.870069793,High_Plateau,0.6988102467317102,0.8284537712502454,30,-0.003481457
Abutilon,Cynosurus,10,5.5,3.238560160161896,5.269280080080948,3.7215680480485687,6.395424064064759,3.819280080080948,High_Plateau,0.425206834,0.420722246,47,-0.002227821
Abutilon,Cyperus,10,5.5,4.3820852751364745,5.841042637568237,4.064625582540942,6.85283411,4.391042637568237,High_Plateau,0.5087021304476468,0.5548268800497279,43,-0.002181589
Abutilon,Cypripedium,10,5.5,4.949268815269177,6.124634407634588,4.234780644580753,7.079707526,4.6746344076345885,High_Plateau,0.5921371361114137,0.6396666451022639,33,-0.002989262
Abutilon,Cytinus,10,5.5,5.142394542532585,6.221197271266293,4.292718362759776,7.156957817013034,4.771197271266293,High_Plateau,0.6803464924630742,0.633596627,11,0.005344801
Abutilon,Cytisus,10,5.5,7.140735519302036,7.220367759651018,4.892220655790611,7.9562942077208145,5.770367759651018,High_Plateau,0.6932374916524594,0.8251665576144007,31,-0.00167705
Abutilon,Dactylis,10,5.5,4.881277454721775,6.090638727360887,4.214383236416532,7.052510981888711,4.640638727360887,High_Plateau,0.4991604689935656,0.5605346111150102,46,-0.002849188
Abutilon,Dactylorhiza,10,5.5,4.757336265395815,6.0286681326979075,4.177200879618745,7.002934506158326,4.578668132697908,High_Plateau,0.6321697752588358,0.7852183544163036,41,-0.001654293
Abutilon,Daphne,10,5.5,7.4141017847327255,7.357050892366363,4.974230535419817,8.065640714,5.907050892366363,High_Plateau,0.7403158895591059,0.7886512421955376,15,-0.00585074
Abutilon,Dasypyrum,10,5.5,4.070695743914286,5.685347871957143,3.9712087231742856,6.728278297565715,4.235347871957144,High_Plateau,0.3274935920011699,0.2253653597501435,47,-0.00257581
Abutilon,Datura,10,5.5,3.3440211038361585,5.322010551918079,3.7532063311508477,6.437608441534463,3.8720105519180796,High_Plateau,0.7120086471071646,0.9122061769796416,37,-0.002588249
Abutilon,Daucus,10,5.5,2.7506620593223414,5.025331029661171,3.5751986177967026,6.200264823728936,3.5753310296611707,High_Plateau,0.5552200347309989,0.6724480210668866,46,-0.00182058
Abutilon,Delphinium,10,5.5,4.239939333083897,5.769969666541948,4.021981799925169,6.7959757332335595,4.319969666541949,High_Plateau,0.6511767653410243,0.7492078247464657,32,-0.001394758
Abutilon,Dianthus,10,5.5,4.365630945487089,5.832815472743544,4.059689283646127,6.846252378194835,4.382815472743545,High_Plateau,0.6632645251169065,0.822720929,38,-0.00150734
Abutilon,Dichanthium,10,5.5,4.462295770987014,5.881147885493506,4.088688731296104,6.884918308394806,4.431147885493507,High_Plateau,0.29168511,0.1535405218738575,47,-0.001536441
Abutilon,Digitalis,10,5.5,4.175710149772957,5.737855074886479,4.0027130449318875,6.770284059909184,4.287855074886479,High_Plateau,0.6368512768680872,0.7864787757449282,40,-0.002237274
Abutilon,Digitaria,10,5.5,3.6364033289928965,5.468201664496448,3.840920998697869,6.554561331597158,4.0182016644964484,High_Plateau,0.5239139762485191,0.6016894393615915,45,-0.002184147
Abutilon,Dioscorea,10,5.5,4.689999083917643,5.994999541958821,4.156999725175293,6.975999633567057,4.544999541958822,High_Plateau,0.6823177246562342,0.7868074224077808,29,-0.001270824
Abutilon,Diospyros,10,5.5,6.921550162266898,7.110775081133449,4.826465048680069,7.868620064906759,5.660775081133449,High_Plateau,0.581272784,0.5848803501946088,29,-0.002084872
Abutilon,Dipcadi,10,5.5,4.526066738448844,5.913033369224422,4.107820021534653,6.910426695379538,4.463033369224423,High_Plateau,0.5042935933331629,0.5133404211672117,39,-0.003218227
Abutilon,Diplotaxis,10,5.5,3.714842886047636,5.5074214430238175,3.8644528658142905,6.585937154419055,4.057421443023818,High_Plateau,0.7026249714437514,0.8110893817028118,27,-0.001799934
Abutilon,Dipsacus,10,5.5,2.9160065450578356,5.108003272528918,3.6248019635173505,6.266402618023134,3.658003272528918,High_Plateau,0.6365105026237995,0.7446187506136992,35,-0.001824343
Abutilon,Dittrichia,10,5.5,4.530262572,5.9151312859297605,4.109078771557856,6.912105028743808,4.465131286,High_Plateau,0.6390753200653997,0.8236343407781503,44,-0.001391106
Abutilon,Dodonaea,10,5.5,6.850906542130467,7.075453271065234,4.805271962639139,7.840362616852187,5.625453271065234,High_Plateau,0.5596973771046643,0.4513076668564566,18,-0.002030317
Abutilon,Doronicum,10,5.5,4.555344199088024,5.9276720995440115,4.116603259726407,6.92213768,4.477672099544012,High_Plateau,0.6117886293412438,0.7447459901518763,41,-0.003103931
Abutilon,Draba,10,5.5,4.308362731800409,5.804181365900204,4.042508819540123,6.823345092720164,4.354181365900205,High_Plateau,0.5201213096913173,0.4953842876327389,33,-0.001735739
Abutilon,Dryopteris,10,5.5,4.870923497686847,6.085461748843423,4.211277049306054,7.048369399074739,4.635461748843424,High_Plateau,0.3051782843370482,0.1312867163272228,41,-0.001911012
Abutilon,Dysphania,10,5.5,3.0698616381484682,5.184930819074234,3.6709584914445403,6.327944655259388,3.7349308190742345,High_Plateau,0.4958046227554867,0.4549899271037982,34,-0.001834915
Abutilon,Ebenus,10,5.5,5.897255254801419,6.598627627,4.519176576440426,7.458902101920568,5.148627627,High_Plateau,0.6873088907222868,0.8625854900921529,37,-0.001482379
Abutilon,Echinochloa,10,5.5,3.0782507243809625,5.189125362190481,3.6734752173142886,6.331300289752385,3.7391253621904816,High_Plateau,0.491193476,0.5444619154555769,46,-0.002155642
Abutilon,Echinophora,10,5.5,4.678726789718966,5.989363394859483,4.153618037,6.971490715887587,4.539363394859484,High_Plateau,0.6523397610373429,0.7682549596594843,34,-0.002808695
Abutilon,Echinops,10,5.5,4.3611337884650645,5.830566894232533,4.0583401365395195,6.844453515386026,4.380566894232532,High_Plateau,0.6573572505337228,0.8356831800246628,41,-0.002103669
Abutilon,Echium,10,5.5,3.2014642537497346,5.250732126874867,3.7104392761249203,6.380585701499895,3.8007321268748675,High_Plateau,0.6224106674603093,0.7081309619445625,34,-0.001479642
Abutilon,Elaeagnus,10,5.5,6.9031572580140566,7.101578629007028,4.820947177404217,7.861262903205622,5.6515786290070285,High_Plateau,0.5237650721700139,0.4618571125106969,28,-0.00314169
Abutilon,Elatine,10,5.5,3.001438446,5.150719223,3.650431533806792,6.300575378409056,3.700719223,High_Plateau,0.6939740132446867,0.8103102018577998,29,-0.002221836
Abutilon,Eleocharis,10,5.5,4.682713669246496,5.991356834623248,4.154814100773949,6.973085467698599,4.541356834623248,High_Plateau,0.512208674,0.5535457435238901,42,-0.00180636
Abutilon,Eleusine,10,5.5,4.002126442308214,5.651063221154107,3.950637932692464,6.700850576923285,4.201063221154107,High_Plateau,0.5169797232269107,0.6123868064731277,48,-0.001725841
Abutilon,Elymus,10,5.5,5.183376784620716,6.241688392310358,4.305013035386215,7.173350713848286,4.791688392310358,High_Plateau,0.518455362,0.5826968595760194,44,-0.002903277
Abutilon,Enarthrocarpus,10,5.5,3.0626168685290343,5.181308434264517,3.6687850605587102,6.325046747411614,3.731308434264517,High_Plateau,0.6499037812480993,0.787815411,37,-0.001683077
Abutilon,Enneapogon,10,5.5,4.771508224080437,6.035754112040218,4.181452467224131,7.008603289632175,4.5857541120402185,High_Plateau,0.5543149049619007,0.6461697192962726,43,-0.00276804
Abutilon,Ephedra,10,5.5,7.013316162438963,7.156658081219481,4.8539948487316895,7.905326464975586,5.706658081219482,High_Plateau,0.3305302632575813,0.075412074,28,-0.003264588
Abutilon,Epilobium,10,5.5,4.609402816816789,5.954701408408394,4.132820845045036,6.943761126726716,4.504701408408394,High_Plateau,0.6303807031420884,0.6174652473425803,21,-0.002697287
Abutilon,Epimedium,10,5.5,4.368766470569133,5.834383235284566,4.060629941,6.847506588227653,4.384383235284567,High_Plateau,0.6598557269993399,0.7420297054393287,29,-0.002002216
Abutilon,Epipactis,10,5.5,4.808117118255074,6.054058559127537,4.192435135476522,7.023246847,4.604058559127537,High_Plateau,0.6212131479820042,0.722201232,36,-0.001614405
Abutilon,Equisetum,10,5.5,4.975826789548633,6.1379133947743165,4.242748037,7.090330715819453,4.687913394774316,High_Plateau,0.4634288664780272,0.3576760301832866,30,-0.003406555
Abutilon,Eragrostis,10,5.5,3.972637698384147,5.636318849192073,3.941791309515244,6.689055079353659,4.186318849192074,High_Plateau,0.380198091,0.2567689547095069,38,-0.002411806
Abutilon,Eremopyrum,10,5.5,3.2285211531696896,5.264260576584845,3.7185563459509066,6.391408461267876,3.8142605765848447,High_Plateau,0.4872131576929924,0.5446478149771607,47,-0.001792429
Abutilon,Erica,10,5.5,6.935819901226139,7.117909950613069,4.8307459703678415,7.874327960490456,5.667909950613069,High_Plateau,0.4959794603993227,0.4719176640673764,36,-0.002533442
Abutilon,Erigeron,10,5.5,4.329218182552864,5.8146090912764326,4.048765454765859,6.831687273021146,4.364609091276432,High_Plateau,0.513381894,0.5642706478612971,43,-0.002602793
Abutilon,Erodium,10,5.5,3.694369433544658,5.497184716772329,3.858310830063397,6.5777477734178635,4.047184716772329,High_Plateau,0.7105486601705597,0.7772438159935038,21,8.943954629768436e-05
Abutilon,Erucastrum,10,5.5,4.135709368971772,5.717854684485886,3.9907128106915315,6.754283747588708,4.2678546844858865,High_Plateau,0.656710741,0.8014293312162815,37,-0.001683077
Abutilon,Eryngium,10,5.5,3.9859638980779235,5.642981949038962,3.945789169423377,6.694385559231169,4.192981949038962,High_Plateau,0.4564737298992286,0.4008984789075151,37,-0.001398931
Abutilon,Erysimum,10,5.5,3.826254085870543,5.563127042935271,3.8978762257611628,6.630501634348217,4.113127042935272,High_Plateau,0.6957365364574516,0.8055439542301223,28,-0.001861256
Abutilon,Eschscholzia,10,5.5,3.0318167882609917,5.165908394130495,3.6595450364782973,6.312726715304397,3.715908394130496,High_Plateau,0.6747479789481461,0.7550781535504931,27,-0.000513718
Abutilon,Eucalyptus,10,5.5,7.033354258724388,7.166677129362194,4.860006277617316,7.913341703489755,5.7166771293621945,High_Plateau,0.5608760610558368,0.4951660602926565,23,-0.004055992
Abutilon,Eugenia,10,5.5,6.958769170617159,7.129384585308579,4.837630751185148,7.883507668246864,5.679384585308579,High_Plateau,0.5025282092410328,0.3944008684406658,25,-0.00151677
Abutilon,Euonymus,10,5.5,7.151117601052826,7.225558800526413,4.895335280315848,7.960447040421131,5.775558800526413,High_Plateau,0.6887117212761182,0.7504712322141129,23,-0.00222525
Abutilon,Eupatorium,10,5.5,4.730379750331414,6.0151898751657065,4.169113925099424,6.992151900132566,4.565189875165707,High_Plateau,0.5902976563634499,0.783660748,51,-0.001628545
Abutilon,Euphorbia,10,5.5,4.090919667,5.695459834,3.977275900134422,6.736367866845896,4.245459834,High_Plateau,0.5559533365623927,0.5671524736692873,33,-0.0022564
Abutilon,Fallopia,10,5.5,4.4124068000650105,5.856203400032506,4.073722040019503,6.864962720026004,4.406203400032505,High_Plateau,0.5177302707278679,0.5234113135535235,37,-0.001397696
Abutilon,Ferula,10,5.5,4.889876159651094,6.094938079825547,4.216962847895328,7.055950463860437,4.644938079825547,High_Plateau,0.477755686,0.4930990824726536,43,-0.003007041
Abutilon,Ferulago,10,5.5,4.678726789718966,5.989363394859483,4.153618037,6.971490715887587,4.539363394859484,High_Plateau,0.6524453997341257,0.7682549596594843,34,-0.001752308
Abutilon,Festuca,10,5.5,5.155894023,6.227947011,4.296768206774942,7.162357609033256,4.777947011,High_Plateau,0.5282171428211689,0.6021338436434063,44,-0.002470393
Abutilon,Fibigia,10,5.5,4.881807423280497,6.090903711640248,4.214542226984149,7.0527229693121996,4.640903711640249,High_Plateau,0.5367229513088708,0.4956676801325518,29,-0.001519846
Abutilon,Filago,10,5.5,2.897264386419859,5.098632193209929,3.6191793159259578,6.258905754567944,3.648632193,High_Plateau,0.5897247949500496,0.7579670284376531,48,-0.002176234
Abutilon,Fimbristylis,10,5.5,3.9926070097197046,5.646303504859852,3.9477821029159115,6.697042803887882,4.196303504859852,High_Plateau,0.3264626754971111,0.1902037508657485,43,-0.001460493
Abutilon,Foeniculum,10,5.5,4.056411780451681,5.67820589,3.9669235341355042,6.722564712180672,4.228205890225841,High_Plateau,0.6388656544918545,0.8150106088720805,43,-0.001464993
Abutilon,Fragaria,10,5.5,4.834110583990941,6.067055292,4.200233175197282,7.033644233596377,4.617055292,High_Plateau,0.6845812949752784,0.8078630535285533,31,-0.001721496
Abutilon,Frankenia,10,5.5,6.371725644064272,6.835862822032135,4.661517693219281,7.648690257625709,5.385862822032136,High_Plateau,0.5242518982618498,0.4709140354247969,29,-0.002462153
Abutilon,Fraxinus,10,5.5,6.858402054644633,7.079201027322316,4.807520616,7.843360821857853,5.629201027322317,High_Plateau,0.430295465,0.3323006248824584,35,-0.002384092
Abutilon,Fritillaria,10,5.5,5.260953028594834,6.280476514297417,4.328285909,7.2043812114379335,4.830476514297417,High_Plateau,0.4818957459742029,0.4519098417772005,37,-0.002235585
Abutilon,Fumana,10,5.5,7.258929066887771,7.279464533443885,4.927678720066331,8.003571627,5.829464533443886,High_Plateau,0.7428676786793855,0.7716635850240827,13,0.022413656
Abutilon,Fumaria,10,5.5,2.8344378678082993,5.067218933904149,3.60033136,6.233775147123319,3.617218934,High_Plateau,0.6661859851430438,0.7463598819548278,28,-0.001446408
Abutilon,Gagea,10,5.5,4.929806558138477,6.114903279069239,4.228941967441543,7.071922623255391,4.664903279069239,High_Plateau,0.6334551487701344,0.7549713500520476,37,-0.001949098
Abutilon,Galactites,10,5.5,2.6542717993012652,4.977135899650633,3.5462815397903795,6.161708719720506,3.5271358996506326,High_Plateau,0.5006069139331141,0.4728047219852735,35,-0.001790087
Abutilon,Galega,10,5.5,4.764330753931675,6.032165376965837,4.179299226179502,7.005732302,4.582165376965838,High_Plateau,0.6849738092005638,0.8582582363164468,37,-0.003196925
Abutilon,Galinsoga,10,5.5,2.6358592501762734,4.967929625088137,3.540757775052882,6.154343700070509,3.517929625088137,High_Plateau,0.6096550551215442,0.7978031743430708,48,-0.002054362
Abutilon,Galium,10,5.5,4.225288826406055,5.762644413203027,4.017586647921816,6.790115530562423,4.312644413203028,High_Plateau,0.646601879,0.7651140864647752,35,-0.00338726
Abutilon,Gastridium,10,5.5,3.2893167882617522,5.294658394130876,3.736795036478526,6.415726715304701,3.8446583941308763,High_Plateau,0.445590221,0.5271197464275862,55,-0.001614333
Abutilon,Gaudinia,10,5.5,4.101399910620076,5.7006999553100375,3.980419973186023,6.740559964,4.250699955310038,High_Plateau,0.4987507775443938,0.6169660909330905,53,-0.001432268
Abutilon,Gazania,10,5.5,5.250917194587336,6.275458597293667,4.325275158376201,7.200366877834934,4.825458597293668,High_Plateau,0.3431207060276822,0.1989179255368223,40,-0.001738732
Abutilon,Genista,10,5.5,7.144899675578328,7.2224498377891635,4.893469902673498,7.957959870231331,5.772449837789164,High_Plateau,0.6896142512600305,0.8260528361124669,32,-0.001244956
Abutilon,Gentianopsis,10,5.5,3.2783085770700384,5.289154288535019,3.7334925731210116,6.411323430828015,3.8391542885350196,High_Plateau,0.6249571604887384,0.7216916638484157,35,-0.002722331
Abutilon,Geranium,10,5.5,3.872085544246165,5.586042772123083,3.911625663273849,6.648834217698466,4.136042772123083,High_Plateau,0.5824429395094793,0.5210323746713429,21,8.943954629776762e-05
Abutilon,Geum,10,5.5,4.645207062,5.9726035309229495,4.143562119,6.958082825,4.522603531,High_Plateau,0.6691764317677816,0.7605410880121988,29,-0.001352081
Abutilon,Gladiolus,10,5.5,4.710568432154256,6.005284216077127,4.163170529646276,6.984227372861703,4.555284216077128,High_Plateau,0.6540488556345817,0.7881659640908978,36,-0.00308099
Abutilon,Glaucium,10,5.5,3.3749106950053753,5.337455347502687,3.7624732085016124,6.449964278002151,3.887455347502688,High_Plateau,0.6809269454521425,0.7677690934158666,27,-0.002178752
Abutilon,Glinus,10,5.5,2.853445808757029,5.0767229043785145,3.6060337426271087,6.241378323502811,3.6267229043785147,High_Plateau,0.3866210397336536,0.211881185,31,-0.001414707
Abutilon,Globularia,10,5.5,5.693190629641636,6.4965953148208175,4.4579571888924905,7.377276251856655,5.046595314820818,High_Plateau,0.6587023926426544,0.8137781038049838,38,-0.002414538
Abutilon,Glyceria,10,5.5,5.055639482078952,6.177819741039476,4.2666918446236854,7.122255792831581,4.727819741039476,High_Plateau,0.553610648,0.6116728967469136,39,-0.00171006
Abutilon,Glycine,10,5.5,4.947929451616695,6.123964725808348,4.234378835485009,7.0791717806466785,4.673964725808348,High_Plateau,0.5732940230214008,0.6266076170118122,36,-0.002837581
Abutilon,Gomphocarpus,10,5.5,6.9412534369704675,7.120626718485234,4.832376031,7.876501374788187,5.670626718485234,High_Plateau,0.6354562565337943,0.7999945146745859,42,-0.001574392
Abutilon,Gypsophila,10,5.5,3.882009942,5.591004971,3.9146029824889457,6.652803976651928,4.141004971,High_Plateau,0.6774388168209876,0.8265925799756486,35,-0.002410348
Abutilon,Halimione,10,5.5,5.616325926503297,6.458162963251649,4.434897777950989,7.346530370601319,5.008162963251649,High_Plateau,0.3690329800748808,0.1685829775103101,30,-0.001900155
Abutilon,Halimium,10,5.5,6.948352862747954,7.124176431373977,4.834505858824386,7.879341145099182,5.6741764313739775,High_Plateau,0.5141776375820383,0.3543160098072009,17,-0.013365317
Abutilon,Halopeplis,10,5.5,2.880098738425429,5.090049369212714,3.614029621527629,6.2520394953701715,3.640049369212715,High_Plateau,0.3420405713335872,0.1557570744652723,35,-0.002215275
Abutilon,Haplophyllum,10,5.5,4.520004349418077,5.910002174709039,4.106001304825423,6.908001739767231,4.460002174709039,High_Plateau,0.5009307375627151,0.3507818644712879,20,-0.004875919
Abutilon,Hedera,10,5.5,7.255280610269091,7.277640305134545,4.9265841830807275,8.002112244107636,5.827640305134546,High_Plateau,0.6409850803453766,0.7618944482818193,36,-0.002361164
Abutilon,Hedypnois,10,5.5,3.174534081,5.23726704,3.7023602241967337,6.3698136322623125,3.7872670403278903,High_Plateau,0.6169872277992025,0.8041238746418259,47,-0.001432027
Abutilon,Hedysarum,10,5.5,4.164458001686337,5.732229000843168,3.999337400505901,6.7657832006745355,4.282229000843168,High_Plateau,0.6652671287345929,0.8185019661167652,37,-0.001482379
Abutilon,Helianthemum,10,5.5,6.247449909627014,6.773724954813507,4.624234972888104,7.598979963850805,5.323724954813507,High_Plateau,0.7554725467676865,0.8057261740634877,14,0.019245282
Abutilon,Helianthus,10,5.5,4.0737978565390085,5.686898928269504,3.9721393569617023,6.729519142615604,4.236898928269504,High_Plateau,0.6174083805264621,0.8379106174630686,51,-0.001770652
Abutilon,Helichrysum,10,5.5,4.3186268485621815,5.809313424281091,4.045588054568654,6.827450739424872,4.3593134242810905,High_Plateau,0.6730391046952613,0.8423969069289763,38,-0.002141433
Abutilon,Helictotrichon,10,5.5,5.190106803080408,6.245053401540204,4.307032040924122,7.176042721232163,4.795053401540204,High_Plateau,0.5113440273907576,0.5849468816496404,46,-0.003074956
Abutilon,Heliotropium,10,5.5,3.315995456914941,5.307997728457471,3.7447986370744824,6.426398182765976,3.8579977284574705,High_Plateau,0.6884154924179832,0.8237613663324318,32,-0.001775195
Abutilon,Heracleum,10,5.5,4.3553900523727656,5.827695026186383,4.056617015711829,6.842156020949107,4.377695026186383,High_Plateau,0.6267200868392238,0.815426249,46,-0.001711197
Abutilon,Herniaria,10,5.5,3.5432172238119883,5.421608611905994,3.8129651671435965,6.5172868895247955,3.971608611905994,High_Plateau,0.6908623755167604,0.8123732706571261,30,-0.002557667
Abutilon,Hibiscus,10,5.5,5.390199975662832,6.345099987831416,4.367059993,7.256079990265134,4.895099987831417,High_Plateau,0.8938711182093941,0.9848118342143972,6,0.1790355726657902
Abutilon,Hippocrepis,10,5.5,5.504889793746876,6.402444896873438,4.401466938124063,7.301955917,4.952444896873438,High_Plateau,0.7025443422379408,0.8684375283834908,34,-0.001675726
Abutilon,Hohenackeria,10,5.5,3.1621553263278264,5.231077663163913,3.698646597898348,6.364862130531131,3.7810776631639134,High_Plateau,0.6668154153609023,0.7969158814149446,34,-0.00135676
Abutilon,Holcus,10,5.5,4.610431602540272,5.9552158012701355,4.133129480762081,6.9441726410161095,4.505215801270136,High_Plateau,0.5152247997257674,0.6088862175089114,48,-0.001772131
Abutilon,Hordeum,10,5.5,3.901475683449245,5.600737841724622,3.920442705034773,6.6605902733796984,4.150737841724623,High_Plateau,0.5142288170952709,0.5741326235291341,44,-0.002347549
Abutilon,Hornungia,10,5.5,3.059049351275517,5.179524675637758,3.667714805382655,6.323619740510207,3.7295246756377587,High_Plateau,0.7192870482706232,0.7868856852529792,20,-0.001831916
Abutilon,Humulus,10,5.5,4.453173293871349,5.8765866469356745,4.085951988161405,6.881269318,4.426586646935675,High_Plateau,0.4844062864819476,0.3910257569251416,29,-0.001476879
Abutilon,Hyacinthoides,10,5.5,4.868980308049601,6.084490154024801,4.210694092,7.047592123,4.6344901540248005,High_Plateau,0.593816234,0.7003400350866577,40,-0.001893995
Abutilon,Hydrocotyle,10,5.5,4.168985791670877,5.734492895835438,4.000695737501263,6.767594316668351,4.284492895835438,High_Plateau,0.6997745089176588,0.8466042032188735,32,-0.002399215
Abutilon,Hyoscyamus,10,5.5,3.2063915698624674,5.253195784931234,3.711917471,6.382556627944988,3.803195784931234,High_Plateau,0.6739828934399833,0.8359101625656009,37,-0.001365714
Abutilon,Hyoseris,10,5.5,4.394771470008639,5.847385735,4.068431441002591,6.857908588003456,4.3973857350043195,High_Plateau,0.4823226759382369,0.5266309112032829,46,-0.001708619
Abutilon,Hypecoum,10,5.5,2.65047641,4.975238204807815,3.545142922884689,6.160190563846252,3.525238204807815,High_Plateau,0.5370341066227438,0.4717277663900043,26,-0.001996396
Abutilon,Hypericum,10,5.5,5.007992173435083,6.153996086717541,4.252397652030525,7.103196869374033,4.703996086717542,High_Plateau,0.5886638295235573,0.5831302399864425,27,-0.001615644
Abutilon,Hypochaeris,10,5.5,4.552069019,5.926034509262944,4.115620705557767,6.920827607410356,4.476034509262945,High_Plateau,0.6630935085082079,0.8800891575269043,45,-0.002387415
Abutilon,Hypolepis,10,5.5,4.799709082,6.049854541,4.189912724467406,7.019883632623208,4.599854541,High_Plateau,0.3220616504380574,0.14853372,39,-0.00150415
Abutilon,Iberis,10,5.5,3.864131573913539,5.582065786956769,3.9092394721740615,6.645652629565416,4.132065787,High_Plateau,0.7087970384093504,0.815192608,26,-0.001691287
Abutilon,Ilex,10,5.5,6.935941784854371,7.117970892427186,4.830782535456311,7.874376713941748,5.667970892427186,High_Plateau,0.527592398,0.4610151407733168,27,-0.001754463
Abutilon,Indigofera,10,5.5,6.5255714500589175,6.912785725029458,4.707671435017675,7.710228580023568,5.462785725029459,High_Plateau,0.5473234103280538,0.5336471098515232,31,-0.003220624
Abutilon,Inula,10,5.5,4.600751118748945,5.950375559374472,4.130225335624683,6.9403004474995775,4.500375559374472,High_Plateau,0.662233439,0.8535828724594995,42,-0.00174436
Abutilon,Ionopsidium,10,5.5,3.079846159825098,5.189923079912549,3.673953847947529,6.331938463930039,3.739923079912549,High_Plateau,0.7210207186529999,0.7902621839343305,20,-0.001377706
Abutilon,Ipomoea,10,5.5,4.0849402044283964,5.692470102214198,3.9754820613285187,6.733976081771359,4.242470102214199,High_Plateau,0.5311445506104441,0.5420259970209547,36,-0.001424205
Abutilon,Iris,10,5.5,4.528643629513861,5.9143218147569305,4.108593088854159,6.9114574518055445,4.464321815,High_Plateau,0.6123469734554883,0.6963130821599296,35,-0.001931293
Abutilon,Isatis,10,5.5,3.428109746336879,5.364054873168439,3.7784329239010637,6.471243898534752,3.914054873,High_Plateau,0.6936549715933285,0.8014719254262976,28,-0.002316761
Abutilon,Isoetes,10,5.5,4.732944689,6.016472344,4.169883406580288,6.993177875440384,4.566472344300481,High_Plateau,0.4864840450143892,0.4118258379037034,31,-0.002507917
Abutilon,Isolepis,10,5.5,4.300077494,5.800038747,4.040023248173876,6.820030997565168,4.350038746956461,High_Plateau,0.510186238,0.5496810548716742,42,-0.002707274
Abutilon,Jasione,10,5.5,3.6374934763776428,5.4687467381888215,3.8412480429132927,6.5549973905510575,4.018746738188821,High_Plateau,0.6639284481657816,0.8160243045296015,37,-0.002480877
Abutilon,Jasminum,10,5.5,7.277887500947527,7.288943750473763,4.933366250284259,8.011155000379011,5.838943750473764,High_Plateau,0.4920703524368146,0.4314311324432627,32,-0.003575426
Abutilon,Jatropha,10,5.5,5.763314404627805,6.531657202313903,4.478994321388342,7.405325761851122,5.081657202313902,High_Plateau,0.5551740448377929,0.5655218120009321,33,-0.001896009
Abutilon,Juglans,10,5.5,6.871158078887104,7.085579039443552,4.811347423666131,7.848463231554842,5.635579039443552,High_Plateau,0.5157521402123851,0.453707738,29,-0.001428247
Abutilon,Juncus,10,5.5,4.821002324848757,6.060501162424378,4.196300697454627,7.028400929939503,4.610501162424379,High_Plateau,0.5586177452844863,0.5723697963502493,33,-0.001698926
Abutilon,Juniperus,10,5.5,7.007293605,7.153646803,4.852188081603751,7.902917442138336,5.703646803,High_Plateau,0.4118172377929213,0.2787568751710299,33,-0.001639395
Abutilon,Jurinea,10,5.5,4.370364188,5.835182093991795,4.061109256395077,6.848145675193436,4.385182093991795,High_Plateau,0.6480814888135387,0.8089950488006784,40,-0.00251652
Abutilon,Kalanchoe,10,5.5,4.526066738448844,5.913033369224422,4.107820021534653,6.910426695379538,4.463033369224423,High_Plateau,0.5619006427058628,0.5133404211672117,25,-0.002490199
Abutilon,Kickxia,10,5.5,3.6059399689647003,5.452969984,3.831781991,6.5423759875858805,4.002969984,High_Plateau,0.6531013209026248,0.810692967,39,-0.001903683
Abutilon,Knautia,10,5.5,4.500075587,5.9000377934447545,4.100022676066853,6.900030234755804,4.450037793444755,High_Plateau,0.6643062117089152,0.7920338581502665,34,-0.002038681
Abutilon,Koeleria,10,5.5,5.04186083,6.170930415,4.262558249061512,7.116744332082016,4.720930415,High_Plateau,0.4996673370754843,0.6187992099952714,53,-0.001432268
Abutilon,Lactuca,10,5.5,3.135954536299311,5.217977268149656,3.6907863608897933,6.354381814519725,3.7679772681496555,High_Plateau,0.642866132,0.7904117695037833,39,-0.002849587
Abutilon,Lamium,10,5.5,3.458212678584233,5.379106339292116,3.787463804,6.483285071433693,3.9291063392921166,High_Plateau,0.6043901986716027,0.7625491425671097,45,-0.001720438
Abutilon,Lappula,10,5.5,3.1102459385099466,5.205122969254973,3.683073781552984,6.344098375403979,3.7551229692549732,High_Plateau,0.6684477982075752,0.7922278610459282,33,-0.00268872
Abutilon,Lapsana,10,5.5,3.769428919,5.534714459475435,3.880828675685261,6.607771567580349,4.084714459475435,High_Plateau,0.6356843959405862,0.8251150675599654,45,-0.001608091
Abutilon,Laserpitium,10,5.5,4.2629684928200176,5.781484246410009,4.0288905478460055,6.805187397128007,4.3314842464100085,High_Plateau,0.6377086779309885,0.8210686402537732,44,-0.002229025
Abutilon,Lathyrus,10,5.5,3.9426546719836693,5.621327335991834,3.932796401595101,6.6770618687934675,4.171327335991835,High_Plateau,0.6489913778371157,0.8105998198636115,40,-0.001441485
Abutilon,Launaea,10,5.5,5.670588736,6.485294368153105,4.451176620891863,7.368235494522484,5.035294368153105,High_Plateau,0.4693996703102061,0.5089487596638337,47,-0.001432027
Abutilon,Laurus,10,5.5,7.5285935612280435,7.414296780614022,5.008578068368413,8.111437424491218,5.964296780614022,High_Plateau,0.5994983159738776,0.6047471086373432,27,-0.001355123
Abutilon,Lavandula,10,5.5,7.191882794507744,7.245941397253872,4.907564838352323,7.9767531178030975,5.795941397253872,High_Plateau,0.6279155700326896,0.7523448806439664,38,-0.003116648
Abutilon,Leersia,10,5.5,4.421398257710909,5.860699128855455,4.076419477313273,6.868559303084364,4.410699128855455,High_Plateau,0.4798691320102419,0.4559105571766707,38,-0.001409411
Abutilon,Legousia,10,5.5,3.1256609238386703,5.212830461919335,3.687698277151601,6.350264369535468,3.7628304619193353,High_Plateau,0.6204632237870344,0.7536066500408036,40,-0.001757177
Abutilon,Lemna,10,5.5,4.843138931501466,6.071569465750732,4.202941679,7.0372555726005865,4.621569465750733,High_Plateau,0.6812321096286151,0.8093859755332393,32,-0.001732069
Abutilon,Leontodon,10,5.5,4.296165031658056,5.798082515829028,4.038849509497417,6.818466012663222,4.348082515829028,High_Plateau,0.60114178,0.772432979,47,-0.001432027
Abutilon,Lepidium,10,5.5,3.7249847162267185,5.512492358113359,3.8674954148680154,6.589993886490688,4.062492358113359,High_Plateau,0.7057025682275309,0.7761387796820017,22,-0.001750408
Abutilon,Leucanthemum,10,5.5,4.362819084,5.831409541971735,4.0588457251830405,6.845127633577388,4.381409541971735,High_Plateau,0.5967321468405608,0.77189338,48,-0.001734473
Abutilon,Leuzea,10,5.5,3.420530642035789,5.360265321017894,3.7761591926107365,6.468212256814316,3.910265321017895,High_Plateau,0.6688231487462976,0.8092091180111002,35,-0.001649719
Abutilon,Ligusticum,10,5.5,4.9342646411664015,6.117132320583201,4.230279392349921,7.073705856,4.667132320583201,High_Plateau,0.6572271575155313,0.8190824678605992,39,-0.002592819
Abutilon,Ligustrum,10,5.5,7.237611641503738,7.268805820751869,4.9212834924511215,7.995044656601495,5.818805820751869,High_Plateau,0.6429820373456209,0.7657586399065175,36,-0.001712552
Abutilon,Lilium,10,5.5,5.022501822513859,6.161250911256929,4.256750546754158,7.109000729005544,4.711250911256929,High_Plateau,0.5528294202640713,0.5937771903569372,37,-0.002235585
Abutilon,Limonium,10,5.5,4.819969593003825,6.0599847965019125,4.195990877901147,7.027987837201531,4.609984796501912,High_Plateau,0.6751807942235215,0.7890369475084449,31,-0.001595973
Abutilon,Linaria,10,5.5,3.554262656468365,5.427131328234182,3.8162787969405096,6.521705062587346,3.977131328234183,High_Plateau,0.6244245689912453,0.7616898296786733,40,-0.002559623
Abutilon,Linum,10,5.5,3.872597001026222,5.586298500513111,3.9117791003078666,6.649038800410489,4.136298500513111,High_Plateau,0.7169246831331547,0.831439072,26,-0.001647157
Abutilon,Lithodora,10,5.5,6.956275806832282,7.128137903416141,4.836882742049685,7.882510322732912,5.678137903416141,High_Plateau,0.6776421171144007,0.8023833540729357,32,-0.002618887
Abutilon,Lobularia,10,5.5,3.958762605865686,5.629381302932843,3.937628781759706,6.683505042346274,4.1793813029328435,High_Plateau,0.673252573,0.8180473013824573,35,-0.001546394
Abutilon,Loeflingia,10,5.5,3.1126923178641435,5.206346158932072,3.683807695359243,6.345076927145658,3.7563461589320717,High_Plateau,0.6845621409133626,0.7914581151446768,29,-0.002080125
Abutilon,Logfia,10,5.5,3.0206299604161475,5.160314980208073,3.6561889881248444,6.308251984166459,3.710314980208074,High_Plateau,0.2842291508396317,0.155120699,49,-0.001805138
Abutilon,Lolium,10,5.5,3.1987668397841085,5.249383419892054,3.7096300519352328,6.379506735913644,3.799383419892054,High_Plateau,0.4431868376556944,0.4483671545054441,46,-0.001748218
Abutilon,Lonicera,10,5.5,7.282200864683419,7.291100432341709,4.9346602594050255,8.012880345873368,5.841100432,High_Plateau,0.6578080044071501,0.7708391881480852,33,-0.002143294
Abutilon,Lotononis,10,5.5,7.349134478171351,7.324567239085676,4.954740343451405,8.039653791,5.874567239085676,High_Plateau,0.3918770146831799,0.2143440384052963,30,-0.002265114
Abutilon,Lotus,10,5.5,4.141308590265787,5.720654295132894,3.9923925770797357,6.756523436106315,4.270654295132894,High_Plateau,0.6799495810252711,0.864369885,39,-0.001805671
Abutilon,Lupinus,10,5.5,4.306159051386982,5.803079525693491,4.041847715416095,6.822463620554792,4.3530795256934915,High_Plateau,0.7247016954714118,0.8801619522679782,30,-0.003107875
Abutilon,Luzula,10,5.5,4.766440168776931,6.033220084388466,4.179932050633079,7.006576067510773,4.583220084388466,High_Plateau,0.544564276,0.5442628579136769,33,-0.001698926
Abutilon,Lycium,10,5.5,6.981402414612901,7.140701207,4.844420724,7.892560966,5.690701207,High_Plateau,0.6549035717813663,0.7896090584541104,36,-0.0017493
Abutilon,Lycopus,10,5.5,4.703781318900201,6.001890659,4.161134396,6.9815125275600804,4.551890659,High_Plateau,0.6147114059828859,0.7833182503800384,45,-0.002353904
Abutilon,Lysimachia,10,5.5,5.362063315375344,6.331031657687672,4.358618994612603,7.244825326150138,4.8810316576876716,High_Plateau,0.5248223044222914,0.5130352657257382,34,-0.001884791
Abutilon,Lythrum,10,5.5,3.44021038,5.37010519,3.7820631140868137,6.476084152115752,3.92010519,High_Plateau,0.7222352568893118,0.8091275124203231,22,-0.001367185
Abutilon,Magnolia,10,5.5,7.2745354404400215,7.287267720220011,4.932360632132006,8.009814176,5.8372677202200105,High_Plateau,0.5096971439333973,0.4089134775913364,25,-0.002390469
Abutilon,Malope,10,5.5,3.5240585073541073,5.412029253677053,3.8072175522062324,6.509623402941643,3.962029253677054,High_Plateau,0.7979461187389919,0.872467321,8,-0.136300075
Abutilon,Malva,10,5.5,3.1756554671050012,5.237827733552501,3.7026966401315002,6.370262186842001,3.7878277335525006,High_Plateau,0.8308728872110749,0.9554627041659328,9,-0.180913416
Abutilon,Mandragora,10,5.5,4.691399272159932,5.995699636079966,4.157419781647979,6.976559708863973,4.545699636079966,High_Plateau,0.3604426875678296,0.2009443259362617,36,-0.00303448
Abutilon,Marrubium,10,5.5,4.694434767014052,5.997217383507026,4.158330430104216,6.977773906805621,4.547217383507026,High_Plateau,0.6089995802649537,0.7799269623358491,46,-0.001419831
Abutilon,Marsilea,10,5.5,4.369577429755427,5.834788714877714,4.060873228926628,6.847830971902171,4.384788714877714,High_Plateau,0.4887802778529758,0.4655822242239164,37,-0.001752178
Abutilon,Matricaria,10,5.5,3.6013605830712394,5.450680292,3.830408174921372,6.540544233228496,4.000680292,High_Plateau,0.6155256385161632,0.8096118548265531,48,-0.00239193
Abutilon,Matthiola,10,5.5,3.893496950069044,5.596748475034522,3.918049085020713,6.657398780027618,4.1467484750345225,High_Plateau,0.7224590330384659,0.8179828366576953,23,-0.002310154
Abutilon,Medicago,10,5.5,3.799992086120986,5.549996043060493,3.889997625836296,6.619996834448394,4.099996043060493,High_Plateau,0.6837739944932938,0.8884442614815604,41,-0.001741636
Abutilon,Melaleuca,10,5.5,6.888700136911842,7.094350068,4.816610041073552,7.855480054764737,5.644350068455921,High_Plateau,0.3613299019316436,0.1038464028447191,24,-0.001823406
Abutilon,Melampyrum,10,5.5,3.1256609238386703,5.212830461919335,3.687698277151601,6.350264369535468,3.7628304619193353,High_Plateau,0.6326518715925864,0.7536066500408036,37,-0.00315837
Abutilon,Melica,10,5.5,4.4213982577109086,5.860699128855455,4.076419477313273,6.868559303084364,4.4106991288554545,High_Plateau,0.4757294780665626,0.4559105571766707,39,-0.00171006
Abutilon,Melilotus,10,5.5,3.1488948136640027,5.2244474068320015,3.694668444099201,6.359557925465602,3.7744474068320013,High_Plateau,0.6648606709635061,0.8587891137765378,42,-0.001503243
Abutilon,Mentha,10,5.5,4.731403363420842,6.015701681710421,4.1694210090262525,6.992561345368337,4.565701681710421,High_Plateau,0.6288512586309678,0.8116400182807176,45,-0.002564217
Abutilon,Mercurialis,10,5.5,4.2399375565429755,5.769968778271488,4.021981266962893,6.795975023,4.3199687782714875,High_Plateau,0.5065049538254133,0.476348199,34,-0.001622961
Abutilon,Mesembryanthemum,10,5.5,3.058298676664573,5.179149338332286,3.667489602999372,6.3233194706658296,3.7291493383322867,High_Plateau,0.6741158465137167,0.7869385345994019,31,-0.001753386
Abutilon,Micromeria,10,5.5,6.118688897454405,6.709344448727203,4.585606669236322,7.547475558981763,5.2593444487272025,High_Plateau,0.305444709,0.1646726791469911,45,-0.001793017
Abutilon,Milium,10,5.5,3.5386695061724143,5.419334753086207,3.811600851851724,6.515467802468966,3.9693347530862075,High_Plateau,0.4281865286356947,0.4511731977734473,50,-0.001397963
Abutilon,Minuartia,10,5.5,4.478307509074562,5.889153754537281,4.093492252722369,6.891323003629825,4.439153754537282,High_Plateau,0.5518036287326636,0.5504965906986484,32,-0.001569954
Abutilon,Mirabilis,10,5.5,4.636507058860297,5.968253529430148,4.140952117658089,6.9546028235441195,4.518253529430149,High_Plateau,0.5445486928456031,0.5443030153624875,33,-0.002055546
Abutilon,Miscanthus,10,5.5,4.431349040878656,5.8656745204393275,4.079404712263597,6.872539616351462,4.415674520439328,High_Plateau,0.3121251669476771,0.1534372652973808,42,-0.002099041
Abutilon,Misopates,10,5.5,2.8460077812185145,5.073003890609257,3.6038023343655543,6.238403112487406,3.623003890609257,High_Plateau,0.6055497814407991,0.7483786978278982,43,-0.001464168
Abutilon,Moehringia,10,5.5,4.2554603353733045,5.777730167686652,4.026638100611992,6.802184134149321,4.327730167686653,High_Plateau,0.6690586599815926,0.8097917293309636,35,-0.002207663
Abutilon,Moenchia,10,5.5,3.1156317944552585,5.207815897227629,3.6846895383365776,6.346252717782104,3.7578158972276294,High_Plateau,0.6520059572864014,0.7919887341333542,37,-0.001527933
Abutilon,Montia,10,5.5,3.044573523,5.172286761,3.663372056893976,6.317829409191968,3.7222867614899604,High_Plateau,0.6293017006076849,0.7219521373414627,34,-0.001675187
Abutilon,Moricandia,10,5.5,4.878154525881181,6.089077263,4.213446357764354,7.0512618103524725,4.6390772629405905,High_Plateau,0.5078345621993811,0.4954958272667248,36,-0.00187324
Abutilon,Morus,10,5.5,6.856455282143043,7.078227641071521,4.806936584642912,7.842582112857217,5.628227641071522,High_Plateau,0.3714690022081038,0.1569840214877034,28,-0.001736935
Abutilon,Muehlenbeckia,10,5.5,6.163410566910754,6.731705283455376,4.599023170073226,7.565364226764302,5.281705283455377,High_Plateau,0.5049636234449123,0.4978780189876123,37,-0.001397696
Abutilon,Muscari,10,5.5,4.414018576030243,5.857009288015121,4.074205572809072,6.865607430412098,4.4070092880151215,High_Plateau,0.6453028828496734,0.8033133318627286,40,-0.001893995
Abutilon,Myoporum,10,5.5,6.902203654075552,7.101101827037776,4.820661096222666,7.860881461630221,5.651101827037776,High_Plateau,0.4674091739283015,0.455932348,41,-0.002830272
Abutilon,Myosotis,10,5.5,3.845276167338288,5.572638083669144,3.903582850201486,6.6381104669353155,4.122638083669144,High_Plateau,0.6784621051667112,0.8204717932530194,34,-0.002669421
Abutilon,Myriophyllum,10,5.5,4.870274342,6.085137170959695,4.211082302575817,7.048109736767756,4.635137170959695,High_Plateau,0.5711567689905016,0.5316565299844795,25,-0.001509481
Abutilon,Najas,10,5.5,3.224500947158764,5.262250473579382,3.717350284147629,6.389800378863505,3.812250473579382,High_Plateau,0.5109194075975538,0.468704324,32,-0.001450829
Abutilon,Narcissus,10,5.5,4.660577365093318,5.980288682546659,4.148173209527996,6.964230946037327,4.530288683,High_Plateau,0.5991012796208457,0.6862696629535453,37,-0.001979354
Abutilon,Nasturtium,10,5.5,4.732576216818888,6.016288108409444,4.169772865045666,6.993030486727555,4.566288108409444,High_Plateau,0.7035782107981173,0.8047171867670343,26,-0.001502456
Abutilon,Nepeta,10,5.5,4.379112899858881,5.83955645,4.063733869957664,6.851645159943553,4.38955645,High_Plateau,0.5897378057538679,0.7250750139071276,44,-0.001969615
Abutilon,Nicotiana,10,5.5,3.8372494716959844,5.568624735847992,3.9011748415087952,6.6348997886783945,4.118624735847993,High_Plateau,0.6862423879331198,0.8440217628061724,35,-0.001520551
Abutilon,Nigella,10,5.5,3.1929363535230744,5.246468176761537,3.707880906056922,6.3771745414092305,3.7964681767615374,High_Plateau,0.6555195197906422,0.7497513689340198,31,-0.001780825
Abutilon,Nonea,10,5.5,3.3063900596794773,5.303195029839738,3.7419170179038432,6.422556023871791,3.853195029839739,High_Plateau,0.6679851181692835,0.7994382228341952,34,-0.002271439
Abutilon,Nuphar,10,5.5,4.732730179751495,6.016365089875747,4.1698190539254485,6.993092071900598,4.566365089875747,High_Plateau,0.6931699626760028,0.7920681106909475,27,-0.001243666
Abutilon,Nymphaea,10,5.5,4.342397088484649,5.821198544242325,4.052719126545394,6.836958835,4.371198544242325,High_Plateau,0.7005936415420458,0.8069154684230334,27,-0.001243666
Abutilon,Nymphoides,10,5.5,4.202130494281571,5.751065247140785,4.010639148284471,6.780852197712628,4.3010652471407855,High_Plateau,0.6744369755929048,0.8122621973226388,34,-0.001872738
Abutilon,Ocimum,10,5.5,3.650000660666372,5.475000330333186,3.8450001981999113,6.560000264266549,4.025000330333186,High_Plateau,0.4390374787308849,0.407158606,42,-0.001582629
Abutilon,Odontites,10,5.5,3.5280135584038095,5.414006779201904,3.808404067521143,6.511205423361524,3.964006779201905,High_Plateau,0.6382444561011305,0.7973730337109874,41,-0.001680882
Abutilon,Oenanthe,10,5.5,4.395307705712932,5.847653852856466,4.068592311713879,6.858123082285173,4.397653852856466,High_Plateau,0.6629419791971337,0.8468706985872195,41,-0.002193975
Abutilon,Onobrychis,10,5.5,4.626424295118462,5.963212147559231,4.137927288535539,6.950569718047385,4.513212147559232,High_Plateau,0.6911037361869776,0.8702222493460781,37,-0.00171772
Abutilon,Ononis,10,5.5,4.542420471947762,5.921210235973881,4.112726141584329,6.916968188779105,4.4712102359738815,High_Plateau,0.6737884796558503,0.8603533212181415,40,-0.002237974
Abutilon,Onopordum,10,5.5,2.7628097790267416,5.031404889513371,3.5788429337080223,6.205123911610697,3.581404889513371,High_Plateau,0.5975090277608455,0.7324420971488828,43,-0.002188701
Abutilon,Ophioglossum,10,5.5,5.236727908787412,6.268363954393706,4.321018372636224,7.194691163514965,4.818363954393706,High_Plateau,0.3585706103574037,0.1558687727721329,31,-0.001856938
Abutilon,Ophrys,10,5.5,4.76786632,6.03393316,4.180359895943564,7.007146527924752,4.58393316,High_Plateau,0.6316299916561103,0.7596736741536706,38,-0.002616399
Abutilon,Opuntia,10,5.5,6.402782358627868,6.851391179313934,4.6708347075883605,7.661112943451148,5.401391179313935,High_Plateau,0.5141120594785031,0.4999736972914327,35,-0.002583508
Abutilon,Orchis,10,5.5,4.926637326565657,6.113318663282828,4.227991197969697,7.070654930626263,4.663318663282828,High_Plateau,0.5848718280886963,0.6661303058135188,38,-0.002481193
Abutilon,Origanum,10,5.5,6.027323177,6.663661588524954,4.558196953114972,7.510929270819965,5.213661588524955,High_Plateau,0.6211540696424172,0.8042389426379272,46,-0.001434839
Abutilon,Ornithogalum,10,5.5,4.498908690697409,5.899454345348705,4.099672607209222,6.8995634762789635,4.4494543453487045,High_Plateau,0.6259464556073482,0.7566461457155822,39,-0.003218227
Abutilon,Ornithopus,10,5.5,2.915585322046712,5.107792661023356,3.6246755966140136,6.2662341288186845,3.657792661023356,High_Plateau,0.6644537148659259,0.8170154778814606,37,-0.002184076
Abutilon,Orobanche,10,5.5,4.637649911,5.968824955252694,4.141294973151616,6.955059964202157,4.518824955252695,High_Plateau,0.6328765726895856,0.7619810002267914,38,-0.001687219
Abutilon,Osmunda,10,5.5,4.793130521849266,6.046565260924632,4.187939157,7.0172522087397065,4.596565260924633,High_Plateau,0.4843442525771198,0.4076706851056328,31,-0.003130078
Abutilon,Osyris,10,5.5,7.284692175247075,7.292346087623537,4.935407652574122,8.01387687,5.842346087623538,High_Plateau,0.3347898995991765,0.1083610004934874,31,-0.002125185
Abutilon,Oxalis,10,5.5,4.7833124853884845,6.041656242694242,4.184993745616545,7.0133249941553935,4.591656242694242,High_Plateau,0.6207211459112678,0.6227450149840462,24,-0.002404027
Abutilon,Oxytropis,10,5.5,4.700611169589298,6.000305584794649,4.160183350876789,6.980244467835719,4.550305584794649,High_Plateau,0.6757149015918689,0.8394410857971014,37,-0.001700249
Abutilon,Paeonia,10,5.5,4.892126663888418,6.096063331944209,4.217637999166525,7.056850665555368,4.646063331944209,High_Plateau,0.6702885828501822,0.6980135290481388,21,-0.006359899
Abutilon,Pancratium,10,5.5,4.585997863045429,5.942998931522714,4.125799358913628,6.934399145218172,4.492998931522715,High_Plateau,0.6043701042270697,0.7049903688709008,38,-0.001798747
Abutilon,Panicum,10,5.5,4.080473456572933,5.690236728286466,3.974142037,6.732189382629173,4.240236728286467,High_Plateau,0.5494290400735111,0.6198732994883003,41,-0.002336371
Abutilon,Papaver,10,5.5,3.636450293096266,5.468225146548133,3.8409350879288797,6.5545801172385065,4.018225146548133,High_Plateau,0.6886731197919481,0.7996875227163547,29,-0.002117375
Abutilon,Parapholis,10,5.5,3.2893167882617522,5.294658394130876,3.736795036478526,6.415726715304701,3.8446583941308763,High_Plateau,0.4743444596429007,0.5271197464275861,48,-0.001743177
Abutilon,Parentucellia,10,5.5,3.1256609238386703,5.212830461919335,3.687698277151601,6.350264369535468,3.7628304619193353,High_Plateau,0.6204495039586744,0.7536066500408036,40,-0.001894375
Abutilon,Parietaria,10,5.5,3.6330766243149273,5.466538312157463,3.8399229872944782,6.553230649725971,4.016538312157464,High_Plateau,0.5252866758306338,0.4809697514158348,30,-0.001297067
Abutilon,Paronychia,10,5.5,4.318964943229923,5.809482471614961,4.045689482968977,6.827585977291969,4.359482471614962,High_Plateau,0.5528975142235545,0.5363731793668738,30,-0.002205823
Abutilon,Paspalum,10,5.5,4.8264096747615195,6.063204837380759,4.197922902428456,7.030563869904608,4.613204837,High_Plateau,0.3634454365009569,0.2642627350389004,43,-0.001927803
Abutilon,Passiflora,10,5.5,5.856680855023011,6.578340427511506,4.507004256506903,7.442672342009205,5.128340427511506,High_Plateau,0.5429921785219012,0.5001633798917055,28,-0.002401964
Abutilon,Pelargonium,10,5.5,5.9607258676922195,6.630362934,4.538217760307666,7.484290347076888,5.180362934,High_Plateau,0.5502418727902056,0.4485830456430247,20,-0.000770473
Abutilon,Periploca,10,5.5,6.9412534369704675,7.120626718485234,4.832376031,7.876501374788187,5.670626718485234,High_Plateau,0.6395702161110659,0.7999945146745859,41,-0.001530686
Abutilon,Persicaria,10,5.5,3.362686668619686,5.331343334309842,3.7588060005859054,6.445074667447875,3.881343334309843,High_Plateau,0.6872575536364186,0.8296528121206194,33,-0.001715921
Abutilon,Petasites,10,5.5,4.583424006663405,5.941712003331702,4.125027201999021,6.933369602665362,4.491712003331703,High_Plateau,0.4341672194071793,0.4222258238984445,45,-0.002333638
Abutilon,Petrorhagia,10,5.5,3.451340929303502,5.375670464651751,3.785402279,6.480536371721401,3.925670464651751,High_Plateau,0.6541868653565529,0.7963978521302828,37,-0.001764443
Abutilon,Petroselinum,10,5.5,3.1621553263278264,5.231077663163913,3.698646597898348,6.364862130531131,3.7810776631639134,High_Plateau,0.6298182907632865,0.7969158814149446,43,-0.001464993
Abutilon,Phacelia,10,5.5,3.3918605492561125,5.345930274628056,3.7675581647768337,6.456744219702445,3.895930274628056,High_Plateau,0.6535430645463665,0.803275459,38,-0.001494596
Abutilon,Phagnalon,10,5.5,6.938982952086766,7.1194914760433825,4.831694886,7.875593180834707,5.669491476043383,High_Plateau,0.4139939945885474,0.3735629433559777,44,-0.001847374
Abutilon,Phalaris,10,5.5,3.9608268268814775,5.630413413440738,3.9382480480644433,6.684330730752591,4.180413413440739,High_Plateau,0.5132159169466324,0.6051465290063943,48,-0.003162517
Abutilon,Phillyrea,10,5.5,6.893644942386613,7.096822471193306,4.818093482715984,7.857457976954645,5.646822471193307,High_Plateau,0.655722708,0.7911838565523709,36,-0.001431929
Abutilon,Phlomis,10,5.5,6.5166345779488015,6.908317289,4.704990373,7.706653831179521,5.458317288974401,High_Plateau,0.4520108966732931,0.449696777,44,-0.002347519
Abutilon,Phoenix,10,5.5,6.919429328,7.109714664044455,4.825828798426673,7.867771731235564,5.659714664044455,High_Plateau,0.3620658202594348,0.1628288699759869,31,-0.001705325
Abutilon,Physalis,10,5.5,4.076038747735055,5.688019373867528,3.9728116243205163,6.730415499094022,4.238019373867528,High_Plateau,0.6973848164298593,0.8992411703237522,39,-0.001809742
Abutilon,Physospermum,10,5.5,4.678726789718966,5.989363394859483,4.153618037,6.971490715887587,4.539363394859484,High_Plateau,0.6400492553524539,0.7682549596594843,37,-0.00242608
Abutilon,Phytolacca,10,5.5,4.799464574621289,6.049732287310644,4.189839372386387,7.019785829848516,4.599732287310644,High_Plateau,0.6956201183592139,0.8220999281335952,30,-0.003613526
Abutilon,Picris,10,5.5,3.2428786953055497,5.271439347652775,3.722863608591665,6.397151478,3.821439347652775,High_Plateau,0.629017123,0.8200198059144926,46,-0.001708619
Abutilon,Pilosella,10,5.5,5.026145949355226,6.163072974677613,4.2578437848065676,7.110458379742091,4.713072974677614,High_Plateau,0.4976251974909927,0.5325961177540023,43,-0.001797107
Abutilon,Pilularia,10,5.5,5.142394542532585,6.221197271266293,4.292718362759776,7.156957817013034,4.771197271266293,High_Plateau,0.5727874794386081,0.633596627,37,-0.001752178
Abutilon,Pimpinella,10,5.5,4.015237286349989,5.657618643174994,3.954571185904997,6.706094914539996,4.207618643174994,High_Plateau,0.6639366663983141,0.8242326800450972,38,-0.002344681
Abutilon,Pinus,10,5.5,7.0759143767497035,7.187957188374852,4.872774313024911,7.930365750699881,5.7379571883748515,High_Plateau,0.3911949908823297,0.2292956731174099,32,-0.001651744
Abutilon,Piptatherum,10,5.5,4.462295770987014,5.881147885493506,4.088688731296104,6.884918308394806,4.431147885493507,High_Plateau,0.3039934278991489,0.1535405218738575,44,-0.001740933
Abutilon,Pistacia,10,5.5,6.898552246,7.099276123045065,4.819565673827039,7.859420898436053,5.649276123045065,High_Plateau,0.4195812791629445,0.1716049799821341,18,-0.004677862
Abutilon,Pistorinia,10,5.5,2.65047641,4.975238204807815,3.545142922884689,6.160190563846252,3.525238204807815,High_Plateau,0.5411225671243527,0.4717277663900043,25,-0.002207681
Abutilon,Pittosporum,10,5.5,6.932077381151437,7.116038690575719,4.829623214345431,7.872830952460575,5.666038690575719,High_Plateau,0.5043765926057839,0.4721497041697674,34,-0.001914102
Abutilon,Plantago,10,5.5,3.943374060051338,5.621687030025669,3.9330122180154015,6.677349624020535,4.171687030025669,High_Plateau,0.4693061590242658,0.4513885400572854,40,-0.002237274
Abutilon,Platanthera,10,5.5,4.758565011387838,6.029282505693919,4.177569503416351,7.003426004555136,4.579282506,High_Plateau,0.6187933719229213,0.7502857281696859,40,-0.001851086
Abutilon,Platycapnos,10,5.5,2.65047641,4.975238204807815,3.545142922884689,6.160190563846252,3.525238204807815,High_Plateau,0.5370056046583426,0.4717277663900043,26,-0.002281416
Abutilon,Poa,10,5.5,4.871862228671418,6.085931114335709,4.211558668601425,7.0487448914685675,4.635931114335709,High_Plateau,0.3452383683805569,0.2690330866810516,48,-0.002370791
Abutilon,Polycarpon,10,5.5,3.4791619054304594,5.389580953,3.7937485716291377,6.491664762172184,3.9395809527152297,High_Plateau,0.5130707303820397,0.465109312,31,-0.003058433
Abutilon,Polycnemum,10,5.5,2.839547056199148,5.069773528099574,3.6018641168597445,6.235818822,3.619773528099574,High_Plateau,0.6705237957741417,0.7797562261033053,31,-0.001762351
Abutilon,Polygala,10,5.5,4.978739807941514,6.139369903970756,4.243621942382454,7.0914959231766055,4.689369903970757,High_Plateau,0.717351671,0.815653742,24,-0.000642408
Abutilon,Polygonatum,10,5.5,4.764225279595191,6.032112639797596,4.179267583878557,7.005690111838076,4.582112639797596,High_Plateau,0.6026287411651438,0.7261540273870564,41,-0.001742999
Abutilon,Polygonum,10,5.5,3.729410901132504,5.514705450566252,3.8688232703397514,6.591764360453002,4.064705450566252,High_Plateau,0.6803849459506637,0.8078186921981027,32,-0.002367289
Abutilon,Polypodium,10,5.5,4.835567224769138,6.067783612384568,4.200670167430741,7.034226889907655,4.617783612384569,High_Plateau,0.5991445318327291,0.7357158457362185,43,-0.002202404
Abutilon,Polypogon,10,5.5,4.190930776554528,5.745465388277264,4.007279232966359,6.776372310621811,4.295465388277265,High_Plateau,0.491980802,0.6199009089593781,55,-0.001614333
Abutilon,Polystichum,10,5.5,4.801971023698629,6.050985511849314,4.190591307109589,7.020788409479452,4.600985511849315,High_Plateau,0.4525030565710622,0.4258996887788547,41,-0.001728152
Abutilon,Populus,10,5.5,6.329594827394394,6.814797413697197,4.648878448218318,7.631837930957758,5.364797413697197,High_Plateau,0.4611045917360116,0.3526365828005365,30,-0.001452065
Abutilon,Portulaca,10,5.5,3.332120207841779,5.316060104,3.7496360623525335,6.432848083136712,3.8660601039208897,High_Plateau,0.6923263129807604,0.8316575870266463,32,-0.002148093
Abutilon,Potamogeton,10,5.5,4.563474710695295,5.931737355347647,4.1190424132085885,6.925389884278118,4.481737355347647,High_Plateau,0.555048617,0.5404975843931407,30,-0.001316816
Abutilon,Potentilla,10,5.5,4.8227779799943775,6.061388989997189,4.196833393998313,7.029111191997751,4.611388989997189,High_Plateau,0.5430584567048631,0.5167023957270607,30,-0.00224248
Abutilon,Primula,10,5.5,4.408919728930595,5.854459864465298,4.072675918679178,6.863567891572238,4.404459864465298,High_Plateau,0.6425293472892335,0.7319990557466763,32,-0.001825094
Abutilon,Prosopis,10,5.5,6.959672597900816,7.1298362989504085,4.837901779370245,7.883869039160327,5.679836298950408,High_Plateau,0.4087683765564561,0.2480412038560014,30,-0.001837322
Abutilon,Prunella,10,5.5,4.573311927031711,5.936655963515856,4.121993578109514,6.929324770812684,4.486655963515856,High_Plateau,0.60974173,0.7650828628941976,44,-0.001969615
Abutilon,Prunus,10,5.5,6.998342534096121,7.149171267048061,4.849502760228836,7.899337013638449,5.699171267048061,High_Plateau,0.6935052614862411,0.8093332330095103,29,-0.002024509
Abutilon,Psidium,10,5.5,6.943168780092348,7.1215843900461735,4.832950634027704,7.877267512036939,5.671584390046174,High_Plateau,0.7054847451402201,0.8003139402390402,25,-0.00151677
Abutilon,Pteris,10,5.5,5.085653177725463,6.192826588862731,4.275695953317639,7.134261271090185,4.742826588862732,High_Plateau,0.3351598451936002,0.1747687993216352,39,-0.001697599
Abutilon,Ptilostemon,10,5.5,4.829896971803771,6.064948485901885,4.198969091541131,7.031958788721509,4.614948485901886,High_Plateau,0.3079401450054315,0.1779676799005675,46,-0.002217771
Abutilon,Puccinellia,10,5.5,4.725192138642355,6.0125960693211775,4.1675576415927065,6.990076855456943,4.562596069321177,High_Plateau,0.5330111495751776,0.6443741780944506,48,-0.001348436
Abutilon,Pulicaria,10,5.5,3.434140824883862,5.367070412441931,3.7802422474651585,6.4736563299535455,3.917070412441931,High_Plateau,0.6397944201988249,0.8250725410450008,44,-0.001391106
Abutilon,Quercus,10,5.5,6.846282495530172,7.073141247765086,4.803884748659051,7.838512998212069,5.623141247765086,High_Plateau,0.5177921672195143,0.4496289269050356,28,-0.001729812
Abutilon,Ranunculus,10,5.5,4.463955806084074,5.881977903042037,4.089186741825222,6.885582322433629,4.431977903042037,High_Plateau,0.5731543995841862,0.6016606218652244,33,-0.002786511
Abutilon,Raphanus,10,5.5,3.1148687199717457,5.207434359985873,3.6844606159915236,6.345947487988699,3.757434359985873,High_Plateau,0.6611070916196368,0.7775846373025527,33,-0.002879668
Abutilon,Rapistrum,10,5.5,3.530355545,5.415177772513745,3.809106663508247,6.512142218010997,3.965177772513745,High_Plateau,0.6675545012911899,0.8067771215826497,35,-0.002176211
Abutilon,Reichardia,10,5.5,3.7175110022764595,5.508755501138229,3.8652533006829377,6.587004400910584,4.058755501,High_Plateau,0.6321868467530326,0.8345231125494865,47,-0.001432027
Abutilon,Reseda,10,5.5,3.5198194189654175,5.409909709482709,3.8059458256896255,6.5079277675861675,3.9599097094827087,High_Plateau,0.730169559,0.7917300788253273,18,0.000579447
Abutilon,Rhamnus,10,5.5,7.200625536784374,7.250312768392186,4.910187661035312,7.980250215,5.800312768392187,High_Plateau,0.5000526669757961,0.4140815133743523,28,-0.001387746
Abutilon,Rhus,10,5.5,6.946729540513748,7.123364770256874,4.8340188621541245,7.8786918162054995,5.673364770256875,High_Plateau,0.57068204,0.4654151760791359,17,-0.00381712
Abutilon,Rhynchospora,10,5.5,4.922324635250765,6.111162317625382,4.226697391,7.068929854100306,4.661162317625383,High_Plateau,0.4793256557263873,0.4549134158384206,38,-0.001858467
Abutilon,Ribes,10,5.5,6.904795474003254,7.102397737001628,4.821438642200976,7.861918189601302,5.652397737001627,High_Plateau,0.710457132,0.793950762,23,-0.002168789
Abutilon,Robinia,10,5.5,6.999932402672198,7.149966201336099,4.8499797208016595,7.899972961,5.699966201,High_Plateau,0.674642679,0.8044381430543528,33,-0.001791322
Abutilon,Romulea,10,5.5,4.643224846258826,5.971612423129413,4.142967453877648,6.957289939,4.5216124231294135,High_Plateau,0.4820857220703503,0.476952036,40,-0.002259125
Abutilon,Rorippa,10,5.5,3.8999928798964794,5.59999644,3.919997863968944,6.659997151958592,4.149996439948239,High_Plateau,0.6995168909829309,0.7721909781069378,23,-0.002772282
Abutilon,Rosa,10,5.5,6.943464223059824,7.121732111529912,4.833039266917947,7.877385689,5.671732111529912,High_Plateau,0.6894064877765433,0.8012384492643517,29,-0.002538327
Abutilon,Rostraria,10,5.5,3.232672831253288,5.266336415626644,3.7198018493759863,6.393069132501315,3.816336415626644,High_Plateau,0.47260369,0.5565111543495599,52,-0.001724347
Abutilon,Rubia,10,5.5,4.372116551733515,5.836058275866757,4.061634965520055,6.848846620693406,4.386058275866757,High_Plateau,0.6660975405274727,0.803978307,35,-0.002751744
Abutilon,Rubus,10,5.5,7.247999210400586,7.273999605200293,4.924399763120176,7.999199684160235,5.823999605200293,High_Plateau,0.6011985589950194,0.6164434210101428,28,-0.001738364
Abutilon,Rudbeckia,10,5.5,4.2898773,5.79493865,4.03696319,6.81595092,4.34493865,High_Plateau,0.5783882990364763,0.7927334063204515,55,-0.001701849
Abutilon,Ruellia,10,5.5,5.127409965623885,6.213704982811942,4.288222989687165,7.150963986249554,4.763704982811943,High_Plateau,0.5783445745963356,0.6446895171094059,37,-0.001645675
Abutilon,Rumex,10,5.5,4.397824841217157,5.8489124206085785,4.069347452365147,6.8591299364868625,4.398912420608578,High_Plateau,0.4820290486988439,0.4437812488125413,36,-0.001355483
Abutilon,Ruppia,10,5.5,4.573600180130429,5.936800090065214,4.122080054039128,6.929440072052172,4.4868000900652145,High_Plateau,0.5543066334320849,0.530875691,29,-0.001723078
Abutilon,Ruscus,10,5.5,5.759584478675851,6.529792239337926,4.477875343602755,7.4038337914703405,5.079792239337926,High_Plateau,0.6390631573430976,0.7909003841043105,40,-0.002226511
Abutilon,Ruta,10,5.5,4.344890925749947,5.822445462874974,4.053467277724984,6.837956370299979,4.372445462874974,High_Plateau,0.7335602705814012,0.8077330770181398,19,-0.004432542
Abutilon,Sagina,10,5.5,3.8124481564315222,5.556224078215761,3.8937344469294564,6.624979262572609,4.106224078215761,High_Plateau,0.6332823100605546,0.7382513441003735,35,-0.002269236
Abutilon,Salicornia,10,5.5,3.527994925637415,5.413997462818707,3.8083984776912243,6.511197970254966,3.963997462818708,High_Plateau,0.5179991751390298,0.499571093,34,-0.002795219
Abutilon,Salix,10,5.5,6.53828391,6.919141955,4.711485173,7.7153135641224395,5.4691419551530505,High_Plateau,0.4728058600901226,0.3760391195087587,30,-0.001452065
Abutilon,Salsola,10,5.5,4.373224959397968,5.836612479698983,4.061967488,6.849289983759187,4.386612479698984,High_Plateau,0.549777938,0.5384846224745856,31,-0.002862912
Abutilon,Salvia,10,5.5,4.829162456858717,6.0645812284293585,4.198748737057615,7.031664982743488,4.614581228429358,High_Plateau,0.6400680240838991,0.8013380774552705,41,-0.00327042
Abutilon,Salvinia,10,5.5,3.117865867934371,5.208932933967185,3.685359760380311,6.347146347173749,3.758932933967186,High_Plateau,0.4847033564820023,0.4574283814819694,37,-0.001752178
Abutilon,Sambucus,10,5.5,6.638024175468153,6.969012087734076,4.741407252640446,7.755209670187261,5.519012087734076,High_Plateau,0.6714279612499692,0.7814066278641502,31,-0.000972705
Abutilon,Samolus,10,5.5,4.360891990521318,5.830445995260659,4.058267597156395,6.844356796208528,4.380445995,High_Plateau,0.6895176779216747,0.801427647,29,-0.002372417
Abutilon,Santolina,10,5.5,6.903989861,7.101994930719005,4.821196958431402,7.861595944575204,5.651994930719005,High_Plateau,0.6032169235288999,0.7929977780242755,49,-0.001312806
Abutilon,Sapindus,10,5.5,6.9647373703307105,7.132368685165355,4.8394212110992125,7.885894948132284,5.682368685165356,High_Plateau,0.6861360356212428,0.7130569948047848,19,-0.005294481
Abutilon,Saponaria,10,5.5,3.8661644535961797,5.583082227,3.909849336078854,6.646465781438472,4.133082227,High_Plateau,0.6725654861870876,0.8250224087882265,36,-0.002196908
Abutilon,Sarcocapnos,10,5.5,5.142394542532585,6.221197271266293,4.292718362759776,7.156957817013034,4.771197271266293,High_Plateau,0.617997903,0.633596627,26,-0.001702736
Abutilon,Satureja,10,5.5,5.394101338178825,6.347050669089413,4.368230401453648,7.2576405352715305,4.897050669089413,High_Plateau,0.6420950363444199,0.8218123998149093,43,-0.003180129
Abutilon,Saxifraga,10,5.5,4.664546586719767,5.982273293359883,4.149363976,6.965818634687906,4.532273293359884,High_Plateau,0.7063539064441251,0.793761881,24,-0.001160752
Abutilon,Scabiosa,10,5.5,4.309699428756998,5.8048497143784985,4.042909828627099,6.823879771502799,4.354849714378499,High_Plateau,0.5270862698136002,0.5095438484912213,33,-0.002883942
Abutilon,Scandix,10,5.5,3.506105047050639,5.403052524,3.8018315141151917,6.502442018820256,3.9530525235253196,High_Plateau,0.6012653794857755,0.7236077015518734,41,-0.002644987
Abutilon,Schinus,10,5.5,6.897733508637809,7.098866754318904,4.819320052591342,7.859093403455123,5.648866754318904,High_Plateau,0.5699788506096077,0.4553838757102969,16,-0.001788407
Abutilon,Schismus,10,5.5,3.232672831253288,5.266336415626644,3.7198018493759863,6.393069132501315,3.816336415626644,High_Plateau,0.5096115219315908,0.5565111543495599,43,-0.001509046
Abutilon,Schoenoplectus,10,5.5,4.373100285684355,5.836550142842178,4.061930085705306,6.8492401142737425,4.386550142842178,High_Plateau,0.4841034466719684,0.4975634867868896,42,-0.002947351
Abutilon,Schoenus,10,5.5,4.759490609999531,6.029745304999766,4.177847183,7.003796243999813,4.579745304999766,High_Plateau,0.5367951405284197,0.5453330986427248,35,-0.002549704
Abutilon,Scilla,10,5.5,4.971574873,6.135787436,4.241472462,7.088629949,4.6857874363714505,High_Plateau,0.6212109358192276,0.7470623322182713,39,-0.002654358
Abutilon,Scirpus,10,5.5,4.698711863018036,5.999355931509018,4.159613558905411,6.979484745207214,4.549355931509018,High_Plateau,0.5045190946717726,0.5463273270309303,43,-0.001514182
Abutilon,Scleranthus,10,5.5,3.4971459858084883,5.398572992904244,3.7991437957425465,6.4988583943233955,3.9485729929042446,High_Plateau,0.6701547006276445,0.8119150398283004,35,-0.001863809
Abutilon,Scolymus,10,5.5,3.420530642035789,5.360265321017894,3.7761591926107365,6.468212256814316,3.910265321017895,High_Plateau,0.6358840039217568,0.8092091180111002,43,-0.002274044
Abutilon,Scorpiurus,10,5.5,3.0134861218104163,5.1567430609052085,3.654045836543125,6.305394448724167,3.7067430609052083,High_Plateau,0.5426513895159448,0.5569077833927937,35,-0.001860638
Abutilon,Scorzonera,10,5.5,4.305805986,5.802902992966375,4.041741795779825,6.822322394,4.352902992966375,High_Plateau,0.5954536951936624,0.7201272145481762,42,-0.002263504
Abutilon,Scrophularia,10,5.5,4.846855963828701,6.073427982,4.204056789,7.038742385531481,4.623427982,High_Plateau,0.6555514244025655,0.8320102721727092,41,-0.001797391
Abutilon,Scutellaria,10,5.5,4.708675555645233,6.004337777822617,4.162602667,6.983470222258093,4.554337777822617,High_Plateau,0.6369508049921053,0.7866881477591705,40,-0.002288853
Abutilon,Sedum,10,5.5,4.515048258923776,5.907524129461888,4.1045144776771325,6.9060193035695105,4.457524129461888,High_Plateau,0.7072996702229492,0.8122362276247039,26,-0.001883066
Abutilon,Selaginella,10,5.5,4.5933201300524455,5.946660065026222,4.127996039015733,6.937328052020979,4.496660065026223,High_Plateau,0.6720841580465556,0.7830260639680362,31,-0.002507917
Abutilon,Senecio,10,5.5,4.474481550521692,5.887240775260846,4.092344465156508,6.889792620208677,4.437240775260847,High_Plateau,0.5231085019778123,0.5921079570132174,44,-0.003427368
Abutilon,Senna,10,5.5,6.267085561151787,6.783542780575893,4.630125668345536,7.606834224460715,5.333542780575893,High_Plateau,0.5623661475518772,0.5471906431249225,29,-0.002702699
Abutilon,Serapias,10,5.5,4.380014597,5.840007298,4.0640043790830145,6.852005838777352,4.390007298471691,High_Plateau,0.6653965474081565,0.7941687734409694,34,-0.0018099
Abutilon,Serratula,10,5.5,4.477505013372335,5.888752506686167,4.093251504,6.891002005348934,4.438752506686168,High_Plateau,0.5969283006072328,0.7640403990042673,47,-0.00160392
Abutilon,Sesamoides,10,5.5,4.682237104446358,5.991118552223179,4.154671131333908,6.972894841778544,4.541118552223179,High_Plateau,0.4034473370790897,0.1382856340021847,18,0.000579447
Abutilon,Seseli,10,5.5,4.671855034737947,5.985927517368973,4.151556510421384,6.968742013895179,4.5359275173689735,High_Plateau,0.635683349,0.8334623604943172,46,-0.002259134
Abutilon,Setaria,10,5.5,3.6342227275467827,5.467111363773391,3.840266818264035,6.553689091018713,4.017111363773392,High_Plateau,0.5116067485125658,0.6017613309186863,48,-0.002328211
Abutilon,Sideritis,10,5.5,4.884154290949775,6.092077145474887,4.215246287284932,7.053661716,4.642077145474888,High_Plateau,0.4845777747401453,0.5230245090171476,45,-0.00222151
Abutilon,Silene,10,5.5,3.695798702931764,5.497899351465882,3.858739610879529,6.578319481172706,4.047899351465882,High_Plateau,0.5201606189353971,0.5037782937609031,34,-0.002216786
Abutilon,Silybum,10,5.5,3.240888663820715,5.270444331910357,3.7222665991462143,6.396355465528286,3.8204443319103576,High_Plateau,0.6127333204033398,0.7956807914684909,47,-0.001755685
Abutilon,Sinapis,10,5.5,3.1987947532776944,5.249397376638847,3.709638425983308,6.379517901311078,3.799397376638847,High_Plateau,0.6595467206409619,0.7908186688253473,35,-0.002461754
Abutilon,Sisymbrium,10,5.5,3.0427377377828697,5.1713688688914345,3.662821321334861,6.317095095113148,3.7213688688914353,High_Plateau,0.6785238031885547,0.7547077364110053,26,-0.00199928
Abutilon,Smilax,10,5.5,5.4625141558889885,6.381257077944494,4.3887542467666965,7.285005662355596,4.931257077944494,High_Plateau,0.3782073585619548,0.2035101345487195,32,-0.002600375
Abutilon,Smyrnium,10,5.5,3.185023535835602,5.242511767917801,3.7055070607506804,6.374009414334241,3.792511767917801,High_Plateau,0.6391629573759315,0.7991797150176372,41,-0.001529275
Abutilon,Solanum,10,5.5,4.905247683078165,6.102623841539082,4.2215743049234495,7.062099073231266,4.652623841539082,High_Plateau,0.6883205641932828,0.8811126658505991,39,-0.001809742
Abutilon,Solidago,10,5.5,4.3544736961345425,5.827236848067271,4.056342108840362,6.841789478453817,4.377236848067271,High_Plateau,0.5905323180096929,0.8089420161088766,54,-0.002400599
Abutilon,Sonchus,10,5.5,3.366983514594591,5.3334917572972955,3.760095054378377,6.446793405837837,3.883491757297296,High_Plateau,0.6344950514473325,0.822892243,45,-0.002387415
Abutilon,Sorghum,10,5.5,3.960095958,5.6300479789662194,3.938028787379732,6.684038383172976,4.180047979,High_Plateau,0.5198376450619866,0.5688349639273992,42,-0.001962753
Abutilon,Sparganium,10,5.5,4.5547214939122265,5.927360746956113,4.116416448173668,6.921888597564891,4.477360746956114,High_Plateau,0.4889261455512595,0.4165628743522321,31,-0.001772094
Abutilon,Spergula,10,5.5,3.397169957557207,5.348584978778604,3.769150987267162,6.458867983022883,3.8985849787786035,High_Plateau,0.6751281663958434,0.8137764446614174,34,-0.002532066
Abutilon,Spergularia,10,5.5,3.9067011414539707,5.6033505707269855,3.922010342436191,6.6626804565815885,4.153350570726985,High_Plateau,0.6915401726503564,0.830167748,32,-0.0025603
Abutilon,Sphaeralcea,10,5.5,4.660398150483214,5.980199075241607,4.148119445144964,6.964159260193286,4.530199075241607,High_Plateau,0.8374606376362699,0.8625128705652244,7,0.2675214755913704
Abutilon,Spiraea,10,5.5,6.960540681657655,7.130270340828828,4.838162204497296,7.884216272663062,5.6802703408288275,High_Plateau,0.6535866036430747,0.7132066128368849,27,-0.002769767
Abutilon,Spiranthes,10,5.5,4.868222450373989,6.084111225186994,4.210466735112197,7.047288980149595,4.634111225186995,High_Plateau,0.6128304957056732,0.7300548141301877,39,-0.001421168
Abutilon,Sporobolus,10,5.5,4.7425552357352325,6.021277617867616,4.172766571,6.997022094294094,4.571277617867617,High_Plateau,0.5544744436510942,0.6383631710380852,42,-0.003235802
Abutilon,Stachys,10,5.5,4.458052900351992,5.879026450175996,4.087415870105597,6.883221160140797,4.429026450175996,High_Plateau,0.6237961215225634,0.7933549251410565,44,-0.002786013
Abutilon,Staehelina,10,5.5,7.237388456912277,7.268694228456138,4.921216537073683,7.9949553827649105,5.818694228456138,High_Plateau,0.4468933597299335,0.4229526023446531,42,-0.001993798
Abutilon,Stellaria,10,5.5,3.9069559874298103,5.603477993714905,3.922086796228943,6.6627823949719245,4.153477993714906,High_Plateau,0.6438988221606862,0.7676031772236894,36,-0.001767391
Abutilon,Sternbergia,10,5.5,4.606066412562507,5.953033206281253,4.131819923768752,6.942426565025003,4.503033206281254,High_Plateau,0.3868212082016639,0.2698925768200892,38,-0.001798747
Abutilon,Stipa,10,5.5,5.011941376419971,6.155970688209985,4.253582412925991,7.104776550567989,4.705970688209986,High_Plateau,0.5490447215606731,0.6355450704066463,43,-0.00234663
Abutilon,Stipagrostis,10,5.5,4.462295770987014,5.881147885493506,4.088688731296104,6.884918308394806,4.431147885493507,High_Plateau,0.3408069631850935,0.1535405218738575,35,-0.003468594
Abutilon,Suaeda,10,5.5,4.181350776517398,5.740675388258699,4.004405233,6.772540311,4.290675388258699,High_Plateau,0.5203645050560763,0.4960806040921234,33,-0.002785367
Abutilon,Succisa,10,5.5,4.715443227339804,6.0077216136699025,4.164632968201941,6.986177290935922,4.557721613669902,High_Plateau,0.6580573767029279,0.7795819163287309,34,-0.002267321
Abutilon,Succowia,10,5.5,3.0626168685290343,5.181308434264517,3.6687850605587102,6.325046747411614,3.731308434264517,High_Plateau,0.7197118763101823,0.787815411,20,-0.002232263
Abutilon,Taeniatherum,10,5.5,4.464890165116943,5.882445082558471,4.089467049535083,6.885956066046777,4.432445082558472,High_Plateau,0.2836747021915917,0.1539977349879569,49,-0.001734804
Abutilon,Tagetes,10,5.5,2.6429523153171344,4.971476157658567,3.542885695,6.157180926126854,3.5214761576585674,High_Plateau,0.3058796346989383,0.1655310508858887,45,-0.00173562
Abutilon,Tamarix,10,5.5,6.927306469116832,7.1136532345584165,4.828191940735049,7.870922587646733,5.663653234558416,High_Plateau,0.3416213061295179,0.1056528511601329,29,-0.002462153
Abutilon,Tanacetum,10,5.5,4.308889777805269,5.804444888902634,4.042666933341581,6.823555911122108,4.354444888902634,High_Plateau,0.6230881123958316,0.7999013497628947,45,-0.001502337
Abutilon,Taraxacum,10,5.5,4.830689387549001,6.065344693774501,4.1992068162647005,7.032275755019601,4.615344693774501,High_Plateau,0.4719340372387611,0.4813057795892759,43,-0.002257019
Abutilon,Taxus,10,5.5,6.965202024821311,7.132601012410655,4.839560607446393,7.886080809928524,5.682601012410656,High_Plateau,0.4280044018626041,0.2867273944979355,30,-0.002908022
Abutilon,Terminalia,10,5.5,6.979326968008827,7.139663484004414,4.8437980904026485,7.891730787203532,5.689663484004414,High_Plateau,0.5661278038380314,0.4646291895381966,18,-0.004333663
Abutilon,Teucrium,10,5.5,5.9845273562644055,6.642263678132203,4.545358206879322,7.493810942505762,5.192263678132203,High_Plateau,0.48417259,0.4810237555926765,40,-0.00174904
Abutilon,Thalictrum,10,5.5,4.515887388727701,5.907943694,4.1047662166183105,6.906354955,4.457943694,High_Plateau,0.556660611,0.5273023264388628,28,-0.001412371
Abutilon,Thapsia,10,5.5,4.678726789718966,5.989363394859483,4.153618037,6.971490715887587,4.539363394859484,High_Plateau,0.611301838,0.7682549596594843,44,-0.002229025
Abutilon,Thelypteris,10,5.5,4.6938192660563205,5.996909633,4.158145779816897,6.977527706422528,4.546909633028161,High_Plateau,0.4432998917485445,0.4076324347861033,41,-0.00242353
Abutilon,Themeda,10,5.5,4.462295770987014,5.881147885493506,4.088688731296104,6.884918308394806,4.431147885493507,High_Plateau,0.2957701762498215,0.1535405218738575,46,-0.001781669
Abutilon,Thesium,10,5.5,4.249274599,5.774637299497934,4.0247823796987605,6.799709839598348,4.324637299497935,High_Plateau,0.5374989883560968,0.480737087,27,-0.001298293
Abutilon,Thunbergia,10,5.5,4.904576313423843,6.102288156711921,4.221372894027153,7.061830525369537,4.652288156711922,High_Plateau,0.5060676864221614,0.4919165626788658,36,-0.001645675
Abutilon,Thymelaea,10,5.5,6.443680850547974,6.871840425273987,4.683104255164392,7.67747234,5.421840425273987,High_Plateau,0.5783448645711273,0.464320169,15,-0.003905624
Abutilon,Thymus,10,5.5,6.031409056,6.665704528,4.559422716780626,7.512563622374168,5.215704528,High_Plateau,0.6098236468379353,0.7815780970289639,46,-0.001434839
Abutilon,Tilia,10,5.5,7.177436105896181,7.238718052948091,4.9032308317688535,7.9709744423584725,5.788718052948091,High_Plateau,0.7467943679002722,0.8303780985810699,9,-0.396275581
Abutilon,Tolpis,10,5.5,3.655027910476448,5.477513955238224,3.8465083731429344,6.562011164190579,4.027513955238224,High_Plateau,0.6343047800262672,0.8224036342147467,45,-0.001847083
Abutilon,Tordylium,10,5.5,3.1621553263278264,5.231077663163913,3.698646597898348,6.364862130531131,3.7810776631639134,High_Plateau,0.6215090259333336,0.7969158814149446,45,-0.00236586
Abutilon,Torilis,10,5.5,3.069981284677177,5.1849906423385885,3.6709943854031533,6.327992513870871,3.7349906423385884,High_Plateau,0.6241968738270636,0.7859463908158988,43,-0.002831709
Abutilon,Trachelium,10,5.5,5.142394542532585,6.221197271266293,4.292718362759776,7.156957817013034,4.771197271266293,High_Plateau,0.5728067628452038,0.633596627,37,-0.001559344
Abutilon,Tradescantia,10,5.5,4.521599885339839,5.910799943,4.1064799656019515,6.908639954135936,4.460799943,High_Plateau,0.64257133,0.7402872405708165,33,-0.001750303
Abutilon,Tragopogon,10,5.5,3.0576370276615736,5.1788185138307865,3.667291108298472,6.323054811,3.728818513830787,High_Plateau,0.5943171242123191,0.7178540725854897,42,-0.002263504
Abutilon,Tragus,10,5.5,3.2893167882617522,5.294658394130876,3.736795036478526,6.415726715304701,3.8446583941308763,High_Plateau,0.4824555594071469,0.5271197464275862,46,-0.00282396
Abutilon,Trifolium,10,5.5,3.887661197363195,5.593830598681597,3.9162983592089584,6.655064478945278,4.143830598681598,High_Plateau,0.6918795036161576,0.8884286613328303,39,-0.002800325
Abutilon,Triglochin,10,5.5,4.679753029917565,5.989876514958782,4.153925908975269,6.971901211967026,4.539876514958783,High_Plateau,0.5640890696420914,0.5589116864940497,30,-0.002982805
Abutilon,Trigonella,10,5.5,3.0239338777025777,5.161966938851289,3.6571801633107732,6.309573551081032,3.711966938851289,High_Plateau,0.660853678,0.8507751286853575,42,-0.001503243
Abutilon,Trisetum,10,5.5,4.539493324870789,5.9197466624353945,4.111847997461236,6.915797329948315,4.469746662435394,High_Plateau,0.4822829941520179,0.5759754443381607,52,-0.00225276
Abutilon,Triticum,10,5.5,3.0259701796895864,5.162985089844793,3.657791053906876,6.310388071875835,3.7129850898447936,High_Plateau,0.5861369464560092,0.7670875876690978,50,-0.001465734
Abutilon,Tuberaria,10,5.5,4.085745314503904,5.692872657251952,3.9757235943511713,6.734298125801562,4.242872657251953,High_Plateau,0.7246923054128291,0.7753453454687826,17,-0.013365317
Abutilon,Tulipa,10,5.5,4.961091116,6.130545558,4.238327335,7.084436446,4.680545558,High_Plateau,0.5755717291076001,0.6473741649533474,38,-0.001701479
Abutilon,Typha,10,5.5,4.673529323325019,5.986764661662509,4.152058796997506,6.969411729330007,4.5367646616625095,High_Plateau,0.5674919080674994,0.5736943993847119,31,-0.001772094
Abutilon,Ulex,10,5.5,7.205042527726109,7.252521263863054,4.911512758317833,7.982017011090443,5.802521263863055,High_Plateau,0.6903049270207755,0.8274341876339569,32,-0.001244956
Abutilon,Ulmus,10,5.5,6.841676026962039,7.070838013481019,4.802502808088612,7.836670410784816,5.620838013,High_Plateau,0.4602985112440538,0.3265505241263299,27,-0.002370248
Abutilon,Umbilicus,10,5.5,4.380014597,5.840007298,4.0640043790830145,6.852005838777352,4.390007298471691,High_Plateau,0.6900795549210331,0.7941687734409694,28,-0.001555167
Abutilon,Urospermum,10,5.5,3.420530642035789,5.360265321017894,3.7761591926107365,6.468212256814316,3.910265321017895,High_Plateau,0.6318128602093898,0.8092091180111002,44,-0.001889591
Abutilon,Urtica,10,5.5,4.068323885201366,5.684161942600683,3.9704971655604098,6.727329554080546,4.234161942600683,High_Plateau,0.5410878280860542,0.5125720559266758,30,-0.001297067
Abutilon,Utricularia,10,5.5,4.416927335755239,5.858463667877619,4.075078200726572,6.866770934302096,4.408463667877619,High_Plateau,0.6653490370174794,0.7940577804481896,34,-0.001730039
Abutilon,Valantia,10,5.5,3.4194585199562186,5.359729259978109,3.7758375559868655,6.467783407982488,3.9097292599781097,High_Plateau,0.6367427048894183,0.7614860056700153,37,-0.001646815
Abutilon,Verbascum,10,5.5,3.0428627515968705,5.171431375798435,3.662858825479061,6.317145100638749,3.7214313757984354,High_Plateau,0.5981094921847202,0.725295494,42,-0.001546933
Abutilon,Verbesina,10,5.5,4.136985818513149,5.718492909256574,3.9910957455539444,6.754794327,4.268492909256574,High_Plateau,0.4078049196758999,0.4268668142073576,52,-0.001490354
Abutilon,Veronica,10,5.5,3.924638753080946,5.612319376540473,3.927391625924284,6.669855501232378,4.162319376540474,High_Plateau,0.6387053693391687,0.7900424710646027,40,-0.001514826
Abutilon,Viburnum,10,5.5,7.276225754163022,7.288112877081511,4.932867726248906,8.010490302,5.838112877081511,High_Plateau,0.6597804965603675,0.7581116984849465,31,-0.000972705
Abutilon,Vicia,10,5.5,3.5520463388592245,5.426023169429612,3.815613901657767,6.520818536,3.976023169429612,High_Plateau,0.6635972554777335,0.8316611568575315,39,-0.001785284
Abutilon,Vigna,10,5.5,3.7431068296038683,5.521553414801934,3.8729320488811605,6.597242731841547,4.071553414801935,High_Plateau,0.6861070003601303,0.8521302774193871,36,-0.00232111
Abutilon,Vinca,10,5.5,4.862451954712418,6.081225977356208,4.2087355864137255,7.044980781884967,4.631225977356209,High_Plateau,0.669873008,0.8113741833609196,35,-0.00197645
Abutilon,Vincetoxicum,10,5.5,4.998672432928914,6.149336216464457,4.249601729878674,7.099468973171566,4.699336216464458,High_Plateau,0.6342660953388324,0.7976141922846621,42,-0.001574392
Abutilon,Viscum,10,5.5,7.284692175247074,7.292346087623537,4.935407652574122,8.01387687,5.842346087623538,High_Plateau,0.3347693313476864,0.1083610004934877,31,-0.002330867
Abutilon,Wisteria,10,5.5,7.111168454108745,7.205584227054373,4.883350536232624,7.9444673816434985,5.7555842270543724,High_Plateau,0.6830474139299038,0.8216835935612302,33,-0.003971226
Abutilon,Withania,10,5.5,6.996332402967939,7.148166201483969,4.8488997208903815,7.8985329611871755,5.698166201,High_Plateau,0.3390202499461646,0.1497922555634866,35,-0.002594395
Abutilon,Wolffia,10,5.5,5.031561660820186,6.1657808304100925,4.259468498246056,7.112624664328075,4.715780830410093,High_Plateau,0.5396080946033911,0.534296825,33,-0.001430574
Abutilon,Xanthium,10,5.5,3.169212847003371,5.234606423501686,3.7007638541010115,6.367685138801349,3.7846064235016854,High_Plateau,0.427768182,0.4668637461356901,52,-0.001842394
Abutilon,Xeranthemum,10,5.5,3.100713262725858,5.200356631362929,3.6802139788177572,6.340285305090344,3.750356631362929,High_Plateau,0.6303017642513531,0.7898784682773452,42,-0.002539082
Abutilon,Yucca,10,5.5,5.306092547581674,6.303046273790837,4.341827764274502,7.222437019,4.853046273790837,High_Plateau,0.4368211161526178,0.3945189352636029,41,-0.001643789
Abutilon,Zinnia,10,5.5,3.2388875214928223,5.269443760746411,3.721666256447847,6.395555008597129,3.8194437607464113,High_Plateau,0.4320249296124796,0.4671437156351037,51,-0.001770652
Abutilon,Ziziphora,10,5.5,3.1365661542727654,5.218283077136382,3.6909698462818294,6.354626461709106,3.768283077136383,High_Plateau,0.6134707664396821,0.7972216418094163,47,-0.002085476
Abutilon,Ziziphus,10,5.5,6.913798944026022,7.106899472,4.8241396832078065,7.865519577610408,5.656899472013011,High_Plateau,0.3815217002830826,0.1607805670794196,26,-0.002384463
Acacia,Acanthus,10,5.5,6.320834776910547,6.8104173884552734,4.646250433073164,7.628333910764219,5.360417388455273,High_Plateau,0.5830179011958696,0.5722117404079371,27,-0.00348243
Acacia,Acer,10,5.5,8.675967086216072,7.987983543108037,5.352790125864821,8.570386834,6.537983543108036,High_Plateau,0.512144805,0.3493225275758382,18,0.032369658
Acacia,Achillea,10,5.5,6.2486137867527125,6.774306893376356,4.624584136025813,7.599445514701085,5.324306893376356,High_Plateau,0.5992226888828608,0.7113429048051416,40,-0.0028438
Acacia,Achnatherum,10,5.5,6.2669481152035935,6.783474057601797,4.630084434561078,7.606779246081437,5.333474057601797,High_Plateau,0.4269926217605215,0.2435578820201607,25,-0.002657713
Acacia,Achyranthes,10,5.5,7.453208644532213,7.376604322266107,4.985962593359664,8.081283457812885,5.9266043222661065,High_Plateau,0.4831231922772363,0.3561454904015006,25,-0.00429005
Acacia,Adenocarpus,10,5.5,8.826128154300743,8.063064077150372,5.397838446290223,8.630451261720298,6.613064077150372,High_Plateau,0.8360571444961078,0.947088181,11,-0.005006445
Acacia,Adiantum,10,5.5,6.364356760253498,6.832178380126749,4.659307028076049,7.645742704,5.382178380126749,High_Plateau,0.5566290053309972,0.535996776,29,-0.004104783
Acacia,Adonis,10,5.5,5.697035514210817,6.498517757105408,4.459110654263245,7.378814205684327,5.048517757105408,High_Plateau,0.5380724316834363,0.4157723197791544,19,0.000492855
Acacia,Aegilops,10,5.5,4.622529776351517,5.961264888175759,4.1367589329054555,6.949011910540607,4.511264888175759,High_Plateau,0.286589633,0.086107731,40,-0.002998493
Acacia,Aeluropus,10,5.5,6.489407664881388,6.894703832440694,4.696822299464417,7.695763065952555,5.444703832440695,High_Plateau,0.3393035984411144,0.142739498,34,-0.005593011
Acacia,Aeonium,10,5.5,8.725501299980005,8.012750649990002,5.367650389994001,8.590200519992003,6.562750649990003,High_Plateau,0.5060593974796533,0.3607056456517264,20,-0.003208226
Acacia,Aesculus,10,5.5,8.751061833045846,8.025530916522923,5.375318549913754,8.600424733218338,6.575530916522923,High_Plateau,0.6986234716675546,0.7222798610941773,18,0.032369658
Acacia,Agave,10,5.5,6.187622147139347,6.743811073569674,4.606286644141804,7.575048858855739,5.293811073569674,High_Plateau,0.6209685397956206,0.680965248,31,-0.00336002
Acacia,Ageratina,10,5.5,7.604341594588495,7.452170797294247,5.031302478376548,8.141736637835399,6.002170797294248,High_Plateau,0.3856650400731318,0.2682310342836008,38,-0.005052716
Acacia,Agrimonia,10,5.5,6.317662748939459,6.8088313744697295,4.645298824681838,7.627065099575784,5.358831374,High_Plateau,0.6421366395598562,0.5756298685858872,13,-0.004728153
Acacia,Agropyron,10,5.5,6.443681968886081,6.871840984443041,4.683104590665824,7.677472787554432,5.421840984,High_Plateau,0.3392383034291556,0.1668811299801579,37,-0.003666451
Acacia,Agrostemma,10,5.5,4.525038667028265,5.912519333514132,4.107511600108479,6.910015466811306,4.462519333514132,High_Plateau,0.4844377976738304,0.3585691651561027,25,-0.00326237
Acacia,Agrostis,10,5.5,6.103852147359838,6.701926073679919,4.581155644207952,7.541540858943936,5.251926073679919,High_Plateau,0.3303533505994123,0.1411648994955252,36,-0.005030718
Acacia,Aira,10,5.5,4.573801744422601,5.936900872,4.122140523,6.929520697769041,4.486900872211301,High_Plateau,0.3125845258286445,0.096977432,35,-0.002877518
Acacia,Ajuga,10,5.5,6.082449250995452,6.691224625497727,4.574734775298635,7.532979700398181,5.241224625497726,High_Plateau,0.554355413,0.5476042862378913,31,-0.002686484
Acacia,Albizia,10,5.5,8.678697291811172,7.9893486459055865,5.353609187543352,8.571478917,6.539348645905586,High_Plateau,0.8571585353515179,0.9669120899928756,7,-0.057495644
Acacia,Alcea,10,5.5,6.406462392360186,6.853231196180094,4.671938717708056,7.662584956944075,5.403231196180093,High_Plateau,0.5466779677578626,0.5000322561782987,27,-0.005984343
Acacia,Alchemilla,10,5.5,6.473130501413597,6.8865652507067985,4.691939150424079,7.689252201,5.436565250706799,High_Plateau,0.6256739083393758,0.5669572950412973,16,-0.002704926
Acacia,Alisma,10,5.5,6.547725707501482,6.923862853750741,4.714317712250445,7.719090283000593,5.473862853750742,High_Plateau,0.396917865,0.1670722981360837,23,-0.003169142
Acacia,Alkanna,10,5.5,6.069188747167595,6.684594373583797,4.570756624150278,7.527675498867039,5.234594373583798,High_Plateau,0.4354467549488438,0.2364575919640945,22,-0.005902602
Acacia,Allium,10,5.5,6.306292535719597,6.803146267859798,4.641887760715878,7.622517014287839,5.353146267859799,High_Plateau,0.6090106791112738,0.6084062084828031,25,-0.006718772
Acacia,Allocasuarina,10,5.5,8.737875000782854,8.018937500391427,5.371362500234856,8.595150000313142,6.568937500391427,High_Plateau,0.536214993,0.3657318256176076,13,-0.0144544
Acacia,Alnus,10,5.5,8.695479299,7.997739649608995,5.358643789765397,8.578191719687196,6.547739649608995,High_Plateau,0.5316026789142414,0.354859713,13,-0.006216982
Acacia,Aloe,10,5.5,7.701143587049992,7.500571793524996,5.0603430761149975,8.180457434819997,6.0505717935249965,High_Plateau,0.4618040646816991,0.338072264,28,-0.003827522
Acacia,Alopecurus,10,5.5,5.841768687525721,6.570884344,4.502530606257716,7.436707475010289,5.120884344,High_Plateau,0.3015748676574628,0.1163874109243967,40,-0.004544542
Acacia,Alternanthera,10,5.5,6.152592107184865,6.726296053592432,4.5957776321554595,7.561036842873946,5.276296053592432,High_Plateau,0.4634837325545369,0.3251846146891937,26,-0.004784378
Acacia,Althaea,10,5.5,5.660334252976321,6.480167126,4.448100275892896,7.364133701190529,5.030167126488161,High_Plateau,0.5246214173754968,0.4556227521073669,27,-0.004502327
Acacia,Alyssum,10,5.5,5.696223750768773,6.498111875384387,4.458867125230632,7.378489500307509,5.048111875384387,High_Plateau,0.5692378821521937,0.5204409584747162,24,-0.005716382
Acacia,Amaranthus,10,5.5,4.581405647190669,5.940702823595334,4.124421694157201,6.932562258876268,4.490702823595335,High_Plateau,0.4071401970766383,0.179577622,22,-0.004568333
Acacia,Amelanchier,10,5.5,8.718744142925683,8.009372071462842,5.365623242877705,8.587497657170273,6.559372071462842,High_Plateau,0.74921929,0.8059491548304287,15,-0.003306295
Acacia,Ammi,10,5.5,4.5419373824407145,5.920968691220358,4.112581214732215,6.9167749529762865,4.4709686912203574,High_Plateau,0.4494794836826808,0.3462707354184925,32,-0.003682128
Acacia,Amorpha,10,5.5,8.830405557154869,8.065202778577435,5.399121667,8.632162222861947,6.6152027785774346,High_Plateau,0.85449832,0.9472985578503272,7,0.013969864
Acacia,Anabasis,10,5.5,8.677326102415932,7.988663051207967,5.353197830724779,8.570930440966373,6.538663051207966,High_Plateau,0.483163981,0.3478385043073383,24,-0.003443124
Acacia,Anacyclus,10,5.5,5.034744268233418,6.167372134116709,4.260423280470025,7.113897707293367,4.717372134116709,High_Plateau,0.3006876647475698,0.1142728565345597,40,-0.0028438
Acacia,Anarrhinum,10,5.5,5.449404440029119,6.3747022200145596,4.384821332008736,7.279761776011648,4.924702220014559,High_Plateau,0.5153916217030594,0.4534778797587597,29,-0.003884141
Acacia,Anchusa,10,5.5,5.355763197089521,6.327881599,4.3567289591268565,7.242305278835809,4.877881598544761,High_Plateau,0.5191236423886303,0.4280468122205679,25,-0.003792158
Acacia,Andropogon,10,5.5,6.452219087831766,6.876109543915883,4.685665726,7.680887635132707,5.426109543915883,High_Plateau,0.3441903755706664,0.1605170790348039,35,-0.004517256
Acacia,Androsace,10,5.5,5.427340209,6.3636701047029245,4.378202062821755,7.270936084,4.913670104702925,High_Plateau,0.6576378708347314,0.6723102918401521,21,-0.004350833
Acacia,Andryala,10,5.5,5.710989713699996,6.505494856849998,4.463296914109999,7.384395885479998,5.055494856849998,High_Plateau,0.614095288,0.6837253624874166,33,-0.003701325
Acacia,Anemone,10,5.5,6.300078036676393,6.800039018338197,4.640023411002918,7.620031214670558,5.3500390183381965,High_Plateau,0.5661018770083992,0.5057474989807333,23,-0.004705026
Acacia,Anthemis,10,5.5,5.500642316539681,6.400321158,4.400192694961904,7.300256926615873,4.9503211582698405,High_Plateau,0.4383268810408233,0.3814602516742857,39,-0.003484503
Acacia,Anthericum,10,5.5,6.423099608943627,6.861549804471814,4.676929882683088,7.669239843577451,5.4115498044718136,High_Plateau,0.5305987860498381,0.4840576,29,-0.004711098
Acacia,Anthoxanthum,10,5.5,5.525811511773503,6.412905755886751,4.407743453532051,7.310324604709401,4.9629057558867515,High_Plateau,0.2916416152444691,0.1208816193588457,43,-0.003060438
Acacia,Anthriscus,10,5.5,5.156526321732637,6.228263160866319,4.296957896519791,7.162610528693055,4.778263160866318,High_Plateau,0.4727118291687898,0.4009331263071727,33,-0.003574737
Acacia,Anthyllis,10,5.5,7.624757078044402,7.462378539,5.0374271234133206,8.149902831,6.012378539022201,High_Plateau,0.8072803072647157,0.925462627,16,0.020832403
Acacia,Antinoria,10,5.5,5.019221173574944,6.159610586787472,4.255766352072483,7.107688469429977,4.709610586787472,High_Plateau,0.3638695532921218,0.1174841081271744,25,-0.003519528
Acacia,Antirrhinum,10,5.5,6.181949704302716,6.740974852151358,4.604584911290814,7.572779881721086,5.290974852151358,High_Plateau,0.5791776628423626,0.6056409081155277,32,-0.0035512
Acacia,Aphanes,10,5.5,4.419859549160961,5.859929774580481,4.075957864748288,6.867943819664385,4.409929774580481,High_Plateau,0.5557718901852005,0.427153259,16,-0.002704926
Acacia,Apium,10,5.5,5.3645562739268735,6.332278136963437,4.359366882178062,7.24582251,4.882278136963437,High_Plateau,0.5490778595147467,0.5127397918742697,28,-0.004427214
Acacia,Arabidopsis,10,5.5,4.577090867329858,5.938545433664929,4.123127260198958,6.930836346931944,4.488545433664929,High_Plateau,0.5308937863953811,0.4596090799566265,26,-0.002806166
Acacia,Arabis,10,5.5,5.715266384423088,6.507633192211544,4.464579915326926,7.386106553769235,5.057633192211544,High_Plateau,0.5817126140082582,0.5285269151278972,22,-0.003590627
Acacia,Arbutus,10,5.5,8.664727296753666,7.9823636483768325,5.349418189,8.565890918701466,6.532363648376833,High_Plateau,0.7101995506621541,0.7937587079708815,23,-0.003784335
Acacia,Arceuthobium,10,5.5,6.4575961479914135,6.878798073995707,4.687278844397424,7.683038459196565,5.428798073995707,High_Plateau,0.3956772443364542,0.1566854926670436,22,-0.004737212
Acacia,Arenaria,10,5.5,5.427230489953184,6.363615244976591,4.378169146985955,7.270892195981274,4.913615244976592,High_Plateau,0.6525161564712628,0.6700988476729559,22,-0.003414865
Acacia,Argyrolobium,10,5.5,7.583512888410391,7.441756444205195,5.025053866523118,8.133405155364157,5.991756444205196,High_Plateau,0.9281690406624492,0.9288098208853222,4,0.7198330830197999
Acacia,Arisaema,10,5.5,6.3555375611311895,6.827768780565595,4.656661268339357,7.642215024452476,5.377768780565595,High_Plateau,0.4139428131501471,0.2094699929890486,24,-0.003812244
Acacia,Arisarum,10,5.5,6.418794970127049,6.859397485063525,4.675638491038114,7.667517988,5.409397485063525,High_Plateau,0.5644396968734466,0.4861541965663503,21,-0.005552096
Acacia,Aristida,10,5.5,5.520672988521186,6.4103364942605925,4.406201896556356,7.308269195408474,4.960336494260593,High_Plateau,0.3519911540146307,0.1355676148921975,30,-0.007241603
Acacia,Aristolochia,10,5.5,6.918732384639603,7.1093661923198015,4.8256197153918805,7.867492953855841,5.659366192319801,High_Plateau,0.6351778237374712,0.5856242612873475,16,-0.001000603
Acacia,Armeria,10,5.5,7.066067070448165,7.183033535224082,4.869820121134449,7.926426828179267,5.733033535224083,High_Plateau,0.6201673515508097,0.5968645316907972,21,-0.001827225
Acacia,Arrhenatherum,10,5.5,6.323418402807463,6.8117092014037315,4.647025520842239,7.629367361122986,5.361709201403732,High_Plateau,0.3688680726588061,0.2589023727770957,41,-0.003091411
Acacia,Artemisia,10,5.5,6.7588475170495075,7.029423758524754,4.777654255114852,7.803539006819803,5.579423758524754,High_Plateau,0.4553955304159451,0.366624431,33,-0.005194247
Acacia,Arum,10,5.5,6.388262500138519,6.8441312500692595,4.666478750041556,7.655305000055408,5.394131250069259,High_Plateau,0.5655071093131503,0.5207567332330705,25,-0.003507094
Acacia,Arundo,10,5.5,6.216024174747576,6.758012087373788,4.6148072524242725,7.58640967,5.308012087373788,High_Plateau,0.4144276240506235,0.251384502,29,-0.003057227
Acacia,Asparagus,10,5.5,6.1430370283113795,6.721518514,4.592911108493414,7.5572148113245525,5.271518514,High_Plateau,0.6397263365506014,0.7025396495256179,29,-0.005845841
Acacia,Asperula,10,5.5,6.325847847836821,6.812923924,4.647754354351046,7.630339139134728,5.3629239239184106,High_Plateau,0.5775055890511519,0.5531656427434938,26,-0.004470953
Acacia,Asphodeline,10,5.5,6.341512344259453,6.820756172129727,4.6524537032778355,7.6366049377037815,5.370756172129727,High_Plateau,0.5781222944754244,0.5547980184603124,26,-0.006465778
Acacia,Asphodelus,10,5.5,6.163811428077122,6.731905714038561,4.599143428423137,7.565524571230849,5.281905714038562,High_Plateau,0.5872916604034444,0.5731367503163525,26,-0.006465778
Acacia,Asplenium,10,5.5,6.369848615534772,6.834924307767386,4.660954584660431,7.647939446213909,5.3849243077673865,High_Plateau,0.5461915535244918,0.5312727867916825,31,-0.002667577
Acacia,Asteriscus,10,5.5,5.3013343342811385,6.300667167140569,4.340400300284341,7.220533733712456,4.8506671671405694,High_Plateau,0.6054314066873079,0.6745724174379106,34,-0.003479527
Acacia,Astragalus,10,5.5,6.155548856,6.727774428144495,4.596664656886697,7.562219542515596,5.277774428144495,High_Plateau,0.788778257,0.8850268933849407,15,-0.003105325
Acacia,Asyneuma,10,5.5,6.488538413864775,6.894269206932387,4.696561524159432,7.6954153655459105,5.444269206932388,High_Plateau,0.561025033,0.5529425574823331,30,-0.003777531
Acacia,Athamanta,10,5.5,6.183265741756876,6.741632870878438,4.604979722527062,7.573306297,5.291632870878438,High_Plateau,0.6113315702551122,0.6045508275435332,24,-0.005328846
Acacia,Atractylis,10,5.5,5.825991107632203,6.562995553816101,4.497797332289661,7.4303964430528815,5.112995553816102,High_Plateau,0.6386480985247849,0.6754349069491884,26,-0.00439218
Acacia,Atriplex,10,5.5,5.715102644797495,6.507551322398747,4.464530793439248,7.386041057918998,5.057551322398748,High_Plateau,0.3887752778450363,0.1919665495281988,28,-0.003586819
Acacia,Atropa,10,5.5,6.355169184706275,6.827584592353137,4.656550755411883,7.642067674,5.377584592353138,High_Plateau,0.56878018,0.5435658066517203,27,-0.002629975
Acacia,Avena,10,5.5,4.625668974807766,5.962834487403883,4.137700692,6.950267589923106,4.512834487403883,High_Plateau,0.2819788601070916,0.085123948,41,-0.003091411
Acacia,Avenula,10,5.5,6.291510773367163,6.795755386683581,4.637453232010149,7.616604309346865,5.345755386683582,High_Plateau,0.4292448758063252,0.2486822769468821,25,-0.005757147
Acacia,Baldellia,10,5.5,6.1521442786154115,6.726072139307705,4.595643283584623,7.560857711446165,5.276072139307706,High_Plateau,0.6626419835603496,0.698520535,23,-0.003169142
Acacia,Ballota,10,5.5,6.703047334279715,7.001523667139857,4.760914200283914,7.7812189337118856,5.551523667139858,High_Plateau,0.546065757,0.5721653609836909,36,-0.002908964
Acacia,Barbarea,10,5.5,5.175124121331885,6.237562060665942,4.302537236399566,7.170049648532754,4.787562060665943,High_Plateau,0.5250596988603481,0.4154065315237634,22,-0.004517861
Acacia,Bassia,10,5.5,5.135931792970687,6.217965896485343,4.290779537891206,7.154372717188275,4.767965896485343,High_Plateau,0.3907093983063273,0.146893976,22,-0.005458088
Acacia,Bellevalia,10,5.5,6.50949756,6.904748780215719,4.702849268129432,7.703799024172576,5.45474878,High_Plateau,0.3714567073133025,0.1326617117297806,25,-0.003536006
Acacia,Bellis,10,5.5,5.904845454433063,6.602422727216531,4.521453636329919,7.461938181773226,5.152422727216532,High_Plateau,0.6044069453179399,0.6971571275468794,37,-0.00336002
Acacia,Berberis,10,5.5,8.704207497533766,8.002103748766883,5.361262249260129,8.581682999013506,6.552103748766883,High_Plateau,0.7348963191422726,0.8022613519579841,18,-0.004809322
Acacia,Beta,10,5.5,5.360361643244808,6.330180821622404,4.358108492973442,7.244144657297923,4.880180821622404,High_Plateau,0.4120739475008352,0.1893965677909269,22,-0.004325556
Acacia,Biarum,10,5.5,6.338262622776692,6.819131311388346,4.651478786833008,7.635305049110677,5.369131311388346,High_Plateau,0.4355525415559818,0.2195263064915782,20,-0.00238009
Acacia,Bidens,10,5.5,5.072979727057834,6.186489863528917,4.271893918,7.129191890823133,4.7364898635289165,High_Plateau,0.5825944386739107,0.6131792573435664,32,-0.007075188
Acacia,Bifora,10,5.5,4.5419373824407145,5.920968691220358,4.112581214732215,6.9167749529762865,4.4709686912203574,High_Plateau,0.4454346402004922,0.3462707354184925,33,-0.003034672
Acacia,Biscutella,10,5.5,6.616047881649165,6.9580239408245825,4.734814364494749,7.746419152659666,5.508023940824582,High_Plateau,0.5822096668442471,0.5376391832736923,23,-0.003085549
Acacia,Boerhavia,10,5.5,5.262118391919792,6.281059195959896,4.328635517575938,7.204847356767917,4.831059195959896,High_Plateau,0.6353186035752708,0.6522317911722182,24,-0.003863331
Acacia,Bombycilaena,10,5.5,4.380992741319406,5.840496370659703,4.0642978223958215,6.8523970965277625,4.390496370659703,High_Plateau,0.5509400421974283,0.5988394089617831,38,-0.005344568
Acacia,Borago,10,5.5,5.216602619363017,6.258301309681508,4.314980785808905,7.186641047745207,4.808301309681509,High_Plateau,0.6331834642635166,0.6561664559703405,25,-0.003792158
Acacia,Bothriochloa,10,5.5,6.493120562691485,6.896560281345742,4.697936168807445,7.697248225076594,5.446560281345743,High_Plateau,0.3261206321487658,0.1405410913431791,37,-0.003142971
Acacia,Botrychium,10,5.5,6.219657874328548,6.759828937164274,4.615897362298565,7.587863149731419,5.309828937164275,High_Plateau,0.4311809255733112,0.2193689527176701,21,-0.00421359
Acacia,Brachypodium,10,5.5,5.819876571721109,6.559938285860555,4.495962971516333,7.4279506286884445,5.109938285860554,High_Plateau,0.3604022104856929,0.1603959844301495,31,-0.006176995
Acacia,Brassica,10,5.5,5.124780434705954,6.2123902173529775,4.2874341304117864,7.149912173882382,4.762390217352977,High_Plateau,0.5812673660965952,0.568733384,27,-0.003596
Acacia,Briza,10,5.5,4.945926083334387,6.122963041667194,4.233777825000316,7.078370433333755,4.6729630416671935,High_Plateau,0.3353218829695201,0.1017653763734887,30,-0.004923121
Acacia,Bromus,10,5.5,5.222941484746339,6.261470742373169,4.316882445423902,7.1891765938985355,4.811470742373169,High_Plateau,0.3419061003975324,0.098488415,28,-0.004887921
Acacia,Bryonia,10,5.5,6.364827163403534,6.832413581701767,4.659448149,7.645930865361414,5.382413581701767,High_Plateau,0.637176796,0.5353964124270533,10,0.023553018
Acacia,Buddleja,10,5.5,8.696899027518045,7.998449513759022,5.359069708255413,8.578759611007218,6.548449513759023,High_Plateau,0.6774039387772997,0.8020158532612508,32,-0.003163166
Acacia,Bufonia,10,5.5,5.741018622152716,6.520509311076358,4.472305586645815,7.396407448861087,5.070509311076359,High_Plateau,0.6129589499894625,0.5669213230068505,19,-0.006386978
Acacia,Buglossoides,10,5.5,5.108891847696513,6.204445923848256,4.282667554308954,7.143556739078605,4.754445923848257,High_Plateau,0.6279413074637086,0.6539552185341906,26,-0.004061648
Acacia,Bunium,10,5.5,6.183265741756876,6.741632870878438,4.604979722527062,7.573306297,5.291632870878438,High_Plateau,0.6113315702551122,0.6045508275435332,24,-0.005328846
Acacia,Bupleurum,10,5.5,5.665203128,6.482601564228155,4.449560938536893,7.366081251382524,5.032601564228155,High_Plateau,0.5258244407167513,0.4500016538509798,26,-0.005462492
Acacia,Buxus,10,5.5,8.708396252780313,8.004198126390156,5.362518875834094,8.583358501112125,6.5541981263901565,High_Plateau,0.7061344143784573,0.7124926395178506,14,-0.007968369
Acacia,Cachrys,10,5.5,6.333647298910039,6.816823649455019,4.650094189673012,7.633458919564015,5.366823649,High_Plateau,0.5897580868060746,0.5614925028967623,24,-0.005772057
Acacia,Cakile,10,5.5,4.497353037421321,5.898676519,4.099205911226396,6.898941214968529,4.448676518710661,High_Plateau,0.4595603810543008,0.3667829053188747,32,-0.005434004
Acacia,Calamagrostis,10,5.5,6.1881737246489745,6.744086862324487,4.606452117394692,7.57526949,5.294086862324487,High_Plateau,0.3457602920854475,0.2296133528987222,43,-0.005532337
Acacia,Calendula,10,5.5,4.785613815,6.042806907749095,4.185684144649457,7.014245526199277,4.592806907749095,High_Plateau,0.5106228692229918,0.4520853020161511,30,-0.003512886
Acacia,Calicotome,10,5.5,8.830405557154869,8.065202778577435,5.399121667,8.632162222861947,6.6152027785774346,High_Plateau,0.8326545198147691,0.9472985578503272,12,0.001011313
Acacia,Callistemon,10,5.5,8.700939537212118,8.000469769,5.360281861163635,8.580375814884848,6.550469768606059,High_Plateau,0.5749266525266147,0.4747421335306647,17,-0.008005786
Acacia,Callitriche,10,5.5,4.904441940153387,6.102220970076694,4.221332582046016,7.061776776061356,4.652220970076694,High_Plateau,0.3525119557863549,0.1192588835010253,28,-0.002681709
Acacia,Calystegia,10,5.5,6.459459611815493,6.879729805907747,4.687837883544648,7.6837838447261975,5.429729805907747,High_Plateau,0.5971013971514453,0.5759440835248427,24,-0.004596857
Acacia,Camelina,10,5.5,4.494160077939669,5.897080038969834,4.098248023381901,6.897664031175868,4.447080038969835,High_Plateau,0.4970162768617052,0.367648409,23,-0.005065576
Acacia,Campanula,10,5.5,5.730054806,6.515027402942325,4.469016441765395,7.392021922353861,5.0650274029423255,High_Plateau,0.598968784,0.5634058877516677,22,-0.00542379
Acacia,Capsella,10,5.5,5.211980507102613,6.255990253551307,4.313594152130784,7.184792202841045,4.805990253551307,High_Plateau,0.4919746266292788,0.3817707604244221,26,-0.002806166
Acacia,Cardamine,10,5.5,5.696891995328966,6.498445997664483,4.459067599,7.378756798131587,5.0484459976644835,High_Plateau,0.5750113898003638,0.5233484890846635,23,-0.003614849
Acacia,Cardiospermum,10,5.5,5.821859924390122,6.560929962195061,4.496557977317036,7.428743969756049,5.110929962195061,High_Plateau,0.6666972390703064,0.6781761312932627,19,-0.025278129
Acacia,Carduncellus,10,5.5,6.182305100999902,6.741152550499951,4.60469153,7.572922040399961,5.291152550499952,High_Plateau,0.6550590230522585,0.699833107,25,-0.003369825
Acacia,Carduus,10,5.5,5.010008916550497,6.155004458275249,4.253002674965149,7.104003566620198,4.705004458275249,High_Plateau,0.5737378682037005,0.6439874314610425,38,-0.00310642
Acacia,Carex,10,5.5,6.404558426,6.852279213,4.671367527818174,7.661823370424232,5.402279213,High_Plateau,0.3865553215637184,0.1713073772003699,26,-0.004682301
Acacia,Carlina,10,5.5,5.540605479,6.420302739,4.412181643598072,7.316242191464096,4.970302739,High_Plateau,0.6312734607376853,0.6608187683338776,26,-0.005057864
Acacia,Carpobrotus,10,5.5,7.220931655610146,7.260465827805072,4.916279496683044,7.988372662244059,5.810465827805073,High_Plateau,0.695733974,0.756413636,22,-0.002810632
Acacia,Carthamus,10,5.5,4.514072404212001,5.907036202106001,4.104221721263601,6.905628961684801,4.457036202106001,High_Plateau,0.4937864659326759,0.4677876323911781,36,-0.003813229
Acacia,Castanea,10,5.5,8.696974131403769,7.998487065701884,5.359092239,8.578789652561507,6.5484870657018845,High_Plateau,0.5895402592328481,0.4746924292319999,13,-0.026004759
Acacia,Casuarina,10,5.5,8.656321588700367,7.978160794350183,5.346896476610111,8.562528635480147,6.528160794350184,High_Plateau,0.525794967,0.3448917736485015,13,-0.0144544
Acacia,Catananche,10,5.5,5.214819642772506,6.257409821386252,4.314445892831752,7.185927857109002,4.807409821386253,High_Plateau,0.5763117304201089,0.6576994261406968,39,-0.004831881
Acacia,Catapodium,10,5.5,4.510706582250417,5.905353291125208,4.1032119746751246,6.904282632900166,4.455353291125208,High_Plateau,0.3104848480499604,0.1256981599409636,39,-0.003094374
Acacia,Cedrus,10,5.5,8.772420963926251,8.036210481963126,5.381726289177875,8.608968386,6.586210481963126,High_Plateau,0.4596195716678116,0.2761136312012479,21,-0.003550522
Acacia,Celtis,10,5.5,8.673765045,7.9868825226820945,5.352129513609257,8.569506018145676,6.536882522682095,High_Plateau,0.5279919066678972,0.3474108125846913,13,-0.005080202
Acacia,Cenchrus,10,5.5,5.069458356145011,6.184729178072505,4.270837506843503,7.127783342458004,4.734729178072506,High_Plateau,0.3284001301217651,0.1124267273695315,33,-0.004159733
Acacia,Centaurea,10,5.5,5.624950841898382,6.4624754209491915,4.437485252569514,7.349980336759353,5.012475420949191,High_Plateau,0.595498695,0.6713922359882699,36,-0.00471396
Acacia,Centaurium,10,5.5,4.552775757182367,5.926387878591184,4.115832727,6.921110302872947,4.476387878591184,High_Plateau,0.507822925,0.4136739245907128,26,-0.003839005
Acacia,Cephalanthera,10,5.5,6.440019747586166,6.870009873793083,4.682005924,7.676007899034467,5.420009873793083,High_Plateau,0.5365909102217703,0.4711087437270517,26,-0.003333247
Acacia,Cephalaria,10,5.5,6.123507192124682,6.711753596062341,4.587052157637404,7.549402876849873,5.261753596062341,High_Plateau,0.5701284548819188,0.5302670750082978,25,-0.004845347
Acacia,Cerastium,10,5.5,5.359837932092651,6.329918966046325,4.357951379627795,7.243935172837061,4.879918966046326,High_Plateau,0.6301315635460012,0.6663437735766725,27,-0.003005972
Acacia,Ceratophyllum,10,5.5,6.4216163211550255,6.860808160577513,4.6764848963465075,7.668646528462011,5.410808160577513,High_Plateau,0.42950616,0.1673553938006242,15,-0.007468793
Acacia,Cerinthe,10,5.5,4.752702287,6.026351143,4.175810685989978,7.001080914653304,4.576351143,High_Plateau,0.6255597434310038,0.6327745630988516,24,-0.004165792
Acacia,Cestrum,10,5.5,8.801684875099848,8.050842437549925,5.390505462529955,8.62067395,6.600842437549924,High_Plateau,0.6788210145228718,0.7311645966216234,23,-0.004599139
Acacia,Chaenomeles,10,5.5,8.716733904,8.008366952033034,5.365020171219821,8.586693561626427,6.558366952033035,High_Plateau,0.691331429,0.7150090754156114,18,-0.004196842
Acacia,Chaenorhinum,10,5.5,5.384941984709568,6.342470992354784,4.365482595,7.253976793883828,4.892470992354784,High_Plateau,0.4922903429749906,0.4238555250843588,31,-0.004593374
Acacia,Chaerophyllum,10,5.5,5.557793871157295,6.428896935578647,4.417338161347189,7.323117548462918,4.978896935578648,High_Plateau,0.5273329418255639,0.5101753516207211,33,-0.003574737
Acacia,Chamaecyparis,10,5.5,8.694840400870504,7.997420200435252,5.358452120261151,8.577936160348202,6.547420200435252,High_Plateau,0.4662593272584033,0.2976649394470497,22,-0.003813616
Acacia,Chamaecytisus,10,5.5,8.854142216715939,8.077071108,5.406242665014782,8.641656886686375,6.627071108,High_Plateau,0.8310318121021301,0.944053142,12,0.001011313
Acacia,Chamaemelum,10,5.5,5.323555542103142,6.311777771,4.347066662630942,7.229422216841257,4.861777771051571,High_Plateau,0.4372634598436332,0.3791708710178439,39,-0.002671811
Acacia,Cheilanthes,10,5.5,6.404711177895934,6.852355588947967,4.671413353368781,7.661884471158373,5.402355588947968,High_Plateau,0.3799048295071519,0.1824152327889157,29,-0.003438828
Acacia,Cheirolophus,10,5.5,6.389080639034383,6.844540319517192,4.666724191710315,7.655632255613753,5.3945403195171915,High_Plateau,0.5067633020212994,0.5018565420245386,37,-0.003293526
Acacia,Chenopodium,10,5.5,4.677543201068951,5.988771600534475,4.153262960320685,6.9710172804275805,4.538771600534476,High_Plateau,0.4340688139143132,0.2090609481007689,19,-0.005986464
Acacia,Chloris,10,5.5,5.7742770558272545,6.537138527913627,4.482283116748176,7.4097108223309025,5.087138527913627,High_Plateau,0.3174804782126604,0.1396282746274887,39,-0.002788646
Acacia,Chondrilla,10,5.5,5.723047227379899,6.511523613689949,4.466914168,7.389218891,5.061523614,High_Plateau,0.46545694,0.427691471,38,-0.004435902
Acacia,Christella,10,5.5,6.478636407308832,6.889318203654415,4.693590922,7.691454562923533,5.439318203654416,High_Plateau,0.3586939539938797,0.1563157156021271,31,-0.002858216
Acacia,Chrozophora,10,5.5,4.415492326,5.857746163218435,4.074647697931061,6.866196930574748,4.407746163218436,High_Plateau,0.4447961942591619,0.2302633905132778,19,-0.004724873
Acacia,Chrysanthemum,10,5.5,5.132240227,6.216120114,4.289672068244396,7.152896090992528,4.766120114,High_Plateau,0.32298074,0.1178148448122885,35,-0.003102439
Acacia,Cicer,10,5.5,5.878241057897059,6.589120528948529,4.513472317369118,7.451296423158824,5.1391205289485296,High_Plateau,0.6667547427093949,0.6341888182250672,14,-0.010245979
Acacia,Cichorium,10,5.5,5.634517380939131,6.467258690469565,4.440355214281739,7.353806952375653,5.017258690469566,High_Plateau,0.6042854084591274,0.6805599330826004,35,-0.003781197
Acacia,Cinnamomum,10,5.5,8.736975671738682,8.018487836,5.371092701521604,8.594790268695473,6.568487835869341,High_Plateau,0.7424871114221042,0.8085440670777276,17,-0.001410865
Acacia,Circaea,10,5.5,6.361038099404304,6.830519049702152,4.658311429821291,7.644415239761722,5.380519049702152,High_Plateau,0.6215017998726462,0.563332247,17,0.014795119
Acacia,Cirsium,10,5.5,5.478932792559249,6.389466396279625,4.393679837767775,7.291573117,4.939466396279625,High_Plateau,0.5259260843575974,0.5483638637688361,38,-0.00310642
Acacia,Cistanche,10,5.5,6.457279218976526,6.878639609488262,4.687183765692957,7.682911687590611,5.428639609488263,High_Plateau,0.3711145731138176,0.1566585311331472,28,-0.003653774
Acacia,Cistus,10,5.5,8.878348576728198,8.089174288364099,5.413504573018459,8.651339431,6.639174288364099,High_Plateau,0.6711971975420552,0.6922960313668899,20,-0.009782154
Acacia,Citrullus,10,5.5,5.026647770665987,6.163323885332993,4.257994331199796,7.110659108266395,4.7133238853329935,High_Plateau,0.4525709096291281,0.2057427443740928,13,-0.050949831
Acacia,Citrus,10,5.5,8.866518490365022,8.083259245,5.409955547109506,8.646607396,6.633259245182511,High_Plateau,0.6579310434927585,0.6675216872934535,20,-0.018571974
Acacia,Cladanthus,10,5.5,4.579787272237479,5.9398936361187396,4.123936181671244,6.931914908894992,4.489893636,High_Plateau,0.4649848692519182,0.3196384618916417,25,-0.003138137
Acacia,Clematis,10,5.5,8.302623632392525,7.801311816196263,5.240787089717758,8.421049453,6.3513118161962625,High_Plateau,0.5055496309020936,0.4009066994188449,25,-0.003831709
Acacia,Cleome,10,5.5,4.425637086899716,5.862818543449858,4.077691126069915,6.870254834759887,4.412818543449858,High_Plateau,0.5469125805963083,0.4157447576335819,17,0.006840374
Acacia,Clinopodium,10,5.5,5.9254852986319975,6.612742649315999,4.527645589589599,7.470194119452799,5.162742649315999,High_Plateau,0.5294825447379352,0.539331759,36,-0.004573075
Acacia,Clypeola,10,5.5,4.494160077939669,5.897080038969834,4.098248023381901,6.897664031175868,4.447080038969835,High_Plateau,0.488850422,0.367648409,25,-0.00453234
Acacia,Colchicum,10,5.5,6.3568863132349875,6.828443156617494,4.657065893970496,7.642754525293995,5.378443156617494,High_Plateau,0.5764722918975884,0.5427352158666049,25,-0.003747681
Acacia,Coleostephus,10,5.5,4.380992741319406,5.840496370659703,4.0642978223958215,6.8523970965277625,4.390496370659703,High_Plateau,0.6042717976420358,0.5988394089617831,25,-0.006273589
Acacia,Colutea,10,5.5,8.822671701134984,8.061335850567492,5.396801510340495,8.629068680453994,6.611335850567492,High_Plateau,0.8194196185918636,0.946309617,15,-0.003105325
Acacia,Conopodium,10,5.5,5.299486757,6.299743378509239,4.339846027105544,7.219794702807392,4.849743379,High_Plateau,0.5804387162109654,0.5425487375469092,24,-0.004246937
Acacia,Conringia,10,5.5,4.489721067241714,5.894860533620857,4.0969163201725145,6.895888426896686,4.444860533620857,High_Plateau,0.4737383171266711,0.3622056272668928,28,-0.005151814
Acacia,Convolvulus,10,5.5,6.188255783593947,6.744127891796973,4.606476735078184,7.575302313437579,5.294127891796974,High_Plateau,0.6535337764569871,0.6886903435404118,24,-0.004004364
Acacia,Coris,10,5.5,5.222333980994179,6.26116699,4.316700194298254,7.188933592397672,4.81116699,High_Plateau,0.6507337479839131,0.657930586,21,-0.001493531
Acacia,Coronilla,10,5.5,6.384700337783779,6.8423501688918895,4.665410101335134,7.653880135113512,5.392350168891889,High_Plateau,0.7981729979077128,0.9013739644310116,14,-0.031989158
Acacia,Corrigiola,10,5.5,5.365320277274152,6.332660138637076,4.359596083182246,7.246128110909661,4.8826601386370765,High_Plateau,0.5723866937597257,0.4933430146285983,20,-0.003122108
Acacia,Corydalis,10,5.5,5.501496007199174,6.4007480035995865,4.400448802159752,7.300598403,4.950748003599587,High_Plateau,0.5895402149500553,0.5110449212348418,18,-0.00228821
Acacia,Corynephorus,10,5.5,5.0072117374990075,6.153605868749503,4.252163521249702,7.102884694999603,4.703605868749504,High_Plateau,0.2954138136065709,0.1203388802364773,42,-0.003720649
Acacia,Cotoneaster,10,5.5,8.955053187642092,8.127526593821045,5.436515956292627,8.682021275056837,6.677526593821046,High_Plateau,0.6389558956179595,0.6185025052939119,19,-0.004323433
Acacia,Cotula,10,5.5,5.236004849771895,6.268002424885948,4.320801454931568,7.194401939908758,4.818002424885948,High_Plateau,0.508193316,0.4882209163848976,35,-0.003007036
Acacia,Crambe,10,5.5,6.148891066,6.724445532849495,4.594667319709697,7.559556426279596,5.274445532849495,High_Plateau,0.5691629196421044,0.5443349664711948,27,-0.002648376
Acacia,Crassula,10,5.5,5.229586675647402,6.264793337823701,4.318876003,7.191834670258961,4.814793337823701,High_Plateau,0.4910778441903072,0.2907618800741393,15,-0.008784383
Acacia,Crataegus,10,5.5,8.717762263297995,8.008881131648998,5.365328678989398,8.587104905319197,6.558881131648998,High_Plateau,0.7036054382034673,0.7147794729579426,15,-0.003596407
Acacia,Crepis,10,5.5,5.455144536980212,6.3775722684901055,4.386543361094064,7.2820578147920845,4.927572268490106,High_Plateau,0.4253814267734572,0.298307683,32,-0.004847433
Acacia,Crocus,10,5.5,6.360628630028681,6.830314315,4.6581885890086046,7.644251452011472,5.380314315,High_Plateau,0.5538561096911961,0.538773519,30,-0.004621569
Acacia,Crotalaria,10,5.5,5.910977144144165,6.605488572072082,4.523293143243249,7.464390857657666,5.155488572072082,High_Plateau,0.8228836365287646,0.8971779076236283,8,-0.01047783
Acacia,Crucianella,10,5.5,5.055872661849335,6.177936330924668,4.266761798554801,7.122349064739734,4.727936330924668,High_Plateau,0.5045719633405982,0.4071469982269523,26,-0.003713988
Acacia,Crupina,10,5.5,4.380992741319406,5.840496370659703,4.0642978223958215,6.8523970965277625,4.390496370659703,High_Plateau,0.5632381685738224,0.5988394089617831,35,-0.005650976
Acacia,Cucumis,10,5.5,4.434851788284891,5.867425894142445,4.080455536485467,6.873940715313957,4.417425894142445,High_Plateau,0.4563219223792001,0.2132447698742368,13,-0.050949831
Acacia,Cucurbita,10,5.5,5.051108284603343,6.175554142301671,4.265332485381003,7.120443313841337,4.725554142301672,High_Plateau,0.437666758,0.1654547908452321,12,-0.039647474
Acacia,Cullen,10,5.5,6.522881021,6.911440510437805,4.706864306262682,7.709152408350244,5.461440510437805,High_Plateau,0.8011546021976741,0.9097599356484872,15,-0.003007081
Acacia,Cuphea,10,5.5,5.850430638998103,6.575215319499051,4.505129191699431,7.440172255599242,5.125215319499052,High_Plateau,0.6791414614152891,0.6743803512552783,16,-0.005144676
Acacia,Cupressus,10,5.5,8.772593258358492,8.036296629179246,5.381777977507548,8.609037303343397,6.586296629179246,High_Plateau,0.464552269,0.3024319643007568,23,-0.003623435
Acacia,Cuscuta,10,5.5,4.966668242520873,6.133334121260436,4.240000472756262,7.086667297008349,4.683334121260437,High_Plateau,0.5928727888017363,0.558952252,23,-0.003019675
Acacia,Cutandia,10,5.5,4.573801744422601,5.936900872,4.122140523,6.929520697769041,4.486900872211301,High_Plateau,0.2961244840194983,0.096977432,39,-0.003094374
Acacia,Cyclamen,10,5.5,6.355272202571068,6.827636101285534,4.656581661,7.6421088810284274,5.377636101285534,High_Plateau,0.5848065418650259,0.5430880776650591,23,-0.004361271
Acacia,Cymbalaria,10,5.5,6.310196438861873,6.805098219430937,4.643058931658562,7.6240785755447495,5.355098219430937,High_Plateau,0.5658203080514024,0.5624864300267254,30,-0.003544138
Acacia,Cymbopogon,10,5.5,6.249944044637711,6.774972022318855,4.624983213391313,7.599977617855084,5.324972022318855,High_Plateau,0.3914367584785154,0.246891991,34,-0.005023875
Acacia,Cynanchum,10,5.5,8.735613979,8.017806989440725,5.3706841936644345,8.594245592,6.567806989440725,High_Plateau,0.688667766,0.8083797652450424,30,-0.004536238
Acacia,Cynara,10,5.5,6.180979069599192,6.740489534799596,4.604293720879758,7.572391627839677,5.290489534799596,High_Plateau,0.4438240173495343,0.3599994469726276,35,-0.005592678
Acacia,Cynodon,10,5.5,6.421299016259889,6.860649508129944,4.676389704877966,7.668519606503956,5.410649508129945,High_Plateau,0.3331246001453496,0.1709165184928671,39,-0.002788646
Acacia,Cynoglossum,10,5.5,5.056080137924795,6.178040068962398,4.266824041377438,7.122432055169918,4.728040068962398,High_Plateau,0.6427971310787903,0.6350711345806652,20,-0.007658335
Acacia,Cynosurus,10,5.5,5.029827090313814,6.164913545156907,4.258948127094144,7.111930836125525,4.714913545156907,High_Plateau,0.3495749345979946,0.1877325671986172,37,-0.004557326
Acacia,Cyperus,10,5.5,5.7262010721366465,6.513100536068324,4.467860321640994,7.390480428854659,5.063100536068323,High_Plateau,0.3376770796275067,0.1310412254686267,33,-0.004462728
Acacia,Cypripedium,10,5.5,6.5220937835673185,6.911046891783659,4.706628135070195,7.708837513426928,5.461046892,High_Plateau,0.5073293870924019,0.3884756168819669,23,-0.006070515
Acacia,Cytinus,10,5.5,6.488538413864775,6.894269206932387,4.696561524159432,7.6954153655459105,5.444269206932388,High_Plateau,0.6149579146908526,0.5529425574823331,17,0.001304716
Acacia,Cytisus,10,5.5,8.842776802753024,8.071388401376511,5.402833040825907,8.637110721101209,6.621388401376512,High_Plateau,0.8408503579487027,0.9460196631523572,9,-0.033923503
Acacia,Dactylis,10,5.5,6.396668189842558,6.848334094921279,4.669000456952768,7.658667275937024,5.398334094921279,High_Plateau,0.3533179383908138,0.1872536114536068,36,-0.005828399
Acacia,Dactylorhiza,10,5.5,6.364489490314778,6.832244745157389,4.659346847094433,7.6457957961259115,5.382244745157389,High_Plateau,0.5572585225049506,0.5535460636404658,31,-0.003364271
Acacia,Daphne,10,5.5,8.928720417427293,8.114360208713647,5.428616125228188,8.671488166970917,6.664360208713647,High_Plateau,0.6558035857043961,0.6357007299104818,17,-0.004029436
Acacia,Dasypyrum,10,5.5,5.503881801,6.401940901,4.4011645404013215,7.301552720535096,4.951940901,High_Plateau,0.3203762863968927,0.1294776218454803,37,-0.005269081
Acacia,Datura,10,5.5,4.745285608621554,6.022642804310777,4.173585682586467,6.998114243448622,4.572642804310777,High_Plateau,0.5423547518048794,0.4912506605422341,27,-0.005308524
Acacia,Daucus,10,5.5,4.543642814853501,5.921821407426751,4.113092844,6.917457126,4.471821407,High_Plateau,0.5008262874585189,0.4818723143703558,36,-0.003838423
Acacia,Delphinium,10,5.5,5.984387964263442,6.642193982131721,4.545316389279033,7.493755185705377,5.192193982131721,High_Plateau,0.5982187386890471,0.5617790608597518,22,-0.004790109
Acacia,Dianthus,10,5.5,6.160417066751573,6.730208533375786,4.598125120025472,7.564166827,5.280208533375786,High_Plateau,0.649821187,0.7139282895041803,28,-0.002936431
Acacia,Dichanthium,10,5.5,6.249944044637711,6.774972022318855,4.624983213391313,7.599977617855084,5.324972022318855,High_Plateau,0.3792960817731363,0.246891991,37,-0.003142971
Acacia,Digitalis,10,5.5,5.888835993669105,6.594417996834553,4.516650798100732,7.455534397467642,5.1444179968345525,High_Plateau,0.56820642,0.5674626692986687,30,-0.004564213
Acacia,Digitaria,10,5.5,4.981325778748528,6.140662889374264,4.244397733624559,7.092530311499411,4.690662889374265,High_Plateau,0.3207544341502285,0.1136353726257547,35,-0.004468138
Acacia,Dioscorea,10,5.5,6.324101688172085,6.812050844086043,4.647230506451626,7.629640675268835,5.362050844086043,High_Plateau,0.6128037803588267,0.5656910953583822,19,-0.001787536
Acacia,Diospyros,10,5.5,8.714605935346503,8.007302967673251,5.364381780603951,8.585842374,6.557302967673252,High_Plateau,0.7643745522102081,0.8691640696518109,19,-0.003444689
Acacia,Dipcadi,10,5.5,6.286169968451554,6.793084984225777,4.635850990535467,7.614467987380621,5.3430849842257775,High_Plateau,0.4665780983705422,0.356392363,29,-0.006591789
Acacia,Diplotaxis,10,5.5,5.169418394427539,6.234709197213769,4.300825518328262,7.167767357771016,4.784709197,High_Plateau,0.5143113140193543,0.418399631,25,-0.003679534
Acacia,Dipsacus,10,5.5,4.476016877619929,5.8880084388099645,4.0928050632859785,6.890406751047972,4.438008438809964,High_Plateau,0.50627528,0.4025607261949303,25,-0.004845347
Acacia,Dittrichia,10,5.5,6.0597198917328825,6.679859945866442,4.567915967519864,7.523887956693153,5.229859945866441,High_Plateau,0.5149966202006466,0.4935757900360979,34,-0.002844255
Acacia,Dodonaea,10,5.5,8.645613801098072,7.9728069005490365,5.3436841403294215,8.558245520439229,6.522806900549036,High_Plateau,0.566350543,0.4645292129898387,18,-0.001606388
Acacia,Doronicum,10,5.5,6.297869309053652,6.7989346545268265,4.639360792716095,7.619147723621461,5.348934654526826,High_Plateau,0.5769641882254543,0.5935555455802607,31,-0.006355024
Acacia,Draba,10,5.5,5.87942244,6.58971122,4.513826731987748,7.451768975983664,5.13971122,High_Plateau,0.3745683695987779,0.1882027509293264,31,-0.003549237
Acacia,Dryopteris,10,5.5,6.427326762737408,6.8636633813687045,4.678198028821223,7.670930705094964,5.413663381368704,High_Plateau,0.3659733204835715,0.1710816979864814,31,-0.003894463
Acacia,Dysphania,10,5.5,4.658701793342426,5.979350896671213,4.147610538002728,6.963480717336971,4.529350896671213,High_Plateau,0.3829701128786688,0.1475212420464864,24,-0.003795492
Acacia,Ebenus,10,5.5,7.5769940399411295,7.438497019970565,5.023098211982338,8.130797615976451,5.9884970199705645,High_Plateau,0.8110607271020225,0.9296326532233689,15,-0.00330942
Acacia,Echinochloa,10,5.5,4.509342632887821,5.904671316,4.102802789866346,6.903737053155128,4.4546713164439105,High_Plateau,0.3176819733232934,0.1156979753723217,36,-0.00440987
Acacia,Echinophora,10,5.5,6.333647298910039,6.816823649455019,4.650094189673012,7.633458919564015,5.366823649,High_Plateau,0.5901519874224945,0.5614925028967623,24,-0.001833051
Acacia,Echinops,10,5.5,6.105206350574221,6.702603175287111,4.581561905172267,7.542082540229689,5.252603175287111,High_Plateau,0.6293163827278955,0.6978563083330992,31,-0.004336892
Acacia,Echium,10,5.5,4.995456805572076,6.147728402786038,4.248637041671623,7.098182722228831,4.697728402786038,High_Plateau,0.5715885151705468,0.524349472,24,-0.001752619
Acacia,Elaeagnus,10,5.5,8.697686201113212,7.998843100556606,5.359305860333963,8.579074480445286,6.548843100556606,High_Plateau,0.5935633898162949,0.475117535,12,-0.028994874
Acacia,Elatine,10,5.5,4.757183485406423,6.028591742703211,4.177155045621927,7.002873394162569,4.578591742703212,High_Plateau,0.6626598536147189,0.6329596820424334,15,-0.003953299
Acacia,Eleocharis,10,5.5,6.0648589935470545,6.682429496773527,4.569457698064117,7.525943597418822,5.232429496773527,High_Plateau,0.3508730006804014,0.1490603706811948,32,-0.003695134
Acacia,Eleusine,10,5.5,5.383249693988102,6.341624846994051,4.364974908,7.253299877595241,4.891624846994051,High_Plateau,0.3168689588002997,0.1303344185946991,38,-0.00353045
Acacia,Elymus,10,5.5,6.514765245192646,6.907382622596323,4.704429573557794,7.705906098077058,5.457382622596324,High_Plateau,0.3343076246390227,0.1328167705947778,34,-0.005939113
Acacia,Enarthrocarpus,10,5.5,4.494160077939669,5.897080038969834,4.098248023381901,6.897664031175868,4.447080038969835,High_Plateau,0.4478636828320473,0.367648409,35,-0.003440832
Acacia,Enneapogon,10,5.5,6.134014833138963,6.717007416569482,4.590204449941689,7.553605933255586,5.267007416569482,High_Plateau,0.3469486383590568,0.1498242783139608,33,-0.005662405
Acacia,Ephedra,10,5.5,8.776134025,8.038067012498335,5.382840207499001,8.610453609998668,6.588067012498335,High_Plateau,0.4725426746543523,0.2776611854369331,18,-0.005344934
Acacia,Epilobium,10,5.5,6.155635553752035,6.727817776876018,4.596690666,7.5622542215008135,5.2778177768760175,High_Plateau,0.4804489642587446,0.28337495,17,0.004053248
Acacia,Epimedium,10,5.5,6.136701251676397,6.718350625838198,4.591010375502918,7.554680500670559,5.268350625838199,High_Plateau,0.6250808157551258,0.5892095487889186,19,0.003390551
Acacia,Epipactis,10,5.5,6.419946643,6.859973321423505,4.675983992854103,7.6679786571388036,5.4099733214235055,High_Plateau,0.5443418288041889,0.4866105808918888,26,-0.003333247
Acacia,Equisetum,10,5.5,6.4952795388921105,6.897639769446055,4.6985838616676325,7.698111815556844,5.447639769446056,High_Plateau,0.3948198729150016,0.1387930871243313,20,-0.006040679
Acacia,Eragrostis,10,5.5,5.375703915029388,6.337851957514694,4.362711174508816,7.250281566011756,4.887851957514695,High_Plateau,0.3603220279835419,0.1353294450274487,28,-0.004933795
Acacia,Eremopyrum,10,5.5,4.579584555456743,5.939792277728372,4.123875366637023,6.931833822182698,4.489792277728371,High_Plateau,0.303788074,0.095980672,37,-0.003666451
Acacia,Erica,10,5.5,8.730542213298346,8.015271106649173,5.369162663989504,8.592216885319338,6.565271106649173,High_Plateau,0.5434440921081372,0.4852081313644284,26,-0.005298366
Acacia,Erigeron,10,5.5,6.032541980138385,6.666270990069192,4.559762594041516,7.513016792055354,5.216270990069193,High_Plateau,0.6166808048935877,0.6892283000646114,33,-0.005360849
Acacia,Erodium,10,5.5,5.326080569067615,6.313040284533807,4.347824170720284,7.2304322276270465,4.863040284533808,High_Plateau,0.6026441396058846,0.4958593067984174,13,-0.000800343
Acacia,Erucastrum,10,5.5,5.757200627687299,6.528600313843649,4.477160188,7.402880251,5.0786003138436495,High_Plateau,0.5260111417859298,0.523943327,35,-0.003440832
Acacia,Eryngium,10,5.5,5.779888995606817,6.5399444978034085,4.483966698682045,7.411955598242727,5.089944497803408,High_Plateau,0.4131514678030284,0.2326259876846429,27,-0.004218
Acacia,Erysimum,10,5.5,5.335723429532632,6.317861714766316,4.350717029,7.234289371813054,4.867861714766317,High_Plateau,0.5256244688500314,0.4492732110591342,26,-0.003819997
Acacia,Eschscholzia,10,5.5,4.635881711388473,5.967940855694236,4.140764513416542,6.954352684555389,4.517940855694237,High_Plateau,0.5582729281415288,0.4436596281157829,17,-0.019130503
Acacia,Eucalyptus,10,5.5,8.798826765695317,8.049413382847659,5.389648029708595,8.619530706278127,6.599413382847659,High_Plateau,0.7340870287398429,0.8097270200923687,19,-0.009134676
Acacia,Eugenia,10,5.5,8.752634701437538,8.026317350718768,5.375790410431261,8.601053880575016,6.576317350718769,High_Plateau,0.6990692267231454,0.7548336025152007,21,-0.002653828
Acacia,Euonymus,10,5.5,8.834577227942063,8.067288613971032,5.400373168382618,8.633830891176824,6.617288613971032,High_Plateau,0.7177823413437685,0.6958844077838603,9,-0.013927393
Acacia,Eupatorium,10,5.5,6.344654677,6.822327338,4.653396403044608,7.6378618707261445,5.372327338407681,High_Plateau,0.5155633886797665,0.5523409955230014,41,-0.003331365
Acacia,Euphorbia,10,5.5,5.7138668884148744,6.506933444207437,4.464160066524462,7.385546755,5.056933444207438,High_Plateau,0.6373949590080488,0.6154609200110521,19,-0.004724873
Acacia,Fallopia,10,5.5,5.928550803708537,6.614275401854268,4.528565241112561,7.471420321483414,5.164275401854269,High_Plateau,0.3872265424933704,0.1805028605676236,27,-0.002851618
Acacia,Ferula,10,5.5,6.390053711252786,6.845026855626394,4.667016113375836,7.656021484501115,5.395026855626393,High_Plateau,0.3674962681817116,0.1909940840335794,33,-0.006035136
Acacia,Ferulago,10,5.5,6.333647298910039,6.816823649455019,4.650094189673012,7.633458919564015,5.366823649,High_Plateau,0.5904178984021214,0.5614925028967623,24,0.000826059
Acacia,Festuca,10,5.5,6.490675180077853,6.895337590038926,4.697202554023356,7.696270072031141,5.4453375900389265,High_Plateau,0.3376362083775802,0.139296813,34,-0.005053486
Acacia,Fibigia,10,5.5,6.384901781825858,6.842450890912929,4.665470534547757,7.653960712730344,5.392450890912929,High_Plateau,0.556058259,0.5182179872811691,27,-0.003110088
Acacia,Filago,10,5.5,4.454805438324301,5.877402719,4.086441631497291,6.881922175,4.427402719162151,High_Plateau,0.4587575339023924,0.4142961726518457,38,-0.004453469
Acacia,Fimbristylis,10,5.5,5.397954548838523,6.348977274419262,4.369386364651557,7.25918182,4.898977274419262,High_Plateau,0.338796872,0.1329861240378896,33,-0.002989299
Acacia,Foeniculum,10,5.5,5.4873902948382005,6.393695147,4.396217088,7.294956118,4.943695147419101,High_Plateau,0.4782476179631126,0.4118881717475806,33,-0.002992076
Acacia,Fragaria,10,5.5,6.354528454,6.827264227020089,4.656358536212053,7.641811381616073,5.377264227,High_Plateau,0.606415148,0.520327146,15,-0.003237675
Acacia,Frankenia,10,5.5,7.9885520298762405,7.644276015,5.146565608962872,8.295420811950496,6.194276015,High_Plateau,0.6442790457187091,0.629289937,19,-0.005029088
Acacia,Fraxinus,10,5.5,8.654091504013872,7.977045752006935,5.346227451204161,8.561636602,6.527045752006936,High_Plateau,0.4769342647512011,0.3438857985705768,25,-0.004880866
Acacia,Fritillaria,10,5.5,6.717371033395539,7.008685516697769,4.765211310018662,7.786948413358216,5.558685517,High_Plateau,0.3991773141931404,0.2047490014982668,27,-0.004574605
Acacia,Fumana,10,5.5,8.880588194951368,8.090294097475685,5.414176458485411,8.652235277980548,6.640294097475684,High_Plateau,0.6781887004342071,0.6771188280408676,17,0.01273122
Acacia,Fumaria,10,5.5,4.424218205839921,5.862109102919961,4.077265461751976,6.869687282335969,4.412109102919961,High_Plateau,0.5456114025902132,0.4231872965151579,18,-0.00228821
Acacia,Gagea,10,5.5,6.449727123119721,6.874863562,4.6849181369359165,7.679890849247888,5.424863562,High_Plateau,0.5265681788947605,0.4594128769677756,27,-0.003985336
Acacia,Galactites,10,5.5,4.380992741319406,5.840496370659703,4.0642978223958215,6.8523970965277625,4.390496370659703,High_Plateau,0.6045457895919422,0.5988394089617831,25,-0.003533669
Acacia,Galega,10,5.5,6.353517997780976,6.826758998890488,4.656055399334293,7.641407199112391,5.376758998890488,High_Plateau,0.7950060502346521,0.898455221,15,-0.007969029
Acacia,Galinsoga,10,5.5,4.375235795088177,5.837617897544089,4.062570738526453,6.850094318035271,4.3876178975440885,High_Plateau,0.5533517893133378,0.6034345060696661,38,-0.004202582
Acacia,Galium,10,5.5,5.999264443464801,6.649632222,4.5497793330394405,7.499705777385921,5.199632221732401,High_Plateau,0.6031980755641899,0.5968435701712165,25,-0.007031616
Acacia,Gastridium,10,5.5,4.619013211270449,5.959506605635225,4.135703963381134,6.947605285,4.509506605635225,High_Plateau,0.2663502549432111,0.086785637,45,-0.003302347
Acacia,Gaudinia,10,5.5,5.487374547253545,6.393687273626773,4.396212364176064,7.294949818901419,4.9436872736267725,High_Plateau,0.2983261223972435,0.1342245273910014,43,-0.002929906
Acacia,Gazania,10,5.5,6.637229076498174,6.968614538249087,4.7411687229494515,7.7548916305992694,5.518614538249087,High_Plateau,0.3822400788549731,0.1953197212801137,30,-0.003512886
Acacia,Genista,10,5.5,8.843871631805104,8.071935815902552,5.403161489541532,8.637548652722042,6.621935815902552,High_Plateau,0.8368811238230611,0.945859518,10,-0.03171923
Acacia,Gentianopsis,10,5.5,4.867403691,6.083701845469815,4.210221107281889,7.046961476375852,4.633701845469815,High_Plateau,0.5066805635033649,0.4035146480691501,25,-0.005562126
Acacia,Geranium,10,5.5,5.666733502926645,6.483366751463322,4.450020050877994,7.366693401170658,5.033366751463323,High_Plateau,0.5199389547479513,0.3304489370825509,13,-0.000800343
Acacia,Geum,10,5.5,6.325071267653388,6.812535633826694,4.647521380296016,7.630028507061356,5.362535633826694,High_Plateau,0.6377919560376294,0.5694843955981747,13,-0.017447623
Acacia,Gladiolus,10,5.5,6.333546479816716,6.816773239908358,4.650063943945015,7.633418591926686,5.366773239908358,High_Plateau,0.5825407789643076,0.5636025547968357,26,-0.006303614
Acacia,Glaucium,10,5.5,4.987472542076966,6.143736271038483,4.2462417626230895,7.0949890168307865,4.693736271038484,High_Plateau,0.5720048053916457,0.4683487335164349,17,-0.005257258
Acacia,Glinus,10,5.5,4.439202379782958,5.869601189891479,4.081760713934887,6.875680951913184,4.419601189891479,High_Plateau,0.4282096337984106,0.213034662,21,-0.002255053
Acacia,Globularia,10,5.5,7.329154384118049,7.314577192059025,4.9487463152354145,8.031661754,5.864577192059025,High_Plateau,0.5994519121947609,0.6135871920934175,28,-0.004923688
Acacia,Glyceria,10,5.5,6.433718638623055,6.866859319311527,4.680115591586916,7.673487455449222,5.416859319311527,High_Plateau,0.3677705867185229,0.1581588637191361,29,-0.00349941
Acacia,Glycine,10,5.5,6.405276016863124,6.852638008431562,4.671582805058938,7.662110406745249,5.402638008431563,High_Plateau,0.7903803717991007,0.8813579239243077,14,-0.009835217
Acacia,Gomphocarpus,10,5.5,8.735613979,8.017806989440725,5.3706841936644345,8.594245592,6.567806989440725,High_Plateau,0.6805876783925036,0.8083797652450424,32,-0.00314533
Acacia,Gypsophila,10,5.5,5.6765538551204875,6.488276927560244,4.452966156536146,7.370621542048195,5.0382769275602435,High_Plateau,0.6470401494557058,0.6841304307317909,25,-0.00504518
Acacia,Halimione,10,5.5,7.352972619427817,7.326486309713909,4.955891785828345,8.041189047771127,5.876486309713909,High_Plateau,0.4644103456789197,0.2774596591176603,20,-0.003468811
Acacia,Halimium,10,5.5,8.740161072,8.020080536,5.372048321645936,8.596064428861247,6.570080536,High_Plateau,0.5003460005705518,0.3595889398559658,21,-0.013662776
Acacia,Halopeplis,10,5.5,4.446275300200536,5.873137650100269,4.083882590060161,6.878510120080215,4.423137650100268,High_Plateau,0.3738303884750856,0.1376091010942049,25,-0.004536141
Acacia,Haplophyllum,10,5.5,6.300696444,6.800348221998955,4.640208933199373,7.620278577599164,5.350348221998955,High_Plateau,0.4425450370172413,0.2367496743424191,20,-0.018571974
Acacia,Hedera,10,5.5,8.879863007703895,8.089931503851947,5.413958902311169,8.651945203081558,6.6399315038519475,High_Plateau,0.6374773918916663,0.6732587196409737,26,-0.005218309
Acacia,Hedypnois,10,5.5,4.540397726417195,5.920198863208597,4.112119317925158,6.916159090566879,4.470198863208598,High_Plateau,0.428875213,0.3460069551409174,37,-0.002926485
Acacia,Hedysarum,10,5.5,5.956320009,6.628160005,4.536896002836974,7.482528003782632,5.178160004728291,High_Plateau,0.8025832038616236,0.9126776067425708,15,-0.00330942
Acacia,Helianthemum,10,5.5,7.871882687587553,7.585941343793777,5.111564806276266,8.248753075035022,6.135941343793776,High_Plateau,0.6481884503843501,0.6254538356544104,18,0.012149572
Acacia,Helianthus,10,5.5,5.825214201749252,6.562607100874626,4.497564260524776,7.430085680699701,5.1126071008746266,High_Plateau,0.578456389,0.6781851428074129,41,-0.003622094
Acacia,Helichrysum,10,5.5,6.036066138657438,6.668033069328719,4.560819841597231,7.514426455462976,5.218033069328719,High_Plateau,0.6341036785321061,0.6827727701292325,28,-0.004333915
Acacia,Helictotrichon,10,5.5,6.516153346906901,6.908076673453451,4.7048460040720705,7.706461338762761,5.4580766734534505,High_Plateau,0.325371407,0.1314529109667324,36,-0.006290215
Acacia,Heliotropium,10,5.5,5.057640414209527,6.1788202071047635,4.267292124262858,7.123056165683812,4.728820207104764,High_Plateau,0.6399237553938419,0.6447765005487796,22,-0.002727141
Acacia,Heracleum,10,5.5,5.926537968676989,6.613268984338495,4.527961390603097,7.470615187470796,5.163268984338495,High_Plateau,0.5163129846263038,0.5127783039059839,36,-0.003501399
Acacia,Herniaria,10,5.5,5.337372301597993,6.318686150798996,4.351211690479397,7.234948920639198,4.868686150798997,High_Plateau,0.6570407110237589,0.6629920692210404,20,-0.004827208
Acacia,Hibiscus,10,5.5,6.966880326630319,7.133440163315159,4.840064097989096,7.886752130652128,5.683440163,High_Plateau,0.6589988330663392,0.6835648825252507,22,-0.005918274
Acacia,Hippocrepis,10,5.5,7.165808216254458,7.232904108127229,4.899742464876337,7.966323286501783,5.782904108127229,High_Plateau,0.8127909932984553,0.9187158665255056,12,-0.054710496
Acacia,Hohenackeria,10,5.5,4.5419373824407145,5.920968691220358,4.112581214732215,6.9167749529762865,4.4709686912203574,High_Plateau,0.4824188147063356,0.3462707354184925,24,-0.003055941
Acacia,Holcus,10,5.5,6.075759390845583,6.687879695422792,4.572727817253675,7.530303756338233,5.237879695422792,High_Plateau,0.3357635717920517,0.1681425896816395,38,-0.003625176
Acacia,Hordeum,10,5.5,5.234095818568804,6.267047909284402,4.320228745570641,7.1936383274275215,4.817047909284402,High_Plateau,0.3192793440924523,0.1025328243388353,34,-0.004802188
Acacia,Hornungia,10,5.5,4.486236616344648,5.893118308172324,4.095870984903394,6.894494647,4.443118308172324,High_Plateau,0.5159979469198899,0.3640019323337656,18,-0.002495946
Acacia,Humulus,10,5.5,6.244877676390048,6.772438838195024,4.623463302917014,7.597951071,5.3224388381950245,High_Plateau,0.4831769448244536,0.2577808888978045,13,-0.005080202
Acacia,Hyacinthoides,10,5.5,6.465142165805391,6.882571082902695,4.689542649741617,7.686056866322156,5.432571082902696,High_Plateau,0.5140523146547464,0.4590159988161277,30,-0.003871916
Acacia,Hydrocotyle,10,5.5,5.920280852574378,6.610140426287189,4.5260842557723135,7.468112341029752,5.160140426287189,High_Plateau,0.6670100988307782,0.6991331457926662,22,-0.003646932
Acacia,Hyoscyamus,10,5.5,4.769315584533476,6.034657792266738,4.180794675360042,7.007726234,4.5846577922667375,High_Plateau,0.5130281351813712,0.4320617174386668,27,-0.002629975
Acacia,Hyoseris,10,5.5,5.808003585218958,6.554001792609479,4.492401075565687,7.423201434087583,5.104001792609479,High_Plateau,0.4742149994902126,0.4285806995365627,36,-0.003493229
Acacia,Hypecoum,10,5.5,4.380055673066912,5.840027836533456,4.064016701920074,6.852022269226765,4.390027836533456,High_Plateau,0.6424478650780497,0.5996718615142083,16,0.001461809
Acacia,Hypericum,10,5.5,6.696061846965949,6.9980309234829745,4.7588185540897845,7.778424739,5.548030923482974,High_Plateau,0.7087779495027907,0.7118484155837359,13,-0.019407788
Acacia,Hypochaeris,10,5.5,6.098924230596894,6.699462115298447,4.579677269179069,7.539569692238757,5.2494621152984475,High_Plateau,0.5835973795064225,0.6394044474374811,35,-0.004884059
Acacia,Hypolepis,10,5.5,6.397422222008989,6.848711111004494,4.669226666602697,7.658968888803596,5.398711111004495,High_Plateau,0.3936410958325933,0.2098255116753902,29,-0.003127559
Acacia,Iberis,10,5.5,5.329538718433909,6.314769359216955,4.348861615530173,7.231815487373564,4.864769359216955,High_Plateau,0.5256389531485819,0.4327912298775029,24,-0.003457029
Acacia,Ilex,10,5.5,8.728069233421706,8.014034616710854,5.368420770026512,8.591227693368683,6.564034616710853,High_Plateau,0.5744763089846403,0.4735317830435669,17,-0.006457469
Acacia,Indigofera,10,5.5,8.218504271323328,7.759252135661663,5.215551281396998,8.387401708529332,6.309252135661664,High_Plateau,0.840426537,0.9359420546973208,9,0.012226331
Acacia,Inula,10,5.5,6.272810752585866,6.786405376292933,4.631843226,7.609124301034347,5.336405376292934,High_Plateau,0.6192636011140678,0.6858169303666137,32,-0.003571928
Acacia,Ionopsidium,10,5.5,4.509932749571368,5.904966374785683,4.102979825,6.903973099828548,4.454966374785684,High_Plateau,0.5187192159572172,0.3691930864770076,18,-0.001239026
Acacia,Ipomoea,10,5.5,5.626148989239868,6.463074494619934,4.437844697,7.3504595956959475,5.013074494619934,High_Plateau,0.5427654788058665,0.4835270629524334,26,-0.003679157
Acacia,Iris,10,5.5,6.305403324379388,6.802701662189694,4.641620997313817,7.622161329751755,5.352701662189695,High_Plateau,0.5892209677842835,0.5682769713550905,25,-0.003969699
Acacia,Isatis,10,5.5,4.870193263381775,6.085096631690887,4.211057979014532,7.0480773053527095,4.635096631690887,High_Plateau,0.4982518558158958,0.3947115119257097,26,-0.004737632
Acacia,Isoetes,10,5.5,6.364673037678173,6.832336518839087,4.659401911303452,7.6458692150712695,5.382336518839087,High_Plateau,0.4244779938327549,0.2050545822971803,21,0.000328945
Acacia,Isolepis,10,5.5,5.677938106214307,6.488969053107153,4.453381431864292,7.371175242485723,5.038969053107154,High_Plateau,0.3461703295531305,0.1400231944378708,32,-0.005535964
Acacia,Jasione,10,5.5,5.430831536596283,6.365415768298142,4.379249460978885,7.272332614638513,4.915415768298142,High_Plateau,0.6306406483192355,0.6677042349669655,27,-0.004717431
Acacia,Jasminum,10,5.5,8.884200976,8.092100488,5.415260292901748,8.653680390535664,6.642100488,High_Plateau,0.6537203028682158,0.6732034912496804,22,-0.006896619
Acacia,Jatropha,10,5.5,7.522966773904863,7.4114833869524315,5.006890032171459,8.109186709561946,5.961483386952432,High_Plateau,0.7124637696946318,0.7656148066894845,19,-0.0048062
Acacia,Juglans,10,5.5,8.665770550876658,7.9828852754383295,5.349731165262997,8.566308220350663,6.532885275438329,High_Plateau,0.5859170185064716,0.4669372015266687,13,-0.023461028
Acacia,Juncus,10,5.5,6.165153402024931,6.732576701012466,4.599546020607479,7.5660613608099725,5.282576701012466,High_Plateau,0.3882246858983957,0.1497522329974074,23,-0.003500607
Acacia,Juniperus,10,5.5,8.773964303462314,8.036982151731157,5.382189291038694,8.609585721384926,6.586982151731157,High_Plateau,0.4572998700183902,0.2879271668039151,23,-0.003623435
Acacia,Jurinea,10,5.5,6.163938284173243,6.731969142086621,4.599181485251973,7.565575313669298,5.281969142086622,High_Plateau,0.638706417,0.7085836161271131,30,-0.005168978
Acacia,Kalanchoe,10,5.5,6.286169968451554,6.793084984225777,4.635850990535467,7.614467987380621,5.3430849842257775,High_Plateau,0.5239274031542506,0.356392363,15,-0.008441207
Acacia,Kickxia,10,5.5,5.044018948,6.172009474,4.263205684,7.117607579,4.722009473968351,High_Plateau,0.4914022527532425,0.4054991418591259,29,-0.003884141
Acacia,Knautia,10,5.5,6.0922512315991915,6.696125615799596,4.577675369479757,7.536900492639677,5.2461256157995955,High_Plateau,0.567112816,0.5160334011436105,24,-0.004929253
Acacia,Koeleria,10,5.5,6.3767264526057295,6.838363226302865,4.663017935781719,7.6506905810422925,5.3883632263028645,High_Plateau,0.3017962151349281,0.1411647128663708,43,-0.002929906
Acacia,Lactuca,10,5.5,4.925970467772613,6.112985233886306,4.227791140331783,7.070388187109046,4.662985233886307,High_Plateau,0.6038646705638556,0.630785727,29,-0.00569289
Acacia,Lamium,10,5.5,5.103883789478513,6.201941894739257,4.281165136843554,7.141553515791406,4.751941894739257,High_Plateau,0.5068527597103715,0.4856429449024629,35,-0.003522744
Acacia,Lappula,10,5.5,4.522272778803012,5.911136389401506,4.106681833640904,6.908909111521205,4.461136389401506,High_Plateau,0.4933658532321909,0.3604067124295655,23,-0.005361331
Acacia,Lapsana,10,5.5,5.1608943882726015,6.230447194136301,4.2982683164817805,7.164357755309041,4.7804471941363005,High_Plateau,0.4616389045712282,0.3951668208074194,35,-0.003280675
Acacia,Laserpitium,10,5.5,6.0566374569678985,6.678318728,4.566991237090369,7.522654982787159,5.228318728483949,High_Plateau,0.6226591683660827,0.7092414610604857,34,-0.004547128
Acacia,Lathyrus,10,5.5,5.723732013331585,6.511866006665793,4.467119603999476,7.389492805332634,5.061866006665793,High_Plateau,0.7837637559021382,0.8995682870291256,18,-0.00266963
Acacia,Launaea,10,5.5,7.289747246024005,7.294873623012002,4.936924173807201,8.015898898409603,5.844873623012003,High_Plateau,0.5559157704143033,0.6000880706921389,37,-0.002926485
Acacia,Laurus,10,5.5,8.963418172450751,8.131709086225376,5.439025451735225,8.685367269,6.681709086225376,High_Plateau,0.6969064901737297,0.7173828245809788,17,-0.001410865
Acacia,Lavandula,10,5.5,8.859859117911181,8.079929558955591,5.407957735373355,8.643943647164473,6.629929558955591,High_Plateau,0.6370526013393301,0.6890894801926949,28,-0.006428237
Acacia,Leersia,10,5.5,6.213414403497117,6.756707201748558,4.6140243210491345,7.585365761398847,5.306707201748559,High_Plateau,0.4191447948221267,0.2525653414751196,28,-0.002885608
Acacia,Legousia,10,5.5,4.565253091196584,5.932626545598292,4.119575927358975,6.926101236478633,4.482626545598292,High_Plateau,0.4534077401592467,0.3377079727746007,30,-0.003777531
Acacia,Lemna,10,5.5,6.362621635946856,6.831310817973428,4.658786490784056,7.645048654378742,5.381310817973429,High_Plateau,0.5782642840907779,0.521632765,22,-0.003603174
Acacia,Leontodon,10,5.5,6.022888317638292,6.661444158819146,4.556866495291487,7.509155327055317,5.2114441588191465,High_Plateau,0.5466582796701059,0.5815730892037452,37,-0.002926485
Acacia,Lepidium,10,5.5,5.361460138479925,6.330730069239962,4.358438041543978,7.244584055,4.880730069239963,High_Plateau,0.5746441036322307,0.4978524040614173,20,-0.003094957
Acacia,Leucanthemum,10,5.5,6.134056845516541,6.717028423,4.590217053654962,7.553622738206617,5.267028422758271,High_Plateau,0.5747070072243139,0.6460119365424053,38,-0.003537556
Acacia,Leuzea,10,5.5,5.214819642772506,6.257409821386252,4.314445892831752,7.185927857109002,4.807409821386253,High_Plateau,0.6339921826000754,0.6576994261406968,25,-0.003369825
Acacia,Ligusticum,10,5.5,6.404433662253239,6.852216831126619,4.671330098675972,7.661773464901296,5.402216831126619,High_Plateau,0.5394330635139171,0.5018623753897525,29,-0.005392201
Acacia,Ligustrum,10,5.5,8.871776909983828,8.085888454991913,5.411533072995148,8.648710763993531,6.635888454991914,High_Plateau,0.642320692,0.6826108612887939,26,-0.003546013
Acacia,Lilium,10,5.5,6.572756791021256,6.936378395510628,4.721827037306377,7.729102716408502,5.486378395510628,High_Plateau,0.4667866440804394,0.339967661,27,-0.004574605
Acacia,Limonium,10,5.5,6.400857485210776,6.850428742605388,4.670257245563233,7.660342994,5.4004287426053885,High_Plateau,0.585902911,0.5283356513831299,21,-0.001827225
Acacia,Linaria,10,5.5,5.247612583789457,6.273806291894728,4.324283775136837,7.199045033515783,4.823806291894728,High_Plateau,0.5437739304530059,0.5187311052954445,30,-0.00523129
Acacia,Linum,10,5.5,5.667595909268495,6.483797954634247,4.450278772780548,7.3670383637073975,5.033797954634247,High_Plateau,0.7028638955250583,0.6914723904743331,12,-0.017764093
Acacia,Lithodora,10,5.5,8.751357351227766,8.025678675613882,5.3754072053683295,8.600542940491106,6.575678675613883,High_Plateau,0.7226499294811332,0.810692152,22,-0.005043657
Acacia,Lobularia,10,5.5,5.429145949077868,6.364572974538934,4.378743785,7.271658379631147,4.914572974538935,High_Plateau,0.4928334160658059,0.4410939835697623,33,-0.003163154
Acacia,Loeflingia,10,5.5,4.524184394985426,5.912092197492713,4.1072553184956275,6.909673758,4.462092197492713,High_Plateau,0.509376458,0.3592456290852077,19,-0.003833432
Acacia,Logfia,10,5.5,4.493808123,5.896904062,4.098142437012152,6.897523249349536,4.446904062,High_Plateau,0.3110190484504709,0.1268860012106308,39,-0.003691576
Acacia,Lolium,10,5.5,4.990306564088294,6.145153282044147,4.247091969226489,7.096122625635317,4.6951532820441475,High_Plateau,0.3626680155972828,0.2055033193218404,36,-0.003576167
Acacia,Lonicera,10,5.5,8.886575966064987,8.093287983032493,5.415972789819496,8.654630386425994,6.643287983032494,High_Plateau,0.6481795289971738,0.6702490645240227,23,-0.006436334
Acacia,Lotononis,10,5.5,8.909863779452715,8.104931889726357,5.422959133835814,8.663945511781087,6.654931889726358,High_Plateau,0.7504115215278595,0.7522336776218177,8,-0.01047783
Acacia,Lotus,10,5.5,5.76720989,6.533604944986649,4.480162967,7.406883956,5.083604945,High_Plateau,0.7867993019540855,0.8908145305006583,17,0.030358723
Acacia,Lupinus,10,5.5,5.833446152183072,6.566723076091536,4.500033845654921,7.433378460873229,5.116723076091536,High_Plateau,0.8120117875029719,0.8755757521421285,8,-0.011185543
Acacia,Luzula,10,5.5,6.180694627931461,6.740347313965731,4.604208388379439,7.572277851172585,5.290347314,High_Plateau,0.3958759589562047,0.1650547791130256,23,-0.003500607
Acacia,Lycium,10,5.5,8.773434157551522,8.036717079,5.382030247265456,8.609373663020609,6.586717078775761,High_Plateau,0.6604952889884442,0.7189458126320402,26,-0.003474803
Acacia,Lycopus,10,5.5,6.3333869970931245,6.816693498546562,4.650016099127937,7.633354798837249,5.366693498546562,High_Plateau,0.5448214295982682,0.5618388722950434,35,-0.004815682
Acacia,Lysimachia,10,5.5,6.878886748,7.089443374,4.8136660243422025,7.851554699122936,5.639443373903671,High_Plateau,0.4130365094447396,0.2083324944504066,24,-0.007187789
Acacia,Lythrum,10,5.5,5.233250599,6.266625299,4.319975179670798,7.193300239561064,4.816625299,High_Plateau,0.6633081719443975,0.657580604,18,0.002712947
Acacia,Magnolia,10,5.5,8.889003857571712,8.094501928785856,5.416701157271513,8.655601543028684,6.644501928785856,High_Plateau,0.6770227378381095,0.6619315924251086,15,-0.005184008
Acacia,Malope,10,5.5,4.9734358965405265,6.136717948270263,4.242030768962158,7.089374358616211,4.686717948270264,High_Plateau,0.3588732860614261,0.1321806795567178,28,-0.003677386
Acacia,Malva,10,5.5,4.870428279933296,6.085214139966648,4.211128483979989,7.048171311973318,4.6352141399666476,High_Plateau,0.5361768265278603,0.4949303101525625,29,-0.003294244
Acacia,Mandragora,10,5.5,6.340722645212426,6.820361322606213,4.652216793563728,7.636289058084971,5.370361322606213,High_Plateau,0.4097605019812179,0.2180339346392867,26,-0.006263284
Acacia,Marrubium,10,5.5,6.334803338030233,6.8174016690151165,4.650441001,7.633921335212094,5.367401669015116,High_Plateau,0.5430728881345188,0.5661796238170226,36,-0.002908964
Acacia,Marsilea,10,5.5,6.158293910164514,6.729146955082257,4.597488173049355,7.563317564065805,5.279146955082258,High_Plateau,0.463594246,0.3333954518869285,27,-0.003637541
Acacia,Matricaria,10,5.5,5.007937359382296,6.153968679691148,4.252381207814689,7.103174943752919,4.7039686796911475,High_Plateau,0.4432632614759496,0.3833955144318928,38,-0.004892903
Acacia,Matthiola,10,5.5,5.336577217493292,6.318288608746646,4.3509731652479875,7.2346308869973175,4.868288608746646,High_Plateau,0.5322196013718339,0.4215486054074933,21,-0.004725096
Acacia,Medicago,10,5.5,5.146374085677756,6.2231870428388785,4.293912225703327,7.158549634271102,4.773187042838878,High_Plateau,0.7384404259465933,0.8172427300585803,19,-0.003179254
Acacia,Melaleuca,10,5.5,8.683874345143673,7.991937172571836,5.355162303543102,8.573549738,6.541937172571837,High_Plateau,0.5026388667055187,0.3539021175631838,20,-0.003395893
Acacia,Melampyrum,10,5.5,4.565253091196584,5.932626545598292,4.119575927358975,6.926101236478633,4.482626545598292,High_Plateau,0.465466166,0.3377079727746007,27,-0.006480942
Acacia,Melica,10,5.5,6.213414403497117,6.756707201748558,4.6140243210491345,7.585365761398847,5.306707201748559,High_Plateau,0.4149738255965146,0.2525653414751196,29,-0.00349941
Acacia,Melilotus,10,5.5,4.586843914153203,5.943421957076602,4.1260531742459605,6.9347375656612815,4.493421957076602,High_Plateau,0.7344070180478509,0.8172935956446036,20,-0.00267177
Acacia,Mentha,10,5.5,6.2733533648311415,6.786676682415571,4.632006009449342,7.609341345932457,5.336676682415571,High_Plateau,0.5292138329635928,0.5307096623021731,35,-0.005245598
Acacia,Mercurialis,10,5.5,5.897045638175029,6.598522819087514,4.5191136914525085,7.458818255270012,5.148522819087514,High_Plateau,0.4321630320362858,0.2131991436265738,20,-0.00463937
Acacia,Mesembryanthemum,10,5.5,4.489921158958423,5.8949605794792115,4.0969763476875265,6.895968463583369,4.444960579479211,High_Plateau,0.5049578932453529,0.3667472340971801,21,-0.00333532
Acacia,Micromeria,10,5.5,7.758297256643071,7.529148628321535,5.077489176992922,8.203318902657228,6.079148628321535,High_Plateau,0.4031556439700135,0.2782778472085685,35,-0.003668413
Acacia,Milium,10,5.5,5.326249860242091,6.313124930121045,4.3478749580726275,7.230499944096836,4.863124930121046,High_Plateau,0.3472279267244051,0.2073565686692779,40,-0.00285974
Acacia,Minuartia,10,5.5,5.900365916801864,6.600182958400932,4.520109775040559,7.460146366720746,5.150182958400932,High_Plateau,0.3958665841517035,0.1567997030338374,22,-0.003414865
Acacia,Mirabilis,10,5.5,6.357184191726715,6.828592095863357,4.657155257518014,7.6428736766906855,5.3785920958633575,High_Plateau,0.6691909340657132,0.7118143565415064,23,-0.004148743
Acacia,Miscanthus,10,5.5,6.220871921758567,6.760435960879283,4.616261577,7.588348768703427,5.310435960879284,High_Plateau,0.3996550745765437,0.2467442550409903,32,-0.004293817
Acacia,Misopates,10,5.5,4.4291070126737955,5.864553506336898,4.078732103802139,6.871642805069518,4.4145535063368975,High_Plateau,0.4827412528882174,0.4208771720837556,33,-0.003000729
Acacia,Moehringia,10,5.5,6.046817766501479,6.673408883250739,4.564045329950444,7.518727106600592,5.223408883250739,High_Plateau,0.6530461622960281,0.6960295393482856,25,-0.004480594
Acacia,Moenchia,10,5.5,4.525038667028265,5.912519333514132,4.107511600108479,6.910015466811306,4.462519333514132,High_Plateau,0.4762442593357163,0.3585691651561026,27,-0.003005972
Acacia,Montia,10,5.5,4.798938367583454,6.049469183791727,4.189681510275037,7.019575347033381,4.599469183791728,High_Plateau,0.5652552124613948,0.512035184,24,-0.003514204
Acacia,Moricandia,10,5.5,6.373940814676774,6.836970407338387,4.6621822444030325,7.649576326,5.386970407338387,High_Plateau,0.363318008,0.1904158419406966,34,-0.003830632
Acacia,Morus,10,5.5,8.65107764,7.975538820032845,5.345323292019707,8.560431056026276,6.525538820032845,High_Plateau,0.5897861523771739,0.4631880294257251,12,-0.007119719
Acacia,Muehlenbeckia,10,5.5,7.956152947663481,7.628076474,5.136845884299044,8.282461179065393,6.178076473831741,High_Plateau,0.6849134118840412,0.775876599,27,-0.002851618
Acacia,Muscari,10,5.5,6.202519691160289,6.751259845580144,4.610755907348087,7.581007876464115,5.3012598455801445,High_Plateau,0.6350540397230863,0.7010194489528074,30,-0.003871916
Acacia,Myoporum,10,5.5,8.695277477,7.997638738,5.358583242982472,8.578110990643296,6.547638738,High_Plateau,0.6792198197752894,0.797953991,31,-0.005790936
Acacia,Myosotis,10,5.5,5.2645430000120195,6.2822715,4.329362900003606,7.205817200004808,4.8322715,High_Plateau,0.513284393,0.4084845980408055,24,-0.005469474
Acacia,Myriophyllum,10,5.5,6.284393619951992,6.792196809975996,4.635318085985597,7.613757447980797,5.342196809975996,High_Plateau,0.4300935941857947,0.1675022165178609,15,-0.002328565
Acacia,Najas,10,5.5,4.615488812928068,5.957744406464034,4.134646643878421,6.946195525171227,4.507744406464035,High_Plateau,0.3722711796185128,0.1095139420408119,22,-0.002940106
Acacia,Narcissus,10,5.5,6.379033438466483,6.839516719233242,4.663710031539945,7.651613375386594,5.389516719233242,High_Plateau,0.558164587,0.5226195974104559,27,-0.004054861
Acacia,Nasturtium,10,5.5,6.328945018,6.814472509,4.648683505,7.631578007,5.364472509,High_Plateau,0.5943638335246313,0.5701807543019672,24,-0.003155847
Acacia,Nepeta,10,5.5,6.172801286691204,6.736400643345602,4.601840386007361,7.569120514676482,5.286400643345602,High_Plateau,0.5695649303259386,0.6029495274736512,34,-0.004029841
Acacia,Nicotiana,10,5.5,5.432351566040638,6.366175783020319,4.379705469812191,7.272940626416256,4.916175783,High_Plateau,0.5416186640660081,0.4729909847042507,25,-0.003562803
Acacia,Nigella,10,5.5,4.599703295914788,5.949851647957393,4.129910988774436,6.939881318365915,4.499851647957394,High_Plateau,0.4790693724508611,0.315305491,21,-0.005011815
Acacia,Nonea,10,5.5,4.728553409,6.014276704455774,4.168566022673465,6.991421364,4.564276704455775,High_Plateau,0.4978728031745518,0.3774881059565926,24,-0.004602909
Acacia,Nuphar,10,5.5,6.345632459598676,6.822816229799338,4.653689737879603,7.638252984,5.372816229799338,High_Plateau,0.6200662435965721,0.5638576120390878,17,-0.002187268
Acacia,Nymphaea,10,5.5,6.1370443009515165,6.718522150475758,4.591113290285454,7.554817720380607,5.268522150475759,High_Plateau,0.6911958333333518,0.7061167915126471,17,-0.002187268
Acacia,Nymphoides,10,5.5,5.996764370883771,6.648382185441886,4.549029311265131,7.498705748353508,5.1983821854418855,High_Plateau,0.6584928472981593,0.698747686,24,-0.004700368
Acacia,Ocimum,10,5.5,5.356502270165287,6.328251135082644,4.356950681049586,7.242600908066115,4.878251135082644,High_Plateau,0.3740542307535334,0.1953235941400761,32,-0.003198951
Acacia,Odontites,10,5.5,4.999338843294947,6.149669421647474,4.249801652988484,7.099735537317979,4.6996694216474735,High_Plateau,0.4850889709146327,0.4092180444662296,31,-0.003419691
Acacia,Oenanthe,10,5.5,6.106864528733271,6.7034322643666355,4.582059358619981,7.542745811493308,5.253432264366635,High_Plateau,0.6279043832054134,0.6950637039844936,31,-0.004493866
Acacia,Onobrychis,10,5.5,6.191800484800011,6.745900242400006,4.607540145440003,7.576720193920005,5.2959002424000055,High_Plateau,0.7926002962361525,0.8929048500042714,15,-0.004274712
Acacia,Ononis,10,5.5,6.1444079850677475,6.722203992533874,4.593322395520325,7.557763194,5.272203992533874,High_Plateau,0.776510555,0.8853828845529865,18,-0.004274623
Acacia,Onopordum,10,5.5,4.413596544618298,5.856798272309149,4.074078963,6.865438617847319,4.406798272,High_Plateau,0.4964964867187659,0.448688857,33,-0.004506815
Acacia,Ophioglossum,10,5.5,6.708311348625857,7.004155674312928,4.762493404587757,7.7833245394503425,5.554155674312929,High_Plateau,0.3497696807203775,0.056546463,21,-0.00421359
Acacia,Ophrys,10,5.5,6.3871167843911065,6.843558392195553,4.666135035317332,7.654846713756443,5.393558392195553,High_Plateau,0.559215011,0.5332058626586882,28,-0.005386052
Acacia,Opuntia,10,5.5,8.194513136789558,7.7472565683947785,5.208353941036867,8.377805254715824,6.297256568394779,High_Plateau,0.6998484471705838,0.78980834,25,-0.00535175
Acacia,Orchis,10,5.5,6.499993719408804,6.899996859704402,4.699998115822641,7.699997487763522,5.449996859704402,High_Plateau,0.4980293657391251,0.4107765585454023,28,-0.005095985
Acacia,Origanum,10,5.5,7.67508459,7.487542295076975,5.052525377046185,8.170033836061581,6.037542295076975,High_Plateau,0.5782889184969134,0.636617068,36,-0.002935882
Acacia,Ornithogalum,10,5.5,6.265667229156051,6.782833614578026,4.629700168746815,7.606266892,5.332833614578026,High_Plateau,0.608846722,0.6409296103671096,29,-0.006591789
Acacia,Ornithopus,10,5.5,4.482838717277885,5.8914193586389425,4.094851615183366,6.893135486911154,4.441419358638942,High_Plateau,0.7619020509961996,0.8308283086659306,15,-0.000874458
Acacia,Orobanche,10,5.5,6.320345354931417,6.810172677465708,4.646103606479425,7.628138141972567,5.360172677465709,High_Plateau,0.5790994517864753,0.5726282884784627,28,-0.003653774
Acacia,Osmunda,10,5.5,6.412325617940795,6.856162808970398,4.673697685382239,7.6649302471763185,5.4061628089703975,High_Plateau,0.4230035136434832,0.2033365805666023,21,-0.005825849
Acacia,Osyris,10,5.5,8.913258925936692,8.106629462968346,5.423977677781007,8.665303570374677,6.656629462968346,High_Plateau,0.3780421486332955,0.1133159858846669,21,-0.005336525
Acacia,Oxalis,10,5.5,6.2766831572646815,6.788341578632341,4.633004947179405,7.610673262905873,5.338341578632341,High_Plateau,0.6778596719586727,0.6237453375875158,10,-0.011362845
Acacia,Oxytropis,10,5.5,6.3450250512418975,6.822512525620949,4.653507515372569,7.638010020496759,5.372512525620949,High_Plateau,0.7967639084625013,0.901193517,15,-0.004081924
Acacia,Paeonia,10,5.5,6.468170681412714,6.884085340706356,4.690451204423814,7.687268272565086,5.434085340706357,High_Plateau,0.5812778883387418,0.4402272255699074,11,-0.018494231
Acacia,Pancratium,10,5.5,6.331075976247613,6.815537988123806,4.649322792874283,7.632430390499046,5.365537988123807,High_Plateau,0.5819805304274497,0.5783973106312319,28,-0.003688098
Acacia,Panicum,10,5.5,5.453809531796143,6.376904765898072,4.386142859538843,7.281523812718458,4.926904765898072,High_Plateau,0.3459841715921408,0.1312803324574577,31,-0.004779124
Acacia,Papaver,10,5.5,5.079018188234404,6.189509094117202,4.273705456470321,7.131607275293762,4.739509094117202,High_Plateau,0.5286979777970843,0.3951393284539868,19,0.009913273
Acacia,Parapholis,10,5.5,4.619013211,5.959506605635225,4.135703963381135,6.947605285,4.5095066056352255,High_Plateau,0.2950910201723016,0.086785637,38,-0.003565927
Acacia,Parentucellia,10,5.5,4.565253091196584,5.932626545598292,4.119575927358975,6.926101236478633,4.482626545598292,High_Plateau,0.4533989007542477,0.3377079727746007,30,-0.003865925
Acacia,Parietaria,10,5.5,5.098258327699073,6.199129163849536,4.2794774983097215,7.1393033310796294,4.7491291638495365,High_Plateau,0.4196411938464537,0.1380740435850771,14,-0.000807595
Acacia,Paronychia,10,5.5,5.7543456608332075,6.527172830416603,4.476303698249962,7.401738264333283,5.077172830416604,High_Plateau,0.4028898238360398,0.1545297848869748,20,-0.004024659
Acacia,Paspalum,10,5.5,6.261534776568728,6.780767388284364,4.628460432970618,7.604613910627491,5.3307673882843645,High_Plateau,0.3585081560307431,0.1725995203735761,33,-0.003943439
Acacia,Passiflora,10,5.5,7.650283762440422,7.475141881,5.045085128732127,8.160113504976168,6.025141881220211,High_Plateau,0.7300283942283056,0.7596822385009038,14,-0.004976565
Acacia,Pelargonium,10,5.5,7.579070648343905,7.439535324171953,5.023721194503171,8.131628259337562,5.989535324171953,High_Plateau,0.6501803839853525,0.5836528264949202,12,-0.005501389
Acacia,Periploca,10,5.5,8.735613979,8.017806989440725,5.3706841936644345,8.594245592,6.567806989440725,High_Plateau,0.6847106278198734,0.8083797652450424,31,-0.003011726
Acacia,Persicaria,10,5.5,5.082962229782444,6.191481114891221,4.274888668934733,7.133184891912977,4.741481114891222,High_Plateau,0.6335611051784976,0.6404216264755864,23,-0.003483382
Acacia,Petasites,10,5.5,6.288954627811008,6.794477313905504,4.6366863883433025,7.615581851124404,5.344477313905504,High_Plateau,0.3861404116366311,0.2444684688626176,35,-0.004773844
Acacia,Petrorhagia,10,5.5,4.935516377950399,6.117758188975199,4.230654913,7.0742065511801595,4.667758188975199,High_Plateau,0.505126534,0.4164322781651656,27,-0.00349879
Acacia,Petroselinum,10,5.5,4.5419373824407145,5.920968691220358,4.112581214732215,6.9167749529762865,4.4709686912203574,High_Plateau,0.4454388997985685,0.3462707354184925,33,-0.002992076
Acacia,Phacelia,10,5.5,4.793149893413523,6.0465749467067615,4.187944968024057,7.017259957365409,4.596574946706761,High_Plateau,0.4777088863682625,0.3698041349662685,28,-0.00343866
Acacia,Phagnalon,10,5.5,8.734621206877454,8.017310603438727,5.370386362063236,8.593848482750982,6.567310603438727,High_Plateau,0.6370492624952611,0.7378650065804275,34,-0.003763915
Acacia,Phalaris,10,5.5,5.3135167899045825,6.306758394952292,4.344055036971374,7.225406715961833,4.8567583949522914,High_Plateau,0.3109295472054455,0.1190433814570762,38,-0.00646938
Acacia,Phillyrea,10,5.5,8.687974308060737,7.993987154030368,5.356392292418221,8.575189723224295,6.5439871540303685,High_Plateau,0.700850641,0.7995606579781008,26,-0.002995513
Acacia,Phlomis,10,5.5,8.150451809195115,7.725225904597558,5.195135542758534,8.360180723678045,6.275225904597558,High_Plateau,0.5907474870445738,0.6454691631408045,34,-0.004802452
Acacia,Phoenix,10,5.5,8.715093951107365,8.007546975553682,5.364528185,8.586037580442946,6.557546975553683,High_Plateau,0.5608936086282906,0.4786234889360788,21,-0.003359441
Acacia,Physalis,10,5.5,5.764197206507859,6.532098603,4.479259161952358,7.405678882603144,5.082098603,High_Plateau,0.6182396544630203,0.6591321243599169,29,-0.003675036
Acacia,Physospermum,10,5.5,6.333647298910039,6.816823649455019,4.650094189673012,7.633458919564015,5.366823649,High_Plateau,0.5775049627444475,0.5614925028967623,27,-0.005015627
Acacia,Phytolacca,10,5.5,6.592898110192835,6.9464490550964175,4.727869433057851,7.737159244077134,5.496449055096418,High_Plateau,0.6884068235652392,0.726246508,20,-0.007438278
Acacia,Picris,10,5.5,4.990740868823879,6.145370434411939,4.247222260647163,7.096296347529552,4.695370434,High_Plateau,0.5814647278285234,0.6430801562131854,36,-0.003493229
Acacia,Pilosella,10,5.5,6.441272091917947,6.870636045958973,4.682381627575384,7.676508836767178,5.4206360459589735,High_Plateau,0.519684126,0.4949030377813425,33,-0.003701325
Acacia,Pilularia,10,5.5,6.488538413864775,6.894269206932387,4.696561524159432,7.6954153655459105,5.444269206932388,High_Plateau,0.5733677986575453,0.5529425574823331,27,-0.003637541
Acacia,Pimpinella,10,5.5,5.805272528318659,6.552636264159329,4.491581758495597,7.422109011327464,5.1026362641593295,High_Plateau,0.6350700992395302,0.6848233372105409,28,-0.004922543
Acacia,Pinus,10,5.5,8.820316102423824,8.060158051211912,5.396094830727147,8.628126441,6.610158051211912,High_Plateau,0.4366015438455534,0.2383028264373002,22,-0.003580886
Acacia,Piptatherum,10,5.5,6.249944044637711,6.774972022318855,4.624983213391313,7.599977617855084,5.324972022318855,High_Plateau,0.3915830486857764,0.246891991,34,-0.003560973
Acacia,Pistacia,10,5.5,8.693159040026055,7.996579520013027,5.3579477120078165,8.577263616010422,6.546579520013028,High_Plateau,0.5808112069013774,0.4947598427658668,18,-0.008152898
Acacia,Pistorinia,10,5.5,4.380055673066912,5.840027836533456,4.064016701920074,6.852022269226765,4.390027836533456,High_Plateau,0.6459404142431256,0.5996718615142083,15,-0.00470859
Acacia,Pittosporum,10,5.5,8.726511987156973,8.013255993578486,5.3679535961470926,8.590604795,6.563255993578487,High_Plateau,0.7134437841492349,0.8087255946234335,24,-0.005080543
Acacia,Plantago,10,5.5,5.599644063999651,6.449822031999826,4.429893219199895,7.339857626,4.999822031999826,High_Plateau,0.3838611409369403,0.1987721107819653,30,-0.004564213
Acacia,Platanthera,10,5.5,6.381203429817631,6.840601714908815,4.664361028945289,7.652481371927053,5.390601714908815,High_Plateau,0.5454976692921201,0.5218871473418601,30,-0.003774112
Acacia,Platycapnos,10,5.5,4.380055673066912,5.840027836533456,4.064016701920074,6.852022269226765,4.390027836533456,High_Plateau,0.6407499146782442,0.5996718615142083,16,-0.015517695
Acacia,Poa,10,5.5,6.258281195930281,6.7791405979651405,4.627484358779084,7.603312478372112,5.329140597965141,High_Plateau,0.3292355501148633,0.1553314713852151,38,-0.004849801
Acacia,Polycarpon,10,5.5,4.965170142048556,6.132585071024278,4.239551042614567,7.086068056819423,4.682585071024278,High_Plateau,0.3900986139938333,0.1375683398209676,21,-0.006033641
Acacia,Polycnemum,10,5.5,4.436822218866031,5.868411109433016,4.081046666,6.8747288875464125,4.418411109433016,High_Plateau,0.5357239628044033,0.4282808208842766,21,-0.003342559
Acacia,Polygala,10,5.5,6.566645693682803,6.933322846841401,4.719993708104841,7.726658277473121,5.483322846841402,High_Plateau,0.6950703202771124,0.5550544382940606,6,0.339814573
Acacia,Polygonatum,10,5.5,6.400472721695387,6.850236360847694,4.670141816508616,7.660189088678155,5.4002363608476935,High_Plateau,0.5339975028449301,0.5070642584880151,31,-0.003565442
Acacia,Polygonum,10,5.5,5.205090882136405,6.252545441068202,4.3115272646409215,7.182036352854562,4.802545441068203,High_Plateau,0.531391387,0.4281378384389868,22,-0.004857515
Acacia,Polypodium,10,5.5,6.426431534,6.863215766916335,4.677929460149801,7.670572613533068,5.413215766916335,High_Plateau,0.5160179197454178,0.4877316844632445,33,-0.004506622
Acacia,Polypogon,10,5.5,5.556646977967774,6.428323488983887,4.416994093390333,7.322658791187109,4.978323488983888,High_Plateau,0.2878822569986704,0.129849641,45,-0.003302347
Acacia,Polystichum,10,5.5,6.389181620352709,6.844590810176355,4.666754486105813,7.655672648141084,5.394590810176355,High_Plateau,0.3776196803639912,0.1942979247877689,31,-0.003511998
Acacia,Populus,10,5.5,8.123884658700758,7.711942329350379,5.187165397610228,8.349553863480303,6.261942329350379,High_Plateau,0.5025812705884991,0.3199063689484495,16,0.001623327
Acacia,Portulaca,10,5.5,5.031343636929545,6.165671818464773,4.259403091078863,7.112537454771818,4.715671818464773,High_Plateau,0.6309502558783479,0.6271537850890251,22,-0.004348558
Acacia,Potamogeton,10,5.5,6.276671136055467,6.788335568027733,4.633001341,7.610668454422187,5.338335568027734,High_Plateau,0.49982168,0.3480451103085359,20,-0.002282722
Acacia,Potentilla,10,5.5,6.300828054215044,6.8004140271075215,4.640248416264513,7.620331221686017,5.350414027107522,High_Plateau,0.6012448643443744,0.5019586806435414,14,-0.004194075
Acacia,Primula,10,5.5,6.203095278743716,6.751547639371858,4.610928583623115,7.581238111497487,5.301547639371858,High_Plateau,0.623009778,0.6113013303005215,22,-0.004491061
Acacia,Prosopis,10,5.5,8.754381403030013,8.027190701515007,5.376314420909004,8.601752561212006,6.577190701515007,High_Plateau,0.8266908409077669,0.8782619393310721,6,0.039982274
Acacia,Prunella,10,5.5,6.281787735,6.790893868,4.634536320526951,7.612715094035936,5.340893867544921,High_Plateau,0.5645627004273993,0.5929450676765727,34,-0.004029841
Acacia,Prunus,10,5.5,8.790277742197008,8.045138871098503,5.387083322659102,8.616111096878804,6.595138871098504,High_Plateau,0.7623522385451164,0.8161309084729321,13,-0.005077362
Acacia,Psidium,10,5.5,8.737465529841316,8.018732764920658,5.371239658952394,8.594986211936526,6.568732764920658,High_Plateau,0.7259969261734717,0.8086890014158531,21,-0.002653828
Acacia,Pteris,10,5.5,6.4765662970967774,6.888283148548389,4.692969889129033,7.690626518838711,5.438283148548389,High_Plateau,0.3628262312424851,0.1482580362595822,29,-0.003438828
Acacia,Ptilostemon,10,5.5,6.472799780665904,6.886399890332951,4.691839934199771,7.689119912266362,5.436399890332952,High_Plateau,0.3715303998562634,0.2234199156653717,36,-0.004535306
Acacia,Puccinellia,10,5.5,6.080416806576499,6.690208403288249,4.574125042,7.532166723,5.240208403,High_Plateau,0.3232399656967153,0.1429220267059366,38,-0.002758422
Acacia,Pulicaria,10,5.5,5.189637612177007,6.244818806088503,4.306891283653102,7.1758550448708025,4.794818806088504,High_Plateau,0.5964107730908481,0.6564040958165009,34,-0.002844255
Acacia,Quercus,10,5.5,8.641502962848504,7.9707514814242515,5.342450888854551,8.556601185139401,6.520751481424252,High_Plateau,0.5880952454512955,0.4628423675051622,12,-0.022300479
Acacia,Ranunculus,10,5.5,5.985186632514278,6.642593316257139,4.545555989754283,7.494074653005711,5.192593316257139,High_Plateau,0.6081983825854183,0.5899976742823323,23,-0.004990847
Acacia,Raphanus,10,5.5,4.631780537930134,5.965890268965067,4.139534161,6.952712215172054,4.515890268965068,High_Plateau,0.4866678434503368,0.4128707834584506,31,-0.005894661
Acacia,Rapistrum,10,5.5,4.974475667836191,6.137237833918095,4.242342700350857,7.089790267134477,4.687237833918095,High_Plateau,0.4739592942382782,0.4036034936492201,33,-0.004451923
Acacia,Reichardia,10,5.5,5.480914677395997,6.390457338697999,4.394274403218799,7.292365870958399,4.940457338697999,High_Plateau,0.5940705632409903,0.6763976563455129,37,-0.002926485
Acacia,Reseda,10,5.5,5.133222705944529,6.216611352972264,4.2899668117833585,7.153289082377812,4.766611352972264,High_Plateau,0.5794207492230397,0.4775313137601571,16,-0.018106611
Acacia,Rhamnus,10,5.5,8.848352645082562,8.074176323,5.404505793524768,8.639341058033025,6.624176322541281,High_Plateau,0.5155737340361873,0.3262817156128232,12,-0.064712334
Acacia,Rhus,10,5.5,8.738808471575751,8.019404235787876,5.371642541472726,8.595523388630301,6.569404235787876,High_Plateau,0.576657484,0.4779470448542094,17,-0.00672203
Acacia,Rhynchospora,10,5.5,6.423006451367761,6.861503226,4.676901935410328,7.669202580547104,5.411503226,High_Plateau,0.379466528,0.1733923572186111,28,-0.003803356
Acacia,Ribes,10,5.5,8.699976196202648,7.9999880981013245,5.359992858860794,8.579990478,6.549988098101324,High_Plateau,0.7545008358343054,0.8025269162902388,13,-0.015571429
Acacia,Robinia,10,5.5,8.789986283164135,8.044993141582067,5.386995885,8.615994513265655,6.5949931415820675,High_Plateau,0.8340677270664505,0.9519163065957076,11,-0.049041249
Acacia,Romulea,10,5.5,6.356638186110942,6.828319093055471,4.656991455833283,7.642655274444377,5.378319093055471,High_Plateau,0.6158629413294524,0.6627871827443095,30,-0.004621569
Acacia,Rorippa,10,5.5,5.620561118904538,6.4602805594522685,4.436168335671361,7.348224447561815,5.010280559452269,High_Plateau,0.5981495993655956,0.5535775215154843,21,-0.005569696
Acacia,Rosa,10,5.5,8.738431849166883,8.019215924583442,5.371529554750065,8.595372739666754,6.569215924583442,High_Plateau,0.7589219958695457,0.8095847966752597,13,-0.00664923
Acacia,Rostraria,10,5.5,4.573801744422601,5.936900872,4.122140523,6.929520697769041,4.486900872211301,High_Plateau,0.2837524149045823,0.096977432,42,-0.003527394
Acacia,Rubia,10,5.5,6.163645228695359,6.731822614,4.599093568608607,7.565458091478144,5.281822614,High_Plateau,0.6558588957448567,0.7019013636304675,25,-0.005712381
Acacia,Rubus,10,5.5,8.702217524737609,8.001108762368805,5.3606652574212825,8.580887009895044,6.551108762368805,High_Plateau,0.7169888061619387,0.719400878,12,-0.016157426
Acacia,Rudbeckia,10,5.5,6.068014236688066,6.684007118344033,4.570404271,7.527205694675226,5.234007118344033,High_Plateau,0.5558957949438564,0.6659124993183344,45,-0.003481259
Acacia,Ruellia,10,5.5,6.476415144,6.8882075718240205,4.692924543094412,7.6905660574592165,5.438207572,High_Plateau,0.5789308232815051,0.5640375845792083,27,-0.00348243
Acacia,Rumex,10,5.5,6.076310175076895,6.688155087538448,4.572893052523068,7.530524070030758,5.2381550875384475,High_Plateau,0.4110650329217254,0.2199403285531586,26,-0.002749944
Acacia,Ruppia,10,5.5,6.030497037877048,6.665248518938524,4.559149111363114,7.512198815150819,5.215248518938524,High_Plateau,0.4126409219254572,0.1656500663381445,19,-0.003210975
Acacia,Ruscus,10,5.5,7.386535730280804,7.343267865140402,4.965960719084241,8.054614292112323,5.893267865140402,High_Plateau,0.5761268978284336,0.5833016986344619,30,-0.004554583
Acacia,Ruta,10,5.5,6.139144090052906,6.719572045026453,4.591743227015872,7.555657636021163,5.269572045026454,High_Plateau,0.6823975275349103,0.7075139290908368,19,-0.014964233
Acacia,Sagina,10,5.5,5.604174496029976,6.452087248014988,4.431252348808993,7.341669798,5.002087248014988,High_Plateau,0.585496219,0.5609652214122028,25,-0.004658441
Acacia,Salicornia,10,5.5,5.063486599713345,6.181743299856672,4.2690459799140035,7.125394639885338,4.731743299856673,High_Plateau,0.3838720814365023,0.1497130512740607,24,-0.005734853
Acacia,Salix,10,5.5,8.332877988810248,7.816438994405123,5.249863396643074,8.433151195524099,6.366438994405124,High_Plateau,0.5175413279928498,0.3498264837571507,16,0.001623327
Acacia,Salsola,10,5.5,5.931136599695131,6.615568299847565,4.52934098,7.472454639878053,5.165568299847566,High_Plateau,0.4114945185682738,0.1803134149714838,21,-0.005799971
Acacia,Salvia,10,5.5,6.526068100170479,6.913034050085239,4.707820430051143,7.710427240068192,5.4630340500852395,High_Plateau,0.576347671,0.5923888394793154,31,-0.006686669
Acacia,Salvinia,10,5.5,4.5273366381536855,5.913668319076843,4.108200991446106,6.9109346552614745,4.463668319076843,High_Plateau,0.3520610771085595,0.1103291143843618,27,-0.003637541
Acacia,Sambucus,10,5.5,8.414923553776083,7.857461776888041,5.274477066132825,8.465969421510433,6.4074617768880415,High_Plateau,0.7042791204453539,0.7638974078375701,21,0.004126083
Acacia,Samolus,10,5.5,6.1521442786154115,6.726072139307705,4.595643283584623,7.560857711446165,5.276072139307706,High_Plateau,0.6790502508642168,0.698520535,19,-0.00347003
Acacia,Santolina,10,5.5,8.698455552379377,7.999227776189688,5.359536665713813,8.579382221,6.549227776189689,High_Plateau,0.6483616285886856,0.8013672085079488,39,-0.002671811
Acacia,Sapindus,10,5.5,8.759184319210187,8.029592159605093,5.377755295763055,8.603673727684075,6.5795921596050935,High_Plateau,0.6902081943925275,0.7238288431739626,19,-0.018432135
Acacia,Saponaria,10,5.5,5.659225219,6.479612609586599,4.447767566,7.363690088,5.02961261,High_Plateau,0.6414834598766337,0.6811218220877244,26,-0.004473142
Acacia,Sarcocapnos,10,5.5,6.488538413864775,6.894269206932387,4.696561524159432,7.6954153655459105,5.444269206932388,High_Plateau,0.6193386984271598,0.5529425574823331,16,0.004016663
Acacia,Satureja,10,5.5,6.984955905904523,7.1424779529522615,4.845486771771357,7.893982362361809,5.692477952952261,High_Plateau,0.5605326647532259,0.5771607201621957,33,-0.006504351
Acacia,Saxifraga,10,5.5,6.275123677721773,6.787561838860887,4.6325371033165315,7.610049471088709,5.3375618388608865,High_Plateau,0.6258768220082612,0.5528442801101858,14,-0.012302496
Acacia,Scabiosa,10,5.5,5.842275001615927,6.571137500807963,4.502682500484778,7.436910000646371,5.121137500807963,High_Plateau,0.4028913778482176,0.1791807599386454,23,-0.003976323
Acacia,Scandix,10,5.5,5.299486757,6.299743378509239,4.339846027105544,7.219794702807392,4.849743379,High_Plateau,0.5515630582290931,0.5425487375469092,31,-0.005332284
Acacia,Schinus,10,5.5,8.690966089235335,7.995483044617668,5.357289827,8.576386435694134,6.545483044617668,High_Plateau,0.7409094029532542,0.7975972463489631,16,-0.003549736
Acacia,Schismus,10,5.5,4.573801744422601,5.936900872,4.122140523,6.929520697769041,4.486900872211301,High_Plateau,0.3207827580320006,0.096977432,33,-0.003086976
Acacia,Schoenoplectus,10,5.5,5.940597545231351,6.6202987726156755,4.532179263569406,7.476239018,5.170298772615675,High_Plateau,0.3722396668810359,0.1922597268597658,32,-0.006025253
Acacia,Schoenus,10,5.5,6.164706444764031,6.732353222382015,4.599411933429209,7.5658825779056125,5.2823532223820155,High_Plateau,0.385326904,0.1607466613974805,25,-0.005258791
Acacia,Scilla,10,5.5,6.472227077414888,6.886113538707444,4.691668123224466,7.688890830965955,5.436113538707444,High_Plateau,0.5078944088566025,0.4387928455032226,29,-0.005431098
Acacia,Scirpus,10,5.5,6.106080795662055,6.703040397831027,4.5818242386986165,7.542432318264822,5.253040397831027,High_Plateau,0.3521931603221511,0.1598007784637343,33,-0.003099686
Acacia,Scleranthus,10,5.5,5.290908837182642,6.295454418591321,4.337272651154793,7.216363534873057,4.845454418591322,High_Plateau,0.6359329743620394,0.6616557034937081,25,-0.003743294
Acacia,Scolymus,10,5.5,5.214819642772506,6.257409821386252,4.314445892831752,7.185927857109002,4.807409821386253,High_Plateau,0.6009867529989201,0.6576994261406968,33,-0.004656998
Acacia,Scorpiurus,10,5.5,4.475892434,5.887946216944609,4.0927677301667655,6.890356973555688,4.437946217,High_Plateau,0.7583275022084667,0.8173274576665941,13,-0.051307472
Acacia,Scorzonera,10,5.5,6.094922976690305,6.697461488345152,4.578476893007092,7.537969190676122,5.247461488345152,High_Plateau,0.5674677502783866,0.5824326680719616,32,-0.004609125
Acacia,Scrophularia,10,5.5,6.326900342882466,6.813450171441232,4.6480701028647395,7.630760137152986,5.363450171441233,High_Plateau,0.531511422,0.5021141666627155,31,-0.003675789
Acacia,Scutellaria,10,5.5,6.329701563229339,6.814850782,4.6489104689688014,7.6318806252917355,5.3648507816146696,High_Plateau,0.5636758610487156,0.5584238926459051,30,-0.004675921
Acacia,Sedum,10,5.5,6.100860865393041,6.700430433,4.580258259617912,7.540344346157216,5.250430433,High_Plateau,0.6072776077175931,0.5304730698783757,16,-0.004246806
Acacia,Selaginella,10,5.5,6.227798091639873,6.763899045819937,4.6183394274919625,7.591119236655949,5.313899045819937,High_Plateau,0.6000946773372169,0.556287949,21,0.000328945
Acacia,Senecio,10,5.5,6.087789311014605,6.693894655507302,4.576336793304382,7.535115724405842,5.243894655507303,High_Plateau,0.4095244839644297,0.2834649506511794,34,-0.00701142
Acacia,Senna,10,5.5,7.990902097222755,7.645451048611378,5.147270629166826,8.296360838889102,6.195451048611378,High_Plateau,0.9231326517072136,0.9382286250692874,5,0.6634710629585744
Acacia,Serapias,10,5.5,6.167366980570246,6.733683490285123,4.600210094171073,7.566946792228098,5.283683490285123,High_Plateau,0.6536952529309925,0.6889598434542237,24,-0.003737099
Acacia,Serratula,10,5.5,6.248127399449683,6.774063699724842,4.624438219834905,7.599250959779873,5.324063699724842,High_Plateau,0.5809422089198284,0.6502143558215968,37,-0.003293526
Acacia,Sesamoides,10,5.5,6.352255041005568,6.826127520502784,4.655676512,7.640902016402228,5.376127520502784,High_Plateau,0.4462192437790224,0.2111283028721225,16,-0.018106611
Acacia,Seseli,10,5.5,6.128488782965321,6.714244391,4.588546634889596,7.551395513186129,5.264244391482661,High_Plateau,0.4997308316849462,0.4798378600781225,36,-0.00462071
Acacia,Setaria,10,5.5,4.978228599870999,6.1391143,4.2434685799612994,7.0912914399483995,4.6891142999354996,High_Plateau,0.3083491696215218,0.1135412879305708,38,-0.004762689
Acacia,Sideritis,10,5.5,6.388245292606386,6.844122646303193,4.6664735877819155,7.6552981170425545,5.3941226463031935,High_Plateau,0.5195190240166477,0.5111798537794078,35,-0.004544645
Acacia,Silene,10,5.5,5.488125163913388,6.394062581956694,4.396437549174016,7.295250065565355,4.944062581956694,High_Plateau,0.4666300821625952,0.3150300152658948,24,-0.004739666
Acacia,Silybum,10,5.5,4.579787272237479,5.9398936361187396,4.123936181671244,6.931914908894992,4.489893636,High_Plateau,0.4156250587772638,0.3196384618916417,37,-0.003585557
Acacia,Sinapis,10,5.5,4.6447981228311175,5.972399061415558,4.143439436849335,6.957919249132447,4.522399061415559,High_Plateau,0.4630716230348495,0.3819453591884523,33,-0.005037963
Acacia,Sisymbrium,10,5.5,4.636768435283333,5.968384217641667,4.141030531,6.954707374113333,4.518384217641667,High_Plateau,0.5278950567917831,0.4374294546951606,24,-0.004087117
Acacia,Smilax,10,5.5,7.250975065823889,7.275487532911944,4.925292519747167,8.000390026329555,5.825487532911945,High_Plateau,0.5162278073421658,0.3979021302229191,22,-0.005314769
Acacia,Smyrnium,10,5.5,4.550362641853696,5.925181320926848,4.115108792556109,6.920145056741479,4.475181320926849,High_Plateau,0.4506318449268856,0.3402310978393914,31,-0.003056218
Acacia,Solanum,10,5.5,6.501906645509404,6.900953322754702,4.700571993652821,7.700762658203762,5.450953322754702,High_Plateau,0.5632955461752622,0.5492439077844005,29,-0.003675036
Acacia,Solidago,10,5.5,6.149135196,6.724567598,4.594740558892682,7.559654078523576,5.274567598,High_Plateau,0.5813160007342724,0.7088196384533397,44,-0.004910788
Acacia,Sonchus,10,5.5,5.1338743554106046,6.216937177705303,4.2901623066231815,7.153549742164242,4.7669371777053025,High_Plateau,0.5939084532417798,0.6600265949081949,35,-0.004884059
Acacia,Sorghum,10,5.5,5.489947194059582,6.394973597029791,4.396984158217874,7.295978877623833,4.944973597029791,High_Plateau,0.3575381853226601,0.1624547416388466,32,-0.004015143
Acacia,Sparganium,10,5.5,6.274650511,6.787325255664815,4.632395153398889,7.609860204531852,5.337325255664815,High_Plateau,0.4457533104398294,0.2483700145265659,21,-0.00349505
Acacia,Spergula,10,5.5,4.768868687622494,6.034434343811247,4.180660606286748,7.007547475048998,4.584434343811248,High_Plateau,0.4910244363637311,0.3639209340828999,24,-0.005250718
Acacia,Spergularia,10,5.5,5.2536289243077725,6.276814462153887,4.326088677292332,7.201451569723109,4.826814462153886,High_Plateau,0.5049081478614617,0.3752804652503358,22,-0.005403039
Acacia,Sphaeralcea,10,5.5,6.269161519495501,6.784580759747751,4.630748456,7.607664607798201,5.334580759747751,High_Plateau,0.4036567525655499,0.2142022141532609,27,-0.007046285
Acacia,Spiraea,10,5.5,8.755006047849612,8.027503023924806,5.376501814354883,8.602002419139845,6.577503023924806,High_Plateau,0.7240629107697604,0.7239759510459143,11,-0.009387634
Acacia,Spiranthes,10,5.5,6.4399309599075885,6.869965479953795,4.681979287972276,7.675972383963035,5.419965479953794,High_Plateau,0.52271894,0.4679337987485135,29,-0.002890556
Acacia,Sporobolus,10,5.5,6.129749297002349,6.7148746485011745,4.588924789100705,7.551899718800939,5.264874648501175,High_Plateau,0.3536423595678866,0.1551839062192121,32,-0.006619223
Acacia,Stachys,10,5.5,6.0904184395549805,6.695209219777491,4.5771255318664945,7.536167375821993,5.24520922,High_Plateau,0.5398852297987088,0.5439234554777468,34,-0.005696486
Acacia,Staehelina,10,5.5,8.863301151129354,8.081650575564677,5.408990345338806,8.645320460451742,6.631650575564677,High_Plateau,0.6154706388195725,0.6783394248530741,32,-0.004114024
Acacia,Stellaria,10,5.5,5.6583242966465255,6.479162148323263,4.447497288993958,7.363329719,5.0291621483232625,High_Plateau,0.5852020647345662,0.5683683096083051,26,-0.003519531
Acacia,Sternbergia,10,5.5,6.358089188627789,6.829044594313894,4.657426756588336,7.643235675451116,5.3790445943138945,High_Plateau,0.3803144550339048,0.17506516,28,-0.003688098
Acacia,Stipa,10,5.5,6.377548856647602,6.838774428,4.663264657,7.651019542659041,5.388774428323801,High_Plateau,0.3529266108872551,0.1616077939745403,33,-0.004800258
Acacia,Stipagrostis,10,5.5,6.249944044637711,6.774972022318855,4.624983213391313,7.599977617855084,5.324972022318855,High_Plateau,0.4282161424338616,0.246891991,25,-0.007093049
Acacia,Suaeda,10,5.5,5.856365222813029,6.578182611406515,4.506909566843909,7.442546089125212,5.1281826114065145,High_Plateau,0.4167581899223424,0.2072632170743407,23,-0.005720488
Acacia,Succisa,10,5.5,6.341245728153657,6.820622864076828,4.652373718446097,7.6364982912614625,5.370622864076829,High_Plateau,0.5867128697634262,0.5551799832995299,24,-0.00466163
Acacia,Succowia,10,5.5,4.494160077939669,5.897080038969834,4.098248023381901,6.897664031175868,4.447080038969835,High_Plateau,0.5174713435795201,0.367648409,18,-0.005994361
Acacia,Taeniatherum,10,5.5,6.252589676940223,6.776294838470111,4.625776903082067,7.601035870776089,5.326294838470112,High_Plateau,0.3713632623229423,0.2475458903251746,39,-0.003548883
Acacia,Tagetes,10,5.5,4.376452083306192,5.838226041653096,4.062935624991858,6.850580833322477,4.3882260416530965,High_Plateau,0.389842536,0.2516283250624538,35,-0.003551882
Acacia,Tamarix,10,5.5,8.721140725117172,8.010570362558585,5.366342217535152,8.588456290046869,6.560570362558586,High_Plateau,0.5084511834206842,0.3576342119041832,19,-0.005029088
Acacia,Tanacetum,10,5.5,6.092606285477736,6.696303142738868,4.577781886,7.537042514191095,5.246303142738868,High_Plateau,0.6049383498239594,0.6817300640968194,35,-0.003102439
Acacia,Taraxacum,10,5.5,6.370471670426245,6.835235835213123,4.661141501127874,7.648188668170498,5.385235835213123,High_Plateau,0.5375134758021038,0.530745107,33,-0.004618177
Acacia,Taxus,10,5.5,8.738115785236939,8.019057893,5.371434735571082,8.595246314094776,6.569057893,High_Plateau,0.4740567641465146,0.2971206231671397,20,-0.005309447
Acacia,Terminalia,10,5.5,8.768103361,8.034051680720735,5.380431008432441,8.607241344576588,6.584051680720735,High_Plateau,0.7475286993750585,0.8003742994342172,14,-0.033433818
Acacia,Teucrium,10,5.5,7.634275320576734,7.467137660288367,5.040282596,8.153710128230694,6.017137660288367,High_Plateau,0.421586465,0.2740210754816489,30,-0.003555801
Acacia,Thalictrum,10,5.5,6.274000616757967,6.787000308378984,4.632200185,7.609600246703187,5.337000308378984,High_Plateau,0.5166683102255344,0.3649963176716045,18,-0.00076424
Acacia,Thapsia,10,5.5,6.333647298910039,6.816823649455019,4.650094189673012,7.633458919564015,5.366823649,High_Plateau,0.5487846892842211,0.5614925028967623,34,-0.004547128
Acacia,Thelypteris,10,5.5,6.3493648261260045,6.824682413063002,4.654809447837801,7.6397459304504025,5.374682413063002,High_Plateau,0.386778969,0.2129056316257012,31,-0.004957647
Acacia,Themeda,10,5.5,6.249944044637711,6.774972022318855,4.624983213391313,7.599977617855084,5.324972022318855,High_Plateau,0.383355504,0.246891991,36,-0.003644641
Acacia,Thesium,10,5.5,6.036803013169199,6.668401506584599,4.561040904,7.514721205,5.218401507,High_Plateau,0.5026509064358724,0.3284063775934535,17,0.000915533
Acacia,Thunbergia,10,5.5,6.396978838,6.848489419,4.669093651313018,7.658791535084024,5.398489419,High_Plateau,0.3946773142638393,0.1873113884616847,26,-0.00348243
Acacia,Thymelaea,10,5.5,8.075114506792493,7.687557253396246,5.172534352037748,8.330045802716997,6.237557253396247,High_Plateau,0.4801849617489674,0.2844357601220962,17,-0.003890827
Acacia,Thymus,10,5.5,7.750060681261039,7.5250303406305195,5.075018204378312,8.200024272504416,6.075030340630519,High_Plateau,0.5916440517068456,0.6633273346247344,36,-0.002935882
Acacia,Tilia,10,5.5,8.859675629544931,8.079837814772466,5.407902688863479,8.643870251817972,6.629837814772466,High_Plateau,0.490530868,0.3379054860116756,21,-0.003396835
Acacia,Tolpis,10,5.5,5.4488903985196195,6.374445199,4.3846671195558855,7.279556159407848,4.924445199,High_Plateau,0.6026014671504467,0.6771920504652388,35,-0.003781197
Acacia,Tordylium,10,5.5,4.5419373824407145,5.920968691220358,4.112581214732215,6.9167749529762865,4.4709686912203574,High_Plateau,0.437034954,0.3462707354184925,35,-0.004839755
Acacia,Torilis,10,5.5,4.509530942742404,5.904765471371202,4.102859282822721,6.903812377096962,4.454765471371202,High_Plateau,0.4571829504802122,0.3702588702674935,33,-0.005492244
Acacia,Trachelium,10,5.5,6.488538413864775,6.894269206932387,4.696561524159432,7.6954153655459105,5.444269206932388,High_Plateau,0.5734642357370303,0.5529425574823331,27,-0.00267317
Acacia,Tradescantia,10,5.5,6.281641656610437,6.790820828305218,4.634492496983131,7.612656662644175,5.340820828305219,High_Plateau,0.6236817698944578,0.620691314,23,-0.003625174
Acacia,Tragopogon,10,5.5,4.7669755862796706,6.033487793139836,4.180092675883901,7.006790234511868,4.5834877931398355,High_Plateau,0.514901555,0.4773002780759043,32,-0.004609125
Acacia,Tragus,10,5.5,4.619013211270449,5.959506605635225,4.135703963381134,6.947605285,4.509506605635225,High_Plateau,0.3030891095972392,0.086785637,36,-0.005776814
Acacia,Trifolium,10,5.5,5.232352038673969,6.266176019336984,4.319705612,7.192940815469587,4.816176019336984,High_Plateau,0.7461798908775406,0.8167827450042879,17,-0.00567646
Acacia,Triglochin,10,5.5,6.068479326997365,6.6842396634986825,4.570543798,7.527391730798946,5.234239663498682,High_Plateau,0.4025876514554741,0.1543354731795913,20,-0.006074824
Acacia,Trigonella,10,5.5,4.483932253058037,5.891966126529018,4.095179675917411,6.893572901223215,4.441966126529019,High_Plateau,0.7346567587946646,0.817793077,20,-0.00267177
Acacia,Trisetum,10,5.5,6.054053929,6.677026964665765,4.566216178799459,7.521621571732612,5.2270269646657646,High_Plateau,0.3201961891610149,0.1700811691392539,42,-0.004608338
Acacia,Triticum,10,5.5,4.5655949460854846,5.932797473042742,4.119678483825645,6.9262379784341945,4.4827974730427425,High_Plateau,0.4175491431273649,0.3480267520254955,40,-0.002998493
Acacia,Tuberaria,10,5.5,5.7564746448853175,6.528237322442658,4.476942393465595,7.402589857954127,5.078237322442659,High_Plateau,0.5792689958781502,0.5174349304711627,21,-0.013662776
Acacia,Tulipa,10,5.5,6.523295422370817,6.911647711185408,4.706988626711245,7.709318168948327,5.4616477111854085,High_Plateau,0.4869043693608275,0.3882028170673444,28,-0.003477241
Acacia,Typha,10,5.5,6.305809584678739,6.802904792339369,4.641742875403621,7.622323833871496,5.352904792,High_Plateau,0.4842484584661991,0.3253603105793052,21,-0.00349505
Acacia,Ulex,10,5.5,8.866252216,8.083126108,5.409875664676681,8.646500886235575,6.633126108,High_Plateau,0.8345092397705792,0.94111575,10,-0.03171923
Acacia,Ulmus,10,5.5,8.634927708918141,7.967463854459071,5.340478312675442,8.553971083567257,6.517463854459071,High_Plateau,0.5307610704681164,0.3377063646799481,11,-0.011058105
Acacia,Umbilicus,10,5.5,6.167366980570246,6.733683490285123,4.600210094171073,7.566946792228098,5.283683490285123,High_Plateau,0.6785803400737492,0.6889598434542237,18,-0.00146157
Acacia,Urospermum,10,5.5,5.214819642772506,6.257409821386252,4.314445892831752,7.185927857109002,4.807409821386253,High_Plateau,0.5969569168527429,0.6576994261406968,34,-0.003859469
Acacia,Urtica,10,5.5,5.527835027059668,6.413917513529833,4.408350508,7.311134010823867,4.963917513529834,High_Plateau,0.4263208245869149,0.151433305,14,-0.000807595
Acacia,Utricularia,10,5.5,6.042110005498983,6.671055002749491,4.5626330016496945,7.516844002199593,5.221055002749491,High_Plateau,0.5797642794815122,0.5409561991331961,24,-0.003028612
Acacia,Valantia,10,5.5,5.060628748106883,6.180314374053442,4.268188624432065,7.124251499242753,4.7303143740534415,High_Plateau,0.5373794254731157,0.4809070883366413,27,-0.003343927
Acacia,Verbascum,10,5.5,4.777971081779772,6.038985540889886,4.183391324533932,7.011188433,4.588985540889887,High_Plateau,0.5275921432723639,0.5023922622513795,32,-0.003163166
Acacia,Verbesina,10,5.5,5.887447709855346,6.593723854927672,4.516234312956604,7.454979083942138,5.143723854927673,High_Plateau,0.5213056110162697,0.5719887625748913,42,-0.003052086
Acacia,Veronica,10,5.5,5.556792557089529,6.428396278544764,4.417037767126859,7.322717022835812,4.978396278544764,High_Plateau,0.5418992794915907,0.5145573934621113,30,-0.003109241
Acacia,Viburnum,10,5.5,8.889034431321578,8.094517215660789,5.416710329396473,8.655613772528632,6.644517215660789,High_Plateau,0.6537954471246927,0.6629300611962479,21,0.004126083
Acacia,Vicia,10,5.5,5.155019845370963,6.227509922685481,4.296505953611289,7.162007938148385,4.777509922685482,High_Plateau,0.7672015353962335,0.8583982953484852,17,-0.003537767
Acacia,Vigna,10,5.5,5.369437163344847,6.334718581672424,4.360831149003454,7.247774865,4.8847185816724235,High_Plateau,0.7907946866294019,0.8807357914880792,14,-0.002581406
Acacia,Vinca,10,5.5,6.379914641689508,6.8399573208447535,4.663974392506852,7.651965856675803,5.389957320844754,High_Plateau,0.5664649672827828,0.5227686218683246,25,-0.003987957
Acacia,Vincetoxicum,10,5.5,6.601469036605407,6.950734518302704,4.730440710981622,7.740587614642163,5.500734518302703,High_Plateau,0.5585123004796342,0.5642290094193037,32,-0.00314533
Acacia,Viscum,10,5.5,8.913258925936692,8.106629462968346,5.423977677781007,8.665303570374677,6.656629462968346,High_Plateau,0.378105099,0.1133159858846672,21,-0.004707017
Acacia,Wisteria,10,5.5,8.830405557154869,8.065202778577435,5.399121667,8.632162222861947,6.6152027785774346,High_Plateau,0.8353978818383012,0.9472985578503272,11,-0.012650957
Acacia,Withania,10,5.5,8.783382015841154,8.041691007920576,5.385014604752346,8.613352806336461,6.591691007920577,High_Plateau,0.4798597185166204,0.349880759,25,-0.00560113
Acacia,Wolffia,10,5.5,6.430050045932251,6.865025022966126,4.679015013779676,7.672020018372901,5.415025022966126,High_Plateau,0.3986610210239126,0.1705366694791754,23,-0.003059439
Acacia,Xanthium,10,5.5,4.545897652,5.922948826,4.113769295,6.918359060639521,4.472948826,High_Plateau,0.2877545333903235,0.1050299627500523,42,-0.003768863
Acacia,Xeranthemum,10,5.5,4.520119585782604,5.9100597928913015,4.106035875734781,6.908047834313042,4.460059792891302,High_Plateau,0.4573418192297986,0.362299077,32,-0.005200479
Acacia,Yucca,10,5.5,7.0967419154509255,7.198370957725462,4.879022574635277,7.938696766180371,5.748370957725463,High_Plateau,0.5936702091937975,0.6263685868022307,31,-0.00336002
Acacia,Zinnia,10,5.5,4.577482251700559,5.938741126,4.1232446755101675,6.930992900680224,4.488741126,High_Plateau,0.2871869844703691,0.095646333,41,-0.003622094
Acacia,Ziziphora,10,5.5,4.529631217072381,5.914815609,4.108889365121714,6.911852486828952,4.464815609,High_Plateau,0.4329919228781285,0.3545083359236018,37,-0.004266286
Acacia,Ziziphus,10,5.5,8.707703149190182,8.003851575,5.362310944757055,8.583081259676073,6.553851574595091,High_Plateau,0.6001743103942857,0.474485419,10,-0.041916866
Acanthus,Acer,10,5.5,6.196256443040265,6.748128221520132,4.608876933,7.578502577216106,5.298128221520132,High_Plateau,0.4979168449285413,0.4181106360382718,29,-0.00179569
Acanthus,Achillea,10,5.5,3.8100743077517385,5.555037153875869,3.8930222923255213,6.624029723100696,4.105037154,High_Plateau,0.6861001769817565,0.8601607567410325,37,-0.00144585
Acanthus,Achnatherum,10,5.5,3.834887873160645,5.5674439365803225,3.9004663619481934,6.633955149264258,4.117443936580322,High_Plateau,0.4268782096073857,0.3006016207674435,32,-0.001349295
Acanthus,Achyranthes,10,5.5,5.129810381823264,6.214905190911631,4.288943114546979,7.151924152729306,4.764905190911632,High_Plateau,0.4201118514338907,0.2378880018121742,26,-0.002020125
Acanthus,Adenocarpus,10,5.5,6.422508059485417,6.8612540297427085,4.676752417845625,7.669003223794167,5.411254029742709,High_Plateau,0.7265086693014187,0.9163855856352172,34,-0.001772742
Acanthus,Adiantum,10,5.5,4.034994276383387,5.667497138191694,3.960498282915016,6.713997710553355,4.2174971381916935,High_Plateau,0.5547867987149246,0.5894440749521949,36,-0.002092114
Acanthus,Adonis,10,5.5,3.3997091091197267,5.3498545545598635,3.769912732735918,6.459883643647891,3.8998545545598633,High_Plateau,0.700494642,0.7985522298962056,26,-0.001513355
Acanthus,Aegilops,10,5.5,2.3004650414464756,4.800232520723238,3.4401395124339427,6.020186017,3.350232520723238,High_Plateau,0.432099437,0.4343665479987812,47,-0.001523303
Acanthus,Aeluropus,10,5.5,4.1716058025119045,5.735802901255952,4.001481740753571,6.768642321004762,4.285802901255952,High_Plateau,0.3556551303211963,0.2324265049761951,41,-0.002841496
Acanthus,Aeonium,10,5.5,6.245592896747784,6.772796448373892,4.623677869024335,7.5982371586991135,5.322796448373892,High_Plateau,0.3608754533912157,0.1439410572063605,29,-0.001361711
Acanthus,Aesculus,10,5.5,6.272966013303998,6.7864830066519986,4.631889803991199,7.609186405,5.336483006651999,High_Plateau,0.6772761879275648,0.7768293220363189,29,-0.00179569
Acanthus,Agave,10,5.5,3.756659492642277,5.5283297463211385,3.8769978477926834,6.602663797056911,4.078329746321138,High_Plateau,0.6724338736226623,0.8410998406377161,38,-0.001708412
Acanthus,Ageratina,10,5.5,5.249395244618181,6.274697622,4.324818573385454,7.199758097847273,4.824697622,High_Plateau,0.3671185270467318,0.2059833167928079,35,-0.00256693
Acanthus,Agrimonia,10,5.5,3.965588290049053,5.632794145024526,3.939676487014716,6.686235316019621,4.182794145024527,High_Plateau,0.7233494404639897,0.8771945920750646,30,-0.001793624
Acanthus,Agropyron,10,5.5,4.128731330557927,5.714365665278963,3.988619399167378,6.751492532223171,4.264365665278964,High_Plateau,0.3607145826684862,0.2670072095332336,44,-0.001862824
Acanthus,Agrostemma,10,5.5,2.1711555304929506,4.735577765246475,3.401346659147885,5.968462212,3.2855777652464755,High_Plateau,0.673348444,0.7442641267409652,26,-0.001534829
Acanthus,Agrostis,10,5.5,3.775045183307986,5.5375225916539925,3.8825135549923955,6.610018073323195,4.087522591653993,High_Plateau,0.5175443869156222,0.5725862376867753,43,-0.002555812
Acanthus,Aira,10,5.5,2.2364985610185237,4.768249280509262,3.420949568305557,5.994599424,3.318249280509262,High_Plateau,0.4688437092478626,0.4667469436903416,42,-0.00146201
Acanthus,Ajuga,10,5.5,3.7393290842766076,5.519664542138304,3.871798725282982,6.595731633710644,4.0696645421383035,High_Plateau,0.8035596348905334,0.8696704732856724,10,0.016011106
Acanthus,Albizia,10,5.5,6.198658054108075,6.749329027054038,4.609597416232423,7.5794632216432305,5.299329027054037,High_Plateau,0.5470632256425665,0.5410237419576926,32,-0.001609741
Acanthus,Alcea,10,5.5,4.0577480210958345,5.678874010547917,3.9673244063287503,6.7230992084383345,4.2288740105479175,High_Plateau,0.6741881808802439,0.8448699755997915,38,-0.003016014
Acanthus,Alchemilla,10,5.5,4.144203800094878,5.7221019,3.9932611400284634,6.757681520037952,4.272101900047439,High_Plateau,0.5209470473608132,0.4969831749205126,33,-0.001472798
Acanthus,Alisma,10,5.5,4.244018263,5.772009132,4.023205478977142,6.797607305302856,4.322009131628571,High_Plateau,0.536134149,0.5027276836822684,30,-0.001611993
Acanthus,Alkanna,10,5.5,3.6247030769356163,5.462351538467808,3.837410923080685,6.549881230774247,4.012351538467808,High_Plateau,0.6246120442956116,0.5567444355148092,15,-0.003355159
Acanthus,Allium,10,5.5,3.919988725381007,5.609994362690504,3.925996617614302,6.6679954901524034,4.159994362690504,High_Plateau,0.6733405295779707,0.7939400428187912,32,-0.003418206
Acanthus,Allocasuarina,10,5.5,6.2578996457824765,6.778949822891239,4.627369893734743,7.603159858,5.328949822891238,High_Plateau,0.3938631896377039,0.2184429605172821,30,-0.002897975
Acanthus,Alnus,10,5.5,6.216595869140439,6.758297934570219,4.614978760742131,7.586638347656176,5.308297935,High_Plateau,0.5309165085769331,0.4924532727320588,30,-0.002416346
Acanthus,Aloe,10,5.5,5.309455552504904,6.304727776252452,4.342836665751471,7.2237822210019615,4.854727776252452,High_Plateau,0.3339525651611946,0.1395263863222155,35,-0.001941896
Acanthus,Alopecurus,10,5.5,3.523630273377956,5.411815136688978,3.8070890820133867,6.509452109351183,3.961815136688978,High_Plateau,0.473704281,0.5177333396940276,47,-0.002308822
Acanthus,Alternanthera,10,5.5,3.7980973982517483,5.5490486991258745,3.8894292194755247,6.6192389593006995,4.099048699125874,High_Plateau,0.4375720226079768,0.2811177529930984,27,-0.002471279
Acanthus,Althaea,10,5.5,3.2992913050238384,5.299645652511919,3.7397873915071513,6.419716522009535,3.8496456525119194,High_Plateau,0.6582442486418565,0.8128363630866728,38,-0.002287274
Acanthus,Alyssum,10,5.5,3.3322179085506693,5.316108954275334,3.7496653725652007,6.4328871634202685,3.866108954275335,High_Plateau,0.68693179,0.8456773824361687,35,-0.002904625
Acanthus,Amaranthus,10,5.5,2.2201321868006314,4.760066093400315,3.4160396560401893,5.988052874720253,3.310066093400316,High_Plateau,0.5373016914029849,0.4476354084192142,23,-0.002146429
Acanthus,Amelanchier,10,5.5,6.238262465554676,6.7691312327773385,4.6214787396664025,7.595304986221871,5.319131232777338,High_Plateau,0.6622154435233769,0.7714371624858397,32,-0.002154665
Acanthus,Ammi,10,5.5,2.1925447441339836,4.746272372066992,3.407763423240195,5.977017897653594,3.296272372066992,High_Plateau,0.6591656580906524,0.7406246566605048,29,-0.001877661
Acanthus,Amorpha,10,5.5,6.426080388453747,6.8630401942268735,4.677824116536124,7.670432155,5.413040194226873,High_Plateau,0.7430237882715015,0.91666437,30,-0.002399036
Acanthus,Anabasis,10,5.5,6.200879471728754,6.7504397358643775,4.610263841518626,7.580351788691502,5.300439735864377,High_Plateau,0.3880203024864773,0.1654259207223603,25,-0.001721099
Acanthus,Anacyclus,10,5.5,2.7056109962890855,5.002805498144543,3.5616832988867255,6.182244398515635,3.5528054981445427,High_Plateau,0.4658831837494611,0.4197267702764417,37,-0.00144585
Acanthus,Anarrhinum,10,5.5,3.0891201557627124,5.194560077881356,3.6767360467288137,6.335648062305085,3.7445600778813564,High_Plateau,0.7562214017692619,0.8115365136915232,14,-0.002317866
Acanthus,Anchusa,10,5.5,3.0113951225206974,5.155697561260348,3.653418536756209,6.304558049008279,3.705697561260349,High_Plateau,0.7353789301583054,0.8027464870213525,18,-0.002408887
Acanthus,Andropogon,10,5.5,4.121008886,5.710504443174235,3.9863026659045406,6.748403554539388,4.260504443174235,High_Plateau,0.4175856098891708,0.3643973328525051,42,-0.002294949
Acanthus,Androsace,10,5.5,2.961560818851935,5.1307804094259675,3.6384682456555804,6.284624327540774,3.6807804094259677,High_Plateau,0.7366001271605214,0.8216476083604362,20,-0.002510743
Acanthus,Andryala,10,5.5,3.2919133013185573,5.295956650659279,3.737573990395567,6.416765320527423,3.8459566506592786,High_Plateau,0.5639528726282368,0.5584172126629499,30,-0.001872406
Acanthus,Anemone,10,5.5,3.9048874585502102,5.602443729275105,3.9214662375650633,6.661954983420085,4.152443729275105,High_Plateau,0.6882375244158898,0.8070902018738236,30,-0.002390834
Acanthus,Anthemis,10,5.5,3.178855031,5.239427515516925,3.703656509310155,6.371542012,3.789427515516925,High_Plateau,0.6479284657352294,0.7756631930196989,36,-0.001771034
Acanthus,Anthericum,10,5.5,4.105601821349044,5.702800910674522,3.9816805464047134,6.742240728539618,4.252800910674522,High_Plateau,0.679725978,0.8393827046322077,36,-0.002393467
Acanthus,Anthoxanthum,10,5.5,3.1966877192156637,5.248343859607832,3.7090063157646993,6.378675087686266,3.798343859607832,High_Plateau,0.4668129175290272,0.5284573504480115,50,-0.001554837
Acanthus,Anthriscus,10,5.5,2.803888363341613,5.051944181670806,3.591166509002484,6.221555345336645,3.601944181670807,High_Plateau,0.6748690346736385,0.7802269808248187,30,-0.001759626
Acanthus,Anthyllis,10,5.5,5.254686105423902,6.2773430527119505,4.326405832,7.2018744421695615,4.827343052711951,High_Plateau,0.6782623077710577,0.8610042240171498,39,-0.001850097
Acanthus,Antinoria,10,5.5,2.665850586914575,4.982925293457288,3.5497551760743726,6.166340235,3.5329252934572875,High_Plateau,0.3687240039415611,0.1843808051468249,32,-0.001787274
Acanthus,Antirrhinum,10,5.5,3.710728052222581,5.505364026,3.863218415666774,6.584291220889033,4.055364026111291,High_Plateau,0.7442259969770444,0.8120528034416695,17,-0.001565691
Acanthus,Aphanes,10,5.5,2.0598797101130653,4.679939855056532,3.3679639130339196,5.923951884045226,3.229939855056533,High_Plateau,0.4983003,0.4516896804110681,33,-0.001472798
Acanthus,Apium,10,5.5,3.0000194293781233,5.1500097146890615,3.6500058288134367,6.3000077717512495,3.700009714689062,High_Plateau,0.7258409142440616,0.8411535141270124,25,-0.002152949
Acanthus,Arabidopsis,10,5.5,2.21772383,4.7588619148739095,3.415317148924346,5.987089531899128,3.3088619148739102,High_Plateau,0.6615936947851518,0.8111295847706801,37,-0.001354812
Acanthus,Arabis,10,5.5,3.351545840692561,5.325772920346281,3.7554637522077683,6.440618336277025,3.8757729203462805,High_Plateau,0.5514773518665713,0.5581148435157121,33,-0.001828096
Acanthus,Arbutus,10,5.5,6.1960291121792395,6.748014556,4.608808733653772,7.5784116448716965,5.298014556,High_Plateau,0.5883194138406758,0.5414650682098556,22,-0.002213394
Acanthus,Arceuthobium,10,5.5,4.140286219952342,5.720143109976171,3.9920858659857026,6.756114487980938,4.270143109976171,High_Plateau,0.4078303576630059,0.1886167038977583,23,-0.001766244
Acanthus,Arenaria,10,5.5,2.958571604670812,5.129285802335406,3.6375714814012436,6.2834286418683245,3.6792858023354063,High_Plateau,0.722543155,0.8180184112181581,23,-0.001646808
Acanthus,Argyrolobium,10,5.5,5.224246092082425,6.2621230460412125,4.317273827624728,7.189698437,4.812123046041213,High_Plateau,0.6308989211433652,0.6680405585995186,27,-0.003816321
Acanthus,Arisaema,10,5.5,4.025607482411817,5.6628037412059085,3.957682244723545,6.7102429929647265,4.212803741205908,High_Plateau,0.5786936179986801,0.5961166725067253,31,-0.001866361
Acanthus,Arisarum,10,5.5,4.118804551217023,5.709402275608511,3.985641365365107,6.74752182,4.259402275608512,High_Plateau,0.7130989644560723,0.8405111366791657,28,-0.003072888
Acanthus,Aristida,10,5.5,3.165483446543445,5.232741723271722,3.6996450339630336,6.366193378617378,3.7827417232717226,High_Plateau,0.5865944329808573,0.6615959257136386,37,-0.003679134
Acanthus,Aristolochia,10,5.5,4.551481595524856,5.925740797762428,4.115444478657457,6.920592638209943,4.475740797762429,High_Plateau,0.763945717,0.9008216772189584,23,-0.001637515
Acanthus,Armeria,10,5.5,4.736156644503703,6.018078322251851,4.170846993351111,6.994462657801481,4.568078322251852,High_Plateau,0.748101667,0.8608917097468475,22,-0.001524074
Acanthus,Arrhenatherum,10,5.5,3.9549435362710508,5.627471768135525,3.936483060881315,6.681977415,4.177471768135526,High_Plateau,0.5683284105735905,0.7150531273427397,48,-0.001570572
Acanthus,Artemisia,10,5.5,4.323690755253803,5.811845377626901,4.0471072265761405,6.829476302101521,4.361845377626901,High_Plateau,0.5448262755863953,0.5203192452510031,30,-0.002648539
Acanthus,Arum,10,5.5,4.075901569334496,5.6879507846672475,3.9727704708003486,6.730360627733798,4.237950784667248,High_Plateau,0.7056498637826316,0.858207654,32,-0.001662921
Acanthus,Arundo,10,5.5,3.765360193,5.532680096,3.8796080578907057,6.606144077187608,4.082680096,High_Plateau,0.4109362697432497,0.3016352215181844,36,-0.001553136
Acanthus,Asparagus,10,5.5,3.681901552501939,5.490950776250969,3.854570465750582,6.572760621000776,4.040950776,High_Plateau,0.6821928631584397,0.844431768,36,-0.002969932
Acanthus,Asperula,10,5.5,3.995156246232396,5.6475781231161974,3.9485468738697187,6.698062498492959,4.197578123116198,High_Plateau,0.7741145051143963,0.8719602103503928,17,-0.002217644
Acanthus,Asphodeline,10,5.5,4.009737135327534,5.654868567663767,3.952921141,6.703894854131014,4.204868567663768,High_Plateau,0.7093126968148302,0.8740782839445541,33,-0.003291849
Acanthus,Asphodelus,10,5.5,3.827889466921856,5.563944733460928,3.898366840076557,6.631155786768742,4.1139447334609285,High_Plateau,0.5843071097516754,0.6240671098182443,33,-0.003291849
Acanthus,Asplenium,10,5.5,4.044353281,5.6721766405867005,3.963305984,6.717741312469361,4.222176641,High_Plateau,0.6835515282654304,0.8632659637958779,38,-0.001362482
Acanthus,Asteriscus,10,5.5,2.8447009254499225,5.072350462724961,3.6034102776349766,6.237880370179969,3.6223504627249614,High_Plateau,0.5381705000749888,0.5150506181274317,31,-0.001767268
Acanthus,Astragalus,10,5.5,3.788988409001328,5.544494204500664,3.8866965227003982,6.615595363600532,4.0944942045006645,High_Plateau,0.6990257296232733,0.8942640589780327,38,-0.001610944
Acanthus,Asyneuma,10,5.5,4.166806136459381,5.733403068,4.000041840937814,6.7667224545837525,4.283403068,High_Plateau,0.5383243819827476,0.4825072698790842,27,-0.001895269
Acanthus,Athamanta,10,5.5,3.7112328830948207,5.505616442,3.8633698649284463,6.584493153237928,4.055616441547411,High_Plateau,0.746862915,0.8500419837412371,21,-0.000758849
Acanthus,Atractylis,10,5.5,3.4374504563160206,5.368725228,3.7812351368948063,6.474980182526409,3.9187252281580105,High_Plateau,0.6006515760267127,0.5743641821923119,23,-0.002291452
Acanthus,Atriplex,10,5.5,3.3491207583278113,5.324560379163906,3.754736227498343,6.439648303331125,3.874560379163906,High_Plateau,0.5567283785442657,0.5357413432684892,29,-0.00183389
Acanthus,Atropa,10,5.5,3.9979141209350635,5.648957060467532,3.9493742362805193,6.699165648374025,4.1989570604675315,High_Plateau,0.795432253,0.9066180020637804,16,-0.003425018
Acanthus,Avena,10,5.5,2.303656048433917,4.801828024216959,3.4410968145301752,6.021462419373567,3.3518280242169585,High_Plateau,0.4264428427979709,0.4312819917915005,48,-0.001570572
Acanthus,Avenula,10,5.5,3.8635759302598807,5.581787965129941,3.909072779077964,6.645430372103952,4.1317879651299405,High_Plateau,0.6108225977290763,0.6688055272255261,32,-0.002924947
Acanthus,Baldellia,10,5.5,3.7026535843993877,5.501326792199694,3.8607960753198163,6.581061433759755,4.051326792199694,High_Plateau,0.7085711015181934,0.8476015879702051,30,-0.001611993
Acanthus,Ballota,10,5.5,4.375277264418994,5.837638632209497,4.062583179325698,6.850110905767598,4.387638632209497,High_Plateau,0.7799586822302572,0.8679798258401787,15,-0.006065732
Acanthus,Barbarea,10,5.5,2.8123163286932678,5.056158164346634,3.593694899,6.2249265314773075,3.606158164346634,High_Plateau,0.6633954458223092,0.7820450803440211,33,-0.002298341
Acanthus,Bassia,10,5.5,2.771765973576792,5.035882986788396,3.5815297920730376,6.208706389430716,3.585882986788396,High_Plateau,0.5491009706098945,0.4713618108429658,23,-0.002785649
Acanthus,Bellevalia,10,5.5,4.2151220414603445,5.757561020730172,4.0145366124381034,6.786048816584138,4.307561020730173,High_Plateau,0.3564008885656003,0.1597360592921075,32,-0.001794698
Acanthus,Bellis,10,5.5,3.4397668655862152,5.369883432793108,3.7819300596758643,6.475906746234486,3.9198834327931076,High_Plateau,0.6881731480882389,0.8397014158712843,34,-0.001707105
Acanthus,Berberis,10,5.5,6.227924298253227,6.7639621491266135,4.618377289475968,7.591169719301291,5.313962149126613,High_Plateau,0.6895764938746249,0.7686591762204285,25,-0.002325463
Acanthus,Beta,10,5.5,2.996033939503146,5.148016969751573,3.6488101818509437,6.298413575801258,3.6980169697515732,High_Plateau,0.6073985543906674,0.5878412611563496,23,-0.002207063
Acanthus,Biarum,10,5.5,4.0004786221702675,5.650239311085134,3.9501435866510803,6.700191448868107,4.200239311085134,High_Plateau,0.6010230253976405,0.6078320736070734,27,-0.001532854
Acanthus,Bidens,10,5.5,2.7196900780380515,5.009845039019026,3.565907023411415,6.187876031215221,3.559845039019026,High_Plateau,0.7049408676127118,0.8325207556235121,29,-0.003606061
Acanthus,Bifora,10,5.5,2.1925447441339836,4.746272372066992,3.407763423240195,5.977017897653594,3.296272372066992,High_Plateau,0.6550829428685235,0.7406246566605048,30,-0.001608923
Acanthus,Biscutella,10,5.5,4.248556188366661,5.774278094,4.024566856509998,6.799422475346665,4.324278094183331,High_Plateau,0.6832415279766982,0.8298123699725665,34,-0.001578077
Acanthus,Boerhavia,10,5.5,2.864148109790021,5.082074054895011,3.6092444329370066,6.245659243916009,3.6320740548950106,High_Plateau,0.7249762706649538,0.8393856759321777,25,-0.001960194
Acanthus,Bombycilaena,10,5.5,1.9835617977350966,4.641780898867548,3.345068539320529,5.893424719094039,3.1917808988675485,High_Plateau,0.5022520056775824,0.4762814645405815,35,-0.002722882
Acanthus,Borago,10,5.5,2.753215087493543,5.026607543746771,3.575964526248063,6.201286034997417,3.5766075437467717,High_Plateau,0.7404724819791304,0.8129335906630026,18,-0.002408887
Acanthus,Bothriochloa,10,5.5,4.184047460956649,5.742023730478325,4.005214238286995,6.773618984,4.292023730478325,High_Plateau,0.3418456413533288,0.2292161209668744,44,-0.001596794
Acanthus,Botrychium,10,5.5,3.7948247847645464,5.547412392382273,3.888447435429364,6.617929913905819,4.097412392382274,High_Plateau,0.560306847,0.5346631714253396,28,-0.001754238
Acanthus,Brachypodium,10,5.5,3.455219478563694,5.377609739281847,3.7865658435691083,6.482087791425478,3.927609739281847,High_Plateau,0.5418794297777015,0.5802767961297659,38,-0.003137628
Acanthus,Brassica,10,5.5,2.761323488288308,5.030661744144154,3.5783970464864923,6.2045293953153235,3.5806617441441544,High_Plateau,0.6471410100703043,0.7905379735665473,38,-0.001827712
Acanthus,Briza,10,5.5,2.6184252528442484,4.959212626422124,3.5355275758532745,6.1473701011376995,3.5092126264221246,High_Plateau,0.4959569777761833,0.4800852970471643,37,-0.002500543
Acanthus,Bromus,10,5.5,2.9011234870679234,5.100561743533961,3.620337046120377,6.2604493948271696,3.650561743533962,High_Plateau,0.4996423129576333,0.4710141091888246,35,-0.002483033
Acanthus,Bryonia,10,5.5,4.010531148148241,5.655265574,3.9531593444444724,6.704212459259296,4.2052655740741205,High_Plateau,0.5979697370061643,0.6020331594845012,27,-0.003071167
Acanthus,Buddleja,10,5.5,6.217468626801751,6.7587343134008755,4.615240588040525,7.5869874507207005,5.308734313400876,High_Plateau,0.7475788435121931,0.768241331,11,0.004444794
Acanthus,Bufonia,10,5.5,3.3265593005442335,5.313279650272117,3.74796779,6.430623720217694,3.863279650272117,High_Plateau,0.6066844390418952,0.5619695676428267,20,-0.00327742
Acanthus,Buglossoides,10,5.5,2.646695180113295,4.9733475900566475,3.5440085540339883,6.158678072045318,3.5233475900566478,High_Plateau,0.7359491027002136,0.8121644256847198,19,-0.002700964
Acanthus,Bunium,10,5.5,3.7112328830948207,5.505616442,3.8633698649284463,6.584493153237928,4.055616441547411,High_Plateau,0.746862915,0.8500419837412371,21,-0.000758849
Acanthus,Bupleurum,10,5.5,3.3154555761624684,5.307727788081234,3.7446366728487406,6.426182230464987,3.8577277880812346,High_Plateau,0.7089332364824681,0.7910402419473122,23,-0.002855146
Acanthus,Buxus,10,5.5,6.227944182555111,6.763972091277555,4.618383254766533,7.591177673022045,5.313972091277556,High_Plateau,0.7058129244044147,0.768338891,21,-0.002743292
Acanthus,Cachrys,10,5.5,3.9988708429674507,5.649435421483725,3.949661252890235,6.699548337186981,4.1994354214837255,High_Plateau,0.7609794506857726,0.8783636988469727,21,-0.00120207
Acanthus,Cakile,10,5.5,2.136524903493041,4.718262452,3.390957471047912,5.9546099613972165,3.2682624517465206,High_Plateau,0.603837221,0.7452125839247727,43,-0.002759198
Acanthus,Calamagrostis,10,5.5,3.7548118172570493,5.527405908628524,3.8764435451771146,6.601924727,4.077405908628525,High_Plateau,0.3447693689484945,0.2846214198773242,50,-0.00281067
Acanthus,Calendula,10,5.5,2.428423482460858,4.864211741230429,3.4785270447382572,6.0713693929843435,3.414211741230429,High_Plateau,0.7015294006379897,0.8089031820512872,27,-0.001824644
Acanthus,Calicotome,10,5.5,6.426080388453747,6.8630401942268735,4.677824116536124,7.670432155,5.413040194226873,High_Plateau,0.7225709330671972,0.91666437,35,-0.001448136
Acanthus,Callistemon,10,5.5,6.220388839109958,6.7601944195549795,4.6161166517329875,7.588155535643983,5.310194419554979,High_Plateau,0.5059996691077382,0.4264296555501966,28,-0.003658436
Acanthus,Callitriche,10,5.5,2.5523894635313527,4.926194731765676,3.515716839059406,6.120955785412541,3.4761947317656765,High_Plateau,0.5649789564017289,0.4210899404294912,13,-0.003605344
Acanthus,Calystegia,10,5.5,4.092333345,5.696166672,3.977700003368732,6.736933337824976,4.246166672,High_Plateau,0.7991125860331576,0.8882578378938462,13,0.001891465
Acanthus,Camelina,10,5.5,2.133575313619035,4.716787656809517,3.3900725940857104,5.953430125447614,3.2667876568095178,High_Plateau,0.6411854450250893,0.7459191506347989,34,-0.00267281
Acanthus,Campanula,10,5.5,3.3255820248664447,5.312791012433222,3.7476746074599334,6.4302328099465775,3.8627910124332225,High_Plateau,0.7558469037408315,0.8521236179092297,19,-0.003518915
Acanthus,Capsella,10,5.5,2.849483199357873,5.074741599678936,3.604844959807362,6.239793279743149,3.624741599678937,High_Plateau,0.6346135309674188,0.7571692571352141,37,-0.001354812
Acanthus,Cardamine,10,5.5,3.332098462760023,5.316049231380012,3.7496295388280068,6.4328393851040095,3.8660492313800114,High_Plateau,0.6919077084280407,0.8471918987126621,34,-0.001813916
Acanthus,Cardiospermum,10,5.5,3.4322158721293627,5.366107936064681,3.779664761638809,6.472886348851745,3.9161079360646815,High_Plateau,0.5727099518833461,0.5758866183905181,30,-0.001648642
Acanthus,Carduncellus,10,5.5,3.7419692963301223,5.5209846481650615,3.8725907888990365,6.596787718532049,4.070984648165061,High_Plateau,0.7442376062577786,0.853201382,22,-0.001713039
Acanthus,Carduus,10,5.5,2.5690699937039865,4.934534996851993,3.5207209981111958,6.127627997481595,3.4845349968519934,High_Plateau,0.6738092891894932,0.8191692543084474,35,-0.001588996
Acanthus,Carex,10,5.5,4.038472442852502,5.669236221426251,3.9615417328557507,6.715388977141001,4.219236221426251,High_Plateau,0.5251380251713265,0.5055467455359781,33,-0.002380873
Acanthus,Carlina,10,5.5,3.1004804255043257,5.2002402127521625,3.680144127651298,6.34019217,3.7502402127521632,High_Plateau,0.7281580516835257,0.8294393973238605,23,-0.002602771
Acanthus,Carpobrotus,10,5.5,4.776684924547405,6.038342462273702,4.183005477364222,7.010673969818962,4.588342462273703,High_Plateau,0.5805636943258659,0.534045515,23,-0.001576931
Acanthus,Carthamus,10,5.5,2.1572168563089305,4.728608428154465,3.3971650568926792,5.9628867425235725,3.2786084281544654,High_Plateau,0.6815846070332053,0.8183541039348495,33,-0.001951847
Acanthus,Castanea,10,5.5,6.217328082863389,6.758664041431695,4.615198424859017,7.586931233145355,5.308664041431695,High_Plateau,0.4965018653790327,0.4234425654777296,30,-0.001509242
Acanthus,Casuarina,10,5.5,6.178145274229794,6.739072637114897,4.603443582268938,7.571258109691918,5.289072637114897,High_Plateau,0.3862951434482599,0.203306868,30,-0.002897975
Acanthus,Catananche,10,5.5,2.7486945790918957,5.024347289545948,3.5746083737275685,6.1994778316367585,3.574347289545948,High_Plateau,0.6661612490489061,0.81226628,36,-0.002458637
Acanthus,Catapodium,10,5.5,2.1691290949782824,4.734564547489141,3.4007387284934847,5.967651637991313,3.2845645474891416,High_Plateau,0.4878844602977886,0.5377271698309686,46,-0.001572068
Acanthus,Cedrus,10,5.5,6.381696173767621,6.840848086883811,4.664508852130286,7.652678469507048,5.3908480868838105,High_Plateau,0.4776062559317677,0.3692662540965912,28,-0.00177556
Acanthus,Celtis,10,5.5,6.195262027452892,6.747631013726446,4.6085786082358675,7.5781048109811575,5.297631013726447,High_Plateau,0.3589566494697166,0.1483533000585984,30,-0.001515074
Acanthus,Cenchrus,10,5.5,2.7268140153181775,5.013407007659088,3.568044204595453,6.1907256061272715,3.563407007659089,High_Plateau,0.3357576221693147,0.1842666832249094,40,-0.002113359
Acanthus,Centaurea,10,5.5,3.158356826689499,5.229178413,3.697507048,6.363342731,3.7791784133447495,High_Plateau,0.6816847946826936,0.8186431574736018,33,-0.002395238
Acanthus,Centaurium,10,5.5,2.190712089635711,4.745356044817855,3.407213626890713,5.976284835854285,3.2953560448178556,High_Plateau,0.7270371573741072,0.7781217815321162,17,-0.003798978
Acanthus,Cephalanthera,10,5.5,4.148092353200735,5.724046176600368,3.994427705960221,6.759236941280294,4.274046176600368,High_Plateau,0.6885647753490822,0.832259069,33,-0.001674987
Acanthus,Cephalaria,10,5.5,3.7930895672535536,5.546544783626777,3.887926870176066,6.617235826901421,4.096544783626777,High_Plateau,0.74463703,0.8541117867617313,22,-0.002270826
Acanthus,Cerastium,10,5.5,2.8999451712448883,5.099972585622444,3.6199835513734664,6.259978068497955,3.6499725856224443,High_Plateau,0.7040825938574251,0.8221801454860134,28,-0.001581638
Acanthus,Ceratophyllum,10,5.5,4.054561777,5.677280889,3.9663685331330356,6.721824710844048,4.227280889,High_Plateau,0.5668072501597394,0.4985226521494717,22,-0.002622951
Acanthus,Cerinthe,10,5.5,2.3244786786327425,4.812239339316371,3.4473436035898226,6.029791471453097,3.362239339316371,High_Plateau,0.7435082465992684,0.8104951212986995,17,-0.000954784
Acanthus,Cestrum,10,5.5,6.323089760917989,6.811544880458994,4.646926928275397,7.629235904367196,5.361544880458995,High_Plateau,0.6407011153853795,0.5640588644734091,12,-0.002324264
Acanthus,Chaenomeles,10,5.5,6.237943288067471,6.768971644033735,4.621382986420241,7.595177315226989,5.318971644033736,High_Plateau,0.6493228697663317,0.7703443857395894,35,-0.002328847
Acanthus,Chaenorhinum,10,5.5,3.029128166549116,5.164564083274557,3.658738449964735,6.311651266619647,3.714564083274558,High_Plateau,0.739965949,0.7955061533639565,16,-0.00252881
Acanthus,Chaerophyllum,10,5.5,3.192358847135348,5.246179423567674,3.7077076541406044,6.376943538854139,3.7961794235676742,High_Plateau,0.7047693003076927,0.8400275120929273,30,-0.001759626
Acanthus,Chamaecyparis,10,5.5,6.285733760812079,6.79286688,4.635720128243624,7.614293504324832,5.3428668804060395,High_Plateau,0.4873968766354075,0.3970739626185559,29,-0.001812006
Acanthus,Chamaecytisus,10,5.5,6.491687840922761,6.895843920461381,4.697506352276829,7.696675136369105,5.445843920461381,High_Plateau,0.5698676430871696,0.6112577900306987,35,-0.001448136
Acanthus,Chamaemelum,10,5.5,2.9915853760562046,5.145792688028102,3.6474756128168613,6.296634150422482,3.6957926880281025,High_Plateau,0.6471214286584756,0.7739683254166699,36,-0.001367067
Acanthus,Cheilanthes,10,5.5,4.100032754739974,5.7000163773699875,3.980009826421992,6.740013102,4.250016377369987,High_Plateau,0.5371609168223053,0.5541271870962619,36,-0.001766493
Acanthus,Cheirolophus,10,5.5,4.022202162183848,5.661101081091924,3.9566606486551543,6.708880864873539,4.211101081091924,High_Plateau,0.6852025121709395,0.8337575388993153,34,-0.00169408
Acanthus,Chenopodium,10,5.5,2.315864552527022,4.807932276263511,3.4447593657581064,6.026345821010809,3.357932276263511,High_Plateau,0.5711423332471873,0.4908701295203933,20,-0.003201288
Acanthus,Chloris,10,5.5,3.410346431941184,5.355173215970591,3.773103929582355,6.4641385727764735,3.905173215970592,High_Plateau,0.3228590353255721,0.2076452575814591,46,-0.001416757
Acanthus,Chondrilla,10,5.5,3.3781240725348023,5.339062036267401,3.763437221760441,6.451249629013921,3.8890620362674015,High_Plateau,0.50152086,0.4747264372158218,35,-0.002259207
Acanthus,Christella,10,5.5,4.213325361460825,5.756662680730413,4.013997608438247,6.785330145,4.306662680730413,High_Plateau,0.3454904017646558,0.1871616433374363,38,-0.001452144
Acanthus,Chrozophora,10,5.5,2.064927989,4.682463994485355,3.369478396691213,5.925971195588284,3.2324639944853555,High_Plateau,0.3606514073994378,0.1847851278613387,34,-0.002343072
Acanthus,Chrysanthemum,10,5.5,2.8166236573969097,5.0583118286984545,3.594987097219073,6.226649462958764,3.6083118286984552,High_Plateau,0.3481324324853511,0.1431508473771851,32,-0.0015532
Acanthus,Cicer,10,5.5,3.514521423090523,5.407260711545261,3.804356426927157,6.505808569236209,3.9572607115452616,High_Plateau,0.5849509017141199,0.6583076335122694,37,-0.003672986
Acanthus,Cichorium,10,5.5,3.1728157833558086,5.236407891677905,3.7018447350067425,6.369126313342324,3.7864078916779045,High_Plateau,0.6918771743183052,0.8307121750035891,32,-0.00191242
Acanthus,Cinnamomum,10,5.5,6.258143062281388,6.779071531140694,4.627442918684416,7.603257224912555,5.329071531140694,High_Plateau,0.6963454006670385,0.7738089357766836,24,-0.001481083
Acanthus,Circaea,10,5.5,4.008680215,5.654340108,3.952604064616466,6.703472086155289,4.204340108,High_Plateau,0.728624728,0.8713293217004245,28,-0.00190618
Acanthus,Cirsium,10,5.5,3.075194309689664,5.187597154844832,3.672558292906899,6.330077723875865,3.737597154844832,High_Plateau,0.686352549,0.8442557742840312,35,-0.001588996
Acanthus,Cistanche,10,5.5,4.142636558258791,5.721318279129395,3.992790967477637,6.7570546233035165,4.271318279129396,High_Plateau,0.5083255951299188,0.2757044673122564,9,-0.007595152
Acanthus,Cistus,10,5.5,6.526255984521817,6.913127992260908,4.707876795356545,7.710502393808727,5.463127992260908,High_Plateau,0.5333662795842644,0.5054822287369236,31,-0.001967526
Acanthus,Citrullus,10,5.5,2.6649168173744235,4.9824584086872115,3.549475045212327,6.165966727,3.532458408687212,High_Plateau,0.3667957587895665,0.1641192956238754,30,-0.001953959
Acanthus,Citrus,10,5.5,6.492769824862457,6.896384912431229,4.697830947458737,7.697107929944982,5.4463849124312285,High_Plateau,0.505715736,0.4500913443525374,31,-0.001518536
Acanthus,Cladanthus,10,5.5,2.240809978394082,4.770404989197041,3.4222429935182244,5.996323991357633,3.320404989197041,High_Plateau,0.6800588682048817,0.724818613,22,-0.001586575
Acanthus,Clematis,10,5.5,5.892265262169376,6.5961326310846875,4.517679578650813,7.456906105,5.146132631084688,High_Plateau,0.4883015840460595,0.4235345352727164,32,-0.001780124
Acanthus,Cleome,10,5.5,2.066472127192541,4.683236064,3.369941638157762,5.926588850877017,3.2332360635962707,High_Plateau,0.5166318865379697,0.4473000051915347,28,-0.00168801
Acanthus,Clinopodium,10,5.5,3.5612211325924954,5.430610566296248,3.8183663397777483,6.524488453036998,3.9806105662962477,High_Plateau,0.799729695,0.9067156642594272,15,-0.002034799
Acanthus,Clypeola,10,5.5,2.133575313619035,4.716787656809517,3.3900725940857104,5.953430125447614,3.2667876568095178,High_Plateau,0.6330032872831353,0.7459191506347989,36,-0.002302606
Acanthus,Colchicum,10,5.5,4.026111569326837,5.663055784663419,3.957833470798051,6.710444627730735,4.2130557846634185,High_Plateau,0.710830993,0.8686173657145395,32,-0.001900191
Acanthus,Coleostephus,10,5.5,1.9835617977350966,4.641780898867548,3.345068539320529,5.893424719094039,3.1917808988675485,High_Plateau,0.5556305931762375,0.4762814645405815,22,-0.003183583
Acanthus,Colutea,10,5.5,6.426405882726867,6.863202941363433,4.677921765,7.670562353090746,5.4132029413634335,High_Plateau,0.686740693,0.8696939858897643,38,-0.001610944
Acanthus,Conopodium,10,5.5,2.8379020956864847,5.0689510478432425,3.6013706287059453,6.235160838274594,3.6189510478432423,High_Plateau,0.731454525,0.8195640294837939,21,-0.002452975
Acanthus,Conringia,10,5.5,2.130368958179369,4.715184479089684,3.389110687453811,5.952147583271747,3.265184479089685,High_Plateau,0.6184049192933342,0.7414424662831458,39,-0.002615193
Acanthus,Convolvulus,10,5.5,3.8210180779100162,5.560509038955008,3.896305423373005,6.628407231164006,4.1105090389550085,High_Plateau,0.7995115085502963,0.8873067245340331,13,0.010636257
Acanthus,Coris,10,5.5,2.7583178285882965,5.029158914294149,3.577495348576489,6.203327131435318,3.5791589142941485,High_Plateau,0.7321315571069296,0.8129249023434526,20,-0.003582913
Acanthus,Coronilla,10,5.5,4.02381555,5.6619077750581805,3.957144665034908,6.709526220046545,4.211907775,High_Plateau,0.6962644326797902,0.8807138824232346,37,-0.002568921
Acanthus,Corrigiola,10,5.5,3.0026405631866204,5.151320281593311,3.650792168955986,6.301056225274648,3.7013202815933104,High_Plateau,0.7436194411678492,0.8437797627522411,21,-0.001882484
Acanthus,Corydalis,10,5.5,3.137675699355132,5.218837849677566,3.6913027098065396,6.355070279742053,3.768837849677566,High_Plateau,0.7242927757062182,0.8379107816144594,25,-0.001420672
Acanthus,Corynephorus,10,5.5,2.6432158714534655,4.971607935726732,3.5429647614360396,6.157286348581386,3.521607935726733,High_Plateau,0.4557135960827528,0.4981066127030435,49,-0.001890253
Acanthus,Cotoneaster,10,5.5,6.578955088736108,6.939477544368054,4.723686526620832,7.731582035494443,5.489477544368054,High_Plateau,0.4592275553423519,0.3982745292856742,36,-0.001836819
Acanthus,Cotula,10,5.5,2.880914989750916,5.090457494875458,3.6142744969252747,6.252365995900367,3.6404574948754584,High_Plateau,0.6926161145336316,0.8321122767013709,32,-0.001523526
Acanthus,Crambe,10,5.5,3.7901766638986527,5.5450883319493265,3.8870529991695957,6.616070665559461,4.095088331949326,High_Plateau,0.682767385,0.8616944924137117,38,-0.00134656
Acanthus,Crassula,10,5.5,2.8188769037466117,5.059438451873306,3.5956630711239836,6.2275507614986445,3.609438451873306,High_Plateau,0.5576876413256077,0.4967945295407756,24,-0.002986645
Acanthus,Crataegus,10,5.5,6.237296789101664,6.768648394550832,4.621189036730499,7.594918715640666,5.3186483945508325,High_Plateau,0.6619000826326755,0.7708815230915377,32,-0.002530077
Acanthus,Crepis,10,5.5,3.0143061635764514,5.157153081788225,3.6542918490729352,6.305722465430581,3.707153081788226,High_Plateau,0.5462104134167307,0.5148317182322629,29,-0.002465416
Acanthus,Crocus,10,5.5,4.032975101,5.666487550336915,3.959892530202149,6.713190040269533,4.216487550336915,High_Plateau,0.6893227650807977,0.8667863542830273,37,-0.002347956
Acanthus,Crotalaria,10,5.5,3.544458485795587,5.422229242897793,3.8133375457386762,6.517783394318235,3.972229242897794,High_Plateau,0.7454598093707582,0.9296796290058804,31,-0.002019229
Acanthus,Crucianella,10,5.5,2.693342991657057,4.9966714958285285,3.558002897497117,6.1773371966628225,3.5466714958285284,High_Plateau,0.7137523834873216,0.7513114493885361,17,-0.002595056
Acanthus,Crupina,10,5.5,1.9835617977350966,4.641780898867548,3.345068539320529,5.893424719094039,3.1917808988675485,High_Plateau,0.5145684529480736,0.4762814645405815,32,-0.002846081
Acanthus,Cucumis,10,5.5,2.0735494731889643,4.686774736594482,3.372064841956689,5.929419789275586,3.2367747365944823,High_Plateau,0.3699523021945403,0.1704323824338231,30,-0.001953959
Acanthus,Cucurbita,10,5.5,2.6893071300664078,4.994653565033204,3.5567921390199224,6.1757228520265635,3.544653565033204,High_Plateau,0.3881119008577552,0.1985664285992454,29,-0.002124093
Acanthus,Cullen,10,5.5,4.163159938443863,5.731579969221931,3.998947981533159,6.765263975377545,4.281579969221932,High_Plateau,0.7066961020252008,0.9097426872862692,38,-0.002300361
Acanthus,Cuphea,10,5.5,3.4620343715872934,5.381017185793647,3.788610311476188,6.4848137486349176,3.931017185793647,High_Plateau,0.5559022031723055,0.5177751763807904,27,-0.00245659
Acanthus,Cupressus,10,5.5,6.367336621766216,6.833668310883108,4.660200986529865,7.646934648706487,5.383668310883108,High_Plateau,0.3501124647300451,0.1306810522181987,30,-0.001595682
Acanthus,Cuscuta,10,5.5,2.638906302864467,4.9694531514322335,3.541671891,6.155562521145787,3.5194531514322334,High_Plateau,0.7815415287664405,0.8428830207391048,12,0.011959088
Acanthus,Cutandia,10,5.5,2.2364985610185237,4.768249280509262,3.420949568305557,5.994599424,3.318249280509262,High_Plateau,0.4523943472274752,0.4667469436903416,46,-0.001572068
Acanthus,Cyclamen,10,5.5,4.025365534,5.662682767005585,3.9576096602033513,6.710146213604468,4.212682767005585,High_Plateau,0.7519375468529317,0.8687799689492102,22,-0.002606568
Acanthus,Cymbalaria,10,5.5,3.9445360022548037,5.622268001127402,3.933360800676441,6.677814400901921,4.172268001127402,High_Plateau,0.7798515331934136,0.867162713,15,-0.003051656
Acanthus,Cymbopogon,10,5.5,3.8128649402722825,5.556432470136141,3.8938594820816848,6.625145976108913,4.106432470136141,High_Plateau,0.3916733838181419,0.3044051730375892,41,-0.002552301
Acanthus,Cynanchum,10,5.5,6.257110160187208,6.778555080093604,4.627133048056162,7.602844064074883,5.328555080093604,High_Plateau,0.7084917222506634,0.7736231711335262,21,-0.002376715
Acanthus,Cynara,10,5.5,3.708641293489128,5.504320646744564,3.862592388046738,6.583456517395652,4.054320646744564,High_Plateau,0.5540881703054598,0.5553174054050077,32,-0.002828612
Acanthus,Cynodon,10,5.5,4.053554610602514,5.676777305301258,3.9660663831807543,6.721421844241005,4.226777305301257,High_Plateau,0.5183873422378755,0.5987018714060659,46,-0.001416757
Acanthus,Cynoglossum,10,5.5,2.6703912148164295,4.985195607408214,3.551117364444929,6.168156485926572,3.535195607408215,High_Plateau,0.7699781132621577,0.8325083018130717,13,-0.010705582
Acanthus,Cynosurus,10,5.5,2.579093319596126,4.939546659798063,3.5237279958788377,6.131637328,3.489546659798063,High_Plateau,0.5135600706445631,0.5727886847194776,44,-0.00231532
Acanthus,Cyperus,10,5.5,3.3611063622448234,5.330553181122411,3.758331908673447,6.444442545,3.880553181122412,High_Plateau,0.4572184899311027,0.4272191986550639,40,-0.002267258
Acanthus,Cypripedium,10,5.5,4.274709764191189,5.7873548820955945,4.032412929257356,6.809883905676475,4.337354882095594,High_Plateau,0.6744525615244543,0.7796633564347024,30,-0.003106235
Acanthus,Cytinus,10,5.5,4.166806136459381,5.733403068,4.000041840937814,6.7667224545837525,4.283403068,High_Plateau,0.5340530871066032,0.4825072698790842,28,-0.003512328
Acanthus,Cytisus,10,5.5,6.459471613040045,6.8797358065200225,4.687841483912013,7.683788645216018,5.429735806520023,High_Plateau,0.7133206316944387,0.8735816428877144,32,-0.001825185
Acanthus,Dactylis,10,5.5,4.063843737720884,5.681921868860442,3.969153121316265,6.7255374950883535,4.231921868860442,High_Plateau,0.5574673972430392,0.6525133142174492,43,-0.002961092
Acanthus,Dactylorhiza,10,5.5,4.035219421423095,5.667609710711547,3.9605658264269286,6.714087768569238,4.217609710711548,High_Plateau,0.6886387274035949,0.8735119452334067,38,-0.001720397
Acanthus,Daphne,10,5.5,6.593477224690043,6.946738612345021,4.728043167407012,7.737390889876018,5.4967386123450215,High_Plateau,0.6821228102504849,0.7782373305396314,28,-0.0014654
Acanthus,Dasypyrum,10,5.5,3.1782340801955695,5.239117040097785,3.7034702240586705,6.371293632078228,3.7891170400977847,High_Plateau,0.3335802105150407,0.2129012952897457,44,-0.002676974
Acanthus,Datura,10,5.5,2.3914617542113628,4.845730877105681,3.467438526263409,6.056584701684545,3.3957308771056818,High_Plateau,0.7562515175042187,0.8280678813161618,16,-0.002481766
Acanthus,Daucus,10,5.5,2.0849186074632193,4.692459304,3.3754755822389657,5.933967442985288,3.242459304,High_Plateau,0.6637414310225713,0.7826500219075366,33,-0.001863197
Acanthus,Delphinium,10,5.5,3.591068707936699,5.445534353968349,3.8273206123810097,6.536427483,3.995534354,High_Plateau,0.7423356103589936,0.9068873167888948,29,-0.001491439
Acanthus,Dianthus,10,5.5,3.6891387969210983,5.494569398460549,3.856741639076329,6.575655518768439,4.044569398460549,High_Plateau,0.7094075496965279,0.8410457766265468,29,-0.001564345
Acanthus,Dichanthium,10,5.5,3.8128649402722825,5.556432470136141,3.8938594820816848,6.625145976108913,4.106432470136141,High_Plateau,0.3794401673886861,0.3044051730375892,44,-0.001596794
Acanthus,Digitalis,10,5.5,3.4996090415994763,5.399804520799738,3.799882712479843,6.499843617,3.9498045207997383,High_Plateau,0.7737128373468253,0.8552749850025835,15,-0.004999976
Acanthus,Digitaria,10,5.5,2.617253819,4.958626909,3.535176145695842,6.146901527594456,3.508626909,High_Plateau,0.538223302,0.605667711,42,-0.002269918
Acanthus,Dioscorea,10,5.5,3.956606752460568,5.628303376230284,3.9369820257381702,6.6826427009842275,4.178303376230284,High_Plateau,0.7365292010861221,0.8706036453690363,26,-0.001424846
Acanthus,Diospyros,10,5.5,6.249480839576813,6.774740419788406,4.624844251873044,7.599792335830726,5.324740419788407,High_Plateau,0.6116752559171068,0.5550429162265915,18,-0.000927775
Acanthus,Dipcadi,10,5.5,3.8717381485182365,5.585869074259119,3.911521444555471,6.648695259407295,4.135869074259118,High_Plateau,0.5581112038776421,0.5963433588922388,36,-0.003344482
Acanthus,Diplotaxis,10,5.5,2.806816182496738,5.053408091248369,3.5920448547490214,6.222726472998695,3.6034080912483692,High_Plateau,0.6521551766238218,0.784136466,36,-0.001870291
Acanthus,Dipsacus,10,5.5,2.136687079396968,4.718343539698484,3.3910061238190905,5.954674831758787,3.268343539698484,High_Plateau,0.7123898895181502,0.7896175059478836,22,-0.002270826
Acanthus,Dittrichia,10,5.5,3.702096999418857,5.501048499709428,3.8606290998256574,6.580838799767543,4.051048499709429,High_Plateau,0.6790076026429057,0.7966602441159079,31,-0.001444372
Acanthus,Dodonaea,10,5.5,6.166758841906048,6.733379420953024,4.600027652571814,7.566703537,5.283379420953024,High_Plateau,0.4954167110289069,0.4132255031981875,29,-0.002371365
Acanthus,Doronicum,10,5.5,3.9052392998251055,5.602619649912553,3.9215717899475315,6.662095719930043,4.152619649912553,High_Plateau,0.7294800674375446,0.87330695,28,-0.003240926
Acanthus,Draba,10,5.5,3.5153857571166967,5.407692878558349,3.804615727135009,6.506154302846679,3.9576928785583485,High_Plateau,0.5050894372572813,0.5393067600903217,42,-0.001803811
Acanthus,Dryopteris,10,5.5,4.120472564002029,5.710236282001015,3.986141769200609,6.748189025600812,4.260236282001015,High_Plateau,0.3539314276345315,0.2041507341622667,38,-0.00198734
Acanthus,Dysphania,10,5.5,2.2986231631399283,4.799311581569964,3.4395869489419786,6.019449265255972,3.3493115815699643,High_Plateau,0.5621389390844235,0.5136986112440408,25,-0.001898186
Acanthus,Ebenus,10,5.5,5.205476882,6.252738441,4.311643064562686,7.182190752750248,4.802738441,High_Plateau,0.7009339677245625,0.8980964353300377,38,-0.001690445
Acanthus,Echinochloa,10,5.5,2.1486901864007795,4.724345093200389,3.394607055920234,5.959476074560312,3.274345093,High_Plateau,0.537235052,0.6119044644801227,43,-0.002240292
Acanthus,Echinophora,10,5.5,3.9988708429674507,5.649435421483725,3.949661252890235,6.699548337186981,4.1994354214837255,High_Plateau,0.7607455251300729,0.8783636988469727,21,-0.003541325
Acanthus,Echinops,10,5.5,3.7101036354135077,5.505051817706754,3.8630310906240526,6.584041454165403,4.0550518177067545,High_Plateau,0.7269100023471267,0.8679596584678777,28,-0.002205118
Acanthus,Echium,10,5.5,2.5289613703911358,4.914480685195568,3.508688411117341,6.111584548156454,3.464480685195568,High_Plateau,0.731448735,0.7859943934607135,17,0.000953735
Acanthus,Elaeagnus,10,5.5,6.219000295934529,6.759500147967264,4.6157000887803585,7.587600118373812,5.309500147967265,High_Plateau,0.5002370401998721,0.4230550043432265,29,-0.003315579
Acanthus,Elatine,10,5.5,2.3288808661455094,4.814440433072755,3.4486642598436528,6.031552346458204,3.3644404330727546,High_Plateau,0.6900738646879543,0.8107485448897372,30,-0.002319146
Acanthus,Eleocharis,10,5.5,3.7224193761545536,5.511209688077277,3.866725812846366,6.588967750461822,4.061209688077277,High_Plateau,0.4913774996640813,0.4872396583321712,39,-0.00187535
Acanthus,Eleusine,10,5.5,3.0272577673710996,5.163628884,3.6581773302113296,6.310903107,3.713628884,High_Plateau,0.488230145,0.5302436729941271,45,-0.001793625
Acanthus,Elymus,10,5.5,4.204443082379597,5.752221541189798,4.011332924713879,6.781777232951839,4.302221541189798,High_Plateau,0.5170327714512404,0.5552169505072236,41,-0.003017312
Acanthus,Enarthrocarpus,10,5.5,2.133575313619035,4.716787656809517,3.3900725940857104,5.953430125447614,3.2667876568095178,High_Plateau,0.5919627562140563,0.7459191506347989,46,-0.001749013
Acanthus,Enneapogon,10,5.5,3.7804839823145695,5.540241991157284,3.884145194694371,6.612193592925828,4.090241991157285,High_Plateau,0.5301513906446412,0.5732068994332274,40,-0.002876755
Acanthus,Ephedra,10,5.5,6.385394693462395,6.842697346731198,4.665618408038719,7.654157877384958,5.392697346731198,High_Plateau,0.3622207913397973,0.1142674758925653,25,-0.003923987
Acanthus,Epilobium,10,5.5,3.790609773,5.545304886519535,3.8871829319117213,6.616243909215628,4.095304886519536,High_Plateau,0.5620555311203295,0.5383820129729852,28,-0.002861603
Acanthus,Epimedium,10,5.5,3.7184213824446113,5.509210691222306,3.8655264147333837,6.5873685529778445,4.059210691222306,High_Plateau,0.7320621158436731,0.8617429095917679,26,-0.00179202
Acanthus,Epipactis,10,5.5,4.121713755214176,5.710856877607088,3.986514126564253,6.748685502085671,4.260856877607088,High_Plateau,0.6928127778171984,0.8407550735738432,33,-0.001674987
Acanthus,Equisetum,10,5.5,4.218678327088539,5.7593391635442694,4.015603498126562,6.787471330835416,4.309339163544269,High_Plateau,0.5334143432470562,0.4730437662246555,27,-0.003678138
Acanthus,Eragrostis,10,5.5,3.011924162677612,5.155962081338806,3.6535772488032836,6.304769665071045,3.7059620813388063,High_Plateau,0.4111955775405263,0.2941253419509785,35,-0.002506551
Acanthus,Eremopyrum,10,5.5,2.246134406951926,4.7730672034759625,3.423840322085578,5.998453762780771,3.323067203475963,High_Plateau,0.4591619968339535,0.4639020378641681,44,-0.001862824
Acanthus,Erica,10,5.5,6.251494773874122,6.775747386937061,4.625448432162237,7.6005979095496485,5.325747386937062,High_Plateau,0.5216859568849026,0.4329503380930773,25,-0.002686642
Acanthus,Erigeron,10,5.5,3.6541572888024403,5.477078644,3.846247186640732,6.5616629155209765,4.027078644,High_Plateau,0.5804290978224214,0.5915395003258905,30,-0.002721592
Acanthus,Erodium,10,5.5,2.9703563574635474,5.135178178731774,3.641106907239064,6.288142542985419,3.685178178731774,High_Plateau,0.7269820402987167,0.8351091299226404,24,-0.001615658
Acanthus,Erucastrum,10,5.5,3.391498952829116,5.345749476414558,3.7674496858487347,6.456599581131647,3.895749476414558,High_Plateau,0.6427642415088549,0.8475221212243963,46,-0.001749013
Acanthus,Eryngium,10,5.5,3.3143351730574775,5.307167586528738,3.7443005519172434,6.425734069222991,3.857167586528739,High_Plateau,0.5690196479060017,0.5191416221359892,24,-0.001402043
Acanthus,Erysimum,10,5.5,2.9728596178337456,5.136429808916873,3.641857885350124,6.289143847133499,3.686429808916873,High_Plateau,0.6563535169351309,0.8007654189444366,37,-0.001935761
Acanthus,Eschscholzia,10,5.5,2.2734305657669025,4.786715282883451,3.432029169730071,6.009372226306761,3.3367152828834516,High_Plateau,0.7084524706483636,0.7981387464098169,24,-0.002059437
Acanthus,Eucalyptus,10,5.5,6.348874380604274,6.824437190302136,4.654662314181282,7.6395497522417095,5.374437190302137,High_Plateau,0.514055201,0.4590050664962803,30,-0.003788393
Acanthus,Eugenia,10,5.5,6.274854595445224,6.787427297722612,4.632456378633567,7.609941838,5.337427297722613,High_Plateau,0.5173075768481139,0.4815427037539567,32,-0.001761038
Acanthus,Euonymus,10,5.5,6.460467198332385,6.880233599166193,4.688140159499715,7.6841868793329535,5.4302335991661925,High_Plateau,0.7125257488343519,0.8063325192457722,24,-0.002295519
Acanthus,Eupatorium,10,5.5,3.995530117840051,5.647765058920026,3.9486590353520152,6.698212047136021,4.197765058920026,High_Plateau,0.6858486915795499,0.8679263039021382,38,-0.001692549
Acanthus,Euphorbia,10,5.5,3.3848204936952455,5.3424102468476224,3.7654461481085737,6.453928197478098,3.892410246847623,High_Plateau,0.5436266611197722,0.5507356353020069,34,-0.002343072
Acanthus,Fallopia,10,5.5,3.5695890564081787,5.4347945282040895,3.8208767169224536,6.527835622563272,3.9847945282040893,High_Plateau,0.5408640457775145,0.4957174035069863,28,-0.001453409
Acanthus,Ferula,10,5.5,4.031942476541959,5.665971238270979,3.9595827429625876,6.712776990616783,4.2159712382709795,High_Plateau,0.5604125297181312,0.5515931903198643,30,-0.003155723
Acanthus,Ferulago,10,5.5,3.9988708429674507,5.649435421483725,3.949661252890235,6.699548337186981,4.1994354214837255,High_Plateau,0.7608327031620432,0.8783636988469727,21,-0.002669545
Acanthus,Festuca,10,5.5,4.163953938283909,5.731976969141954,3.9991861814851726,6.765581575313563,4.2819769691419545,High_Plateau,0.5238644475353691,0.5687903328644988,41,-0.002567463
Acanthus,Fibigia,10,5.5,4.017891417,5.6589457086561445,3.9553674251936872,6.707156566924916,4.208945708656145,High_Plateau,0.5266198116258984,0.5494459583828777,38,-0.001579621
Acanthus,Filago,10,5.5,2.094767025942616,4.697383512971308,3.3784301077827847,5.937906810377047,3.2473835129713082,High_Plateau,0.6545665422794752,0.7808184603438568,35,-0.002262495
Acanthus,Fimbristylis,10,5.5,3.0513264081374367,5.1756632040687185,3.665397922441231,6.320530563254975,3.7256632040687183,High_Plateau,0.3211428439575781,0.1549174728017645,40,-0.001515089
Acanthus,Foeniculum,10,5.5,3.153891750596978,5.2269458752984885,3.6961675251790935,6.361556700238792,3.7769458752984892,High_Plateau,0.6840641505094713,0.798571312,30,-0.001530125
Acanthus,Fragaria,10,5.5,3.989124792,5.644562396,3.946737437749604,6.695649916999472,4.194562396,High_Plateau,0.6980506773589275,0.8430346212290034,32,-0.00178962
Acanthus,Frankenia,10,5.5,5.618066545284636,6.459033272642317,4.435419963585391,7.347226618113854,5.009033272642318,High_Plateau,0.5542224117847454,0.457043579,20,-0.003267748
Acanthus,Fraxinus,10,5.5,6.173716184896336,6.736858092448168,4.602114855468901,7.569486473958534,5.286858092448169,High_Plateau,0.5661626844018782,0.4153467396591271,12,-0.00414795
Acanthus,Fritillaria,10,5.5,4.579108216264212,5.939554108132105,4.1237324648792635,6.931643286505684,4.489554108132106,High_Plateau,0.5628488083705699,0.5891760104916236,34,-0.002323476
Acanthus,Fumana,10,5.5,6.531220711863025,6.915610355931513,4.709366213558908,7.712488285,5.465610355931513,High_Plateau,0.6984473278556936,0.8112595405718026,28,-0.003331274
Acanthus,Fumaria,10,5.5,2.064303399627626,4.682151699813813,3.369291019888288,5.9257213598510505,3.232151699813813,High_Plateau,0.7337319480494412,0.8567891263009053,25,-0.001420672
Acanthus,Gagea,10,5.5,4.14693954,5.72346977,3.994081862133302,6.758775816177736,4.27346977,High_Plateau,0.681088277,0.825595408,34,-0.002025777
Acanthus,Galactites,10,5.5,1.9835617977350966,4.641780898867548,3.345068539320529,5.893424719094039,3.1917808988675485,High_Plateau,0.5557746866834805,0.4762814645405815,22,-0.001742648
Acanthus,Galega,10,5.5,3.999977467546744,5.649988733773371,3.949993240264023,6.6999909870186976,4.199988733773372,High_Plateau,0.7072435508636186,0.9110203376972432,38,-0.003214125
Acanthus,Galinsoga,10,5.5,1.9649919207542614,4.632495960377131,3.3394975762262784,5.8859967683017045,3.182495960377131,High_Plateau,0.6641324420327805,0.7999247617502518,35,-0.002135005
Acanthus,Galium,10,5.5,3.5518502379727006,5.425925119,3.815555071,6.520740095189081,3.9759251189863507,High_Plateau,0.7672848775370062,0.8498480796851724,16,-0.001049157
Acanthus,Gastridium,10,5.5,2.297481259575165,4.7987406297875825,3.4392443778725497,6.0189925038300665,3.3487406297875824,High_Plateau,0.4125916871919393,0.4364778259116494,52,-0.001677737
Acanthus,Gaudinia,10,5.5,3.1318362506115744,5.215918125305787,3.689550875183472,6.3527345,3.765918125305787,High_Plateau,0.4722183682534069,0.5392549887708511,50,-0.001488522
Acanthus,Gazania,10,5.5,4.418003268040139,5.8590016340200695,4.0754009804120415,6.867201307216056,4.409001634,High_Plateau,0.374811652,0.1554676838876736,27,-0.001824644
Acanthus,Genista,10,5.5,6.462210600450843,6.881105300225421,4.6886631801352525,7.684884240180337,5.431105300225422,High_Plateau,0.7093918476512544,0.8738592602339059,33,-0.001405222
Acanthus,Gentianopsis,10,5.5,2.5480275322130908,4.924013766106546,3.5144082596639272,6.119211012885236,3.4740137661065456,High_Plateau,0.7373949146897851,0.7902762844451552,16,-0.00208981
Acanthus,Geranium,10,5.5,3.197329970758991,5.248664985379495,3.709198991227697,6.378931988303597,3.798664985379496,High_Plateau,0.566930235,0.5150055186373871,24,-0.001615658
Acanthus,Geum,10,5.5,3.9913361065256403,5.6456680532628205,3.947400831957692,6.696534442610256,4.195668053,High_Plateau,0.7250973643557102,0.8806110792337617,30,-0.001396821
Acanthus,Gladiolus,10,5.5,3.968275385028677,5.634137692514338,3.940482615508603,6.687310154011471,4.184137692514339,High_Plateau,0.7051740274910108,0.8657828982286204,33,-0.003201613
Acanthus,Glaucium,10,5.5,2.6256368242853614,4.962818412,3.5376910472856085,6.1502547297141446,3.512818412142681,High_Plateau,0.7160088425377128,0.8133313174598957,24,-0.002458573
Acanthus,Glinus,10,5.5,2.077376711413853,4.688688355706926,3.373213013424156,5.930950684565541,3.238688355706927,High_Plateau,0.4022636152594946,0.1692081475697198,22,-0.001486777
Acanthus,Globularia,10,5.5,4.959846094820355,6.129923047410177,4.2379538284461065,7.083938437928142,4.679923047410178,High_Plateau,0.7763209239430356,0.8438627046695503,13,-0.004049489
Acanthus,Glyceria,10,5.5,4.100994244267156,5.700497122133578,3.9802982732801464,6.740397697706863,4.250497122133578,High_Plateau,0.5625633745654739,0.6049342423922739,36,-0.001777192
Acanthus,Glycine,10,5.5,4.0393714552332085,5.669685727616605,3.9618114365699624,6.715748582093283,4.219685727616604,High_Plateau,0.5796636483877536,0.6476038697319306,37,-0.0030267
Acanthus,Gomphocarpus,10,5.5,6.257110160187208,6.778555080093604,4.627133048056162,7.602844064074883,5.328555080093604,High_Plateau,0.7003706254761766,0.7736231711335262,23,-0.001395902
Acanthus,Gypsophila,10,5.5,3.2070989534673293,5.253549476733665,3.712129686040199,6.382839581386932,3.803549476733665,High_Plateau,0.7148082769120652,0.8273792770728399,26,-0.002512246
Acanthus,Halimione,10,5.5,4.963339320350267,6.131669660175133,4.239001796,7.085335728140107,4.6816696601751335,High_Plateau,0.4232988320309301,0.2031641824758043,21,-0.002010674
Acanthus,Halimium,10,5.5,6.287029607472267,6.793514803736134,4.636108882,7.614811842988907,5.3435148037361335,High_Plateau,0.5059762044204505,0.4588859332276803,32,-0.00179091
Acanthus,Halopeplis,10,5.5,2.0845950514990896,4.692297525749545,3.375378515449727,5.9338380205996355,3.242297525749545,High_Plateau,0.3904564650281406,0.1786334929696691,26,-0.002301445
Acanthus,Haplophyllum,10,5.5,3.8745000869933564,5.587250043496678,3.912350026098007,6.649800034797343,4.137250043496678,High_Plateau,0.560744176,0.5601482227223915,31,-0.001518536
Acanthus,Hedera,10,5.5,6.534317488496287,6.917158744248143,4.710295246548886,7.713726995398515,5.4671587442481435,High_Plateau,0.7141321422403244,0.8013935271370688,23,-0.002632515
Acanthus,Hedypnois,10,5.5,2.1826331767702416,4.7413165883851205,3.4047899530310723,5.973053270708097,3.291316588385121,High_Plateau,0.6333270179808652,0.7299652699478283,34,-0.001487677
Acanthus,Hedysarum,10,5.5,3.502903445263727,5.4014517226318635,3.800871033579118,6.5011613781054916,3.9514517226318637,High_Plateau,0.7021855636328043,0.9005996271465213,38,-0.001690445
Acanthus,Helianthemum,10,5.5,5.5180985245089635,6.409049262254482,4.405429557352689,7.307239409803586,4.9590492622544815,High_Plateau,0.6965844715815208,0.8156676230826535,29,-0.002904359
Acanthus,Helianthus,10,5.5,3.423247771016178,5.361623885508089,3.7769743313048534,6.469299108406471,3.911623885508089,High_Plateau,0.6788291604979666,0.8539167732423817,38,-0.001840206
Acanthus,Helichrysum,10,5.5,3.667572908718284,5.483786454359142,3.850271872615485,6.567029163487314,4.033786454359142,High_Plateau,0.7398128204866091,0.8691029179984675,25,-0.002180906
Acanthus,Helictotrichon,10,5.5,4.202987092880403,5.7514935464402015,4.010896127864121,6.781194837152162,4.301493546440202,High_Plateau,0.5073272964090016,0.5522800411801785,43,-0.003195735
Acanthus,Heliotropium,10,5.5,2.645332043589809,4.972666021794904,3.5435996130769425,6.158132817435924,3.5226660217949046,High_Plateau,0.7601656600562855,0.827097593,15,0.000415213
Acanthus,Heracleum,10,5.5,3.569841596542717,5.434920798271358,3.8209524789628153,6.527936638617087,3.9849207982713586,High_Plateau,0.6955072766100806,0.8461647230264081,33,-0.001778246
Acanthus,Herniaria,10,5.5,2.8695435145766903,5.084771757288345,3.610863054373007,6.247817405830676,3.6347717572883456,High_Plateau,0.7282641720449129,0.8132098990445716,21,-0.002585857
Acanthus,Hibiscus,10,5.5,4.6022513062227715,5.951125653111386,4.1306753918668315,6.940900522489109,4.5011256531113855,High_Plateau,0.6818478803128165,0.8190295002428469,33,-0.002696095
Acanthus,Hippocrepis,10,5.5,4.8013164178543235,6.050658208927162,4.190394925356297,7.020526567141729,4.600658208927162,High_Plateau,0.7021518545361812,0.8759640947796012,35,-0.002137545
Acanthus,Hohenackeria,10,5.5,2.1925447441339836,4.746272372066992,3.407763423240195,5.977017897653594,3.296272372066992,High_Plateau,0.6920985353520085,0.7406246566605048,21,-0.001316012
Acanthus,Holcus,10,5.5,3.7323329915594092,5.5161664957797045,3.8696998974678225,6.592933196623764,4.066166495779704,High_Plateau,0.5307084099176913,0.6152098231190619,45,-0.001841729
Acanthus,Hordeum,10,5.5,2.906834497027378,5.103417248513689,3.622050349108213,6.2627337988109515,3.653417248513689,High_Plateau,0.4805687192538374,0.4821733343409148,41,-0.002439753
Acanthus,Hornungia,10,5.5,2.1270349936429103,4.713517496821455,3.388110498092873,5.950813997457164,3.2635174968214553,High_Plateau,0.660327047,0.7429287443913146,29,-0.001784212
Acanthus,Humulus,10,5.5,3.7925254146216205,5.546262707,3.887757624386486,6.617010165848648,4.096262707,High_Plateau,0.5834331469445999,0.5973062950083651,30,-0.001515074
Acanthus,Hyacinthoides,10,5.5,4.189025625358423,5.744512812679211,4.006707687607527,6.7756102501433695,4.294512812679212,High_Plateau,0.6686456810608999,0.8253562830888108,37,-0.00196844
Acanthus,Hydrocotyle,10,5.5,3.4930386377576124,5.396519318878806,3.7979115913272836,6.497215455103046,3.9465193188788064,High_Plateau,0.7566146282323435,0.8533801519562245,19,-0.00212434
Acanthus,Hyoscyamus,10,5.5,2.414839384053115,4.857419692026557,3.4744518152159345,6.065935753621246,3.407419692026558,High_Plateau,0.7730078760126277,0.8617692486791755,16,-0.003425018
Acanthus,Hyoseris,10,5.5,3.4738978452407543,5.386948922620377,3.792169353572226,6.489559138096302,3.9369489226203775,High_Plateau,0.5144629729416018,0.48407552,33,-0.001775268
Acanthus,Hypecoum,10,5.5,1.9799890837954033,4.6399945418977016,3.343996725138621,5.891995633518162,3.189994541897702,High_Plateau,0.5504187940302692,0.4737982546990881,23,-0.001789635
Acanthus,Hypericum,10,5.5,4.329230468309731,5.814615234154866,4.04876914,6.831692187323893,4.364615234154866,High_Plateau,0.5791138097765925,0.57230062,28,-0.001871849
Acanthus,Hypochaeris,10,5.5,3.744011171653965,5.5220055858269825,3.8732033514961897,6.5976044686615865,4.072005585826982,High_Plateau,0.7007999874208349,0.8486715331856606,32,-0.002481079
Acanthus,Hypolepis,10,5.5,4.083605988221293,5.691802994110646,3.975081796466388,6.733442395288517,4.241802994110646,High_Plateau,0.3841762164483636,0.2481165342556921,36,-0.001560233
Acanthus,Iberis,10,5.5,2.966492249764707,5.133246124882353,3.639947674929412,6.2865968999058826,3.683246124882354,High_Plateau,0.661175428,0.7939352071600748,35,-0.001757373
Acanthus,Ilex,10,5.5,6.271863868109621,6.785931934,4.631559160432886,7.608745547243849,5.335931934054811,High_Plateau,0.5689465773523574,0.4363516417711457,14,0.00085825
Acanthus,Indigofera,10,5.5,5.878544201223134,6.589272100611566,4.51356326,7.451417680489254,5.139272100611567,High_Plateau,0.652750049,0.7526857626926302,32,-0.003051612
Acanthus,Inula,10,5.5,3.927829040204032,5.613914520102016,3.9283487120612097,6.671131616081613,4.163914520102017,High_Plateau,0.7254832899420897,0.8732459920152507,29,-0.00180802
Acanthus,Ionopsidium,10,5.5,2.1494428425662613,4.724721421283131,3.3948328527698783,5.959777137026505,3.2747214212831306,High_Plateau,0.6635201463194693,0.7492140286593993,29,-0.001279639
Acanthus,Ipomoea,10,5.5,3.260581603178568,5.280290801589284,3.7281744809535704,6.404232641271427,3.8302908015892845,High_Plateau,0.6281917274295851,0.5652958739276833,15,-0.01031552
Acanthus,Iris,10,5.5,3.8853114810722564,5.592655740536128,3.9155934443216767,6.654124592428903,4.142655740536128,High_Plateau,0.6981654607567082,0.8433075375320019,32,-0.002006368
Acanthus,Isatis,10,5.5,2.508524594565782,4.904262297282891,3.5025573783697346,6.103409837826312,3.454262297282891,High_Plateau,0.6394490796459322,0.7670508925377498,37,-0.002407502
Acanthus,Isoetes,10,5.5,4.040965841978918,5.670482920989459,3.9622897525936756,6.716386336791567,4.220482920989459,High_Plateau,0.5876263602064675,0.5896288035723747,28,-0.003387265
Acanthus,Isolepis,10,5.5,3.3159775398248454,5.307988769912423,3.7447932619474535,6.426391015929939,3.857988769912423,High_Plateau,0.4728512766608019,0.4503748873198936,39,-0.002813725
Acanthus,Jasione,10,5.5,2.9692660588398487,5.134633029419924,3.6407798176519544,6.287706424,3.6846330294199245,High_Plateau,0.7200008560815077,0.8213133840583078,24,-0.00244877
Acanthus,Jasminum,10,5.5,6.513390422334855,6.906695211167428,4.704017126700457,7.7053561689339425,5.456695211167428,High_Plateau,0.5939667363608487,0.4617112827816896,9,-0.081217817
Acanthus,Jatropha,10,5.5,5.083085362198428,6.1915426810992145,4.274925608659529,7.1332341448793715,4.741542681099214,High_Plateau,0.5349790883111918,0.5333684454243702,34,-0.001982851
Acanthus,Juglans,10,5.5,6.187020467430709,6.743510233715354,4.606106140229213,7.574808186972284,5.293510233715354,High_Plateau,0.4923162454885247,0.4150622200223048,30,-0.001463714
Acanthus,Juncus,10,5.5,3.7984906776151273,5.549245338807563,3.889547203284538,6.619396271046051,4.099245338807564,High_Plateau,0.5183000580838892,0.4670886791353668,30,-0.001757883
Acanthus,Juniperus,10,5.5,6.377235602143864,6.838617801071932,4.663170680643159,7.650894240857546,5.388617801071932,High_Plateau,0.4777096700910028,0.3858754629401141,30,-0.001595682
Acanthus,Jurinea,10,5.5,3.6996562292170774,5.499828114608539,3.859896868765123,6.579862491686831,4.049828114608539,High_Plateau,0.7207674413299046,0.8475422551846117,27,-0.002639602
Acanthus,Kalanchoe,10,5.5,3.8717381485182365,5.585869074259119,3.911521444555471,6.648695259407295,4.135869074259118,High_Plateau,0.6074980157479184,0.5963433588922388,24,-0.002627048
Acanthus,Kickxia,10,5.5,2.6806210195777234,4.990310509788862,3.554186305873317,6.1722484078310895,3.5403105097888616,High_Plateau,0.7384298940980472,0.7759534983490934,14,-0.002317866
Acanthus,Knautia,10,5.5,3.761186238109265,5.5305931190546325,3.8783558714327793,6.604474495243706,4.080593119054633,High_Plateau,0.7496210942455979,0.8558916548717329,21,-0.002425414
Acanthus,Koeleria,10,5.5,4.049487197,5.674743599,3.964846159190654,6.719794878920872,4.224743599,High_Plateau,0.4888831377180844,0.5725845277002061,50,-0.001488522
Acanthus,Lactuca,10,5.5,2.4810958005382853,4.8905479002691425,3.4943287401614853,6.092438320215314,3.440547900269143,High_Plateau,0.7057773775335918,0.8093847616857346,26,-0.002848663
Acanthus,Lamium,10,5.5,2.7503695615065538,5.025184780753277,3.575110868451966,6.200147824602622,3.5751847807532773,High_Plateau,0.7668730479227691,0.8332181322350336,14,-0.004209497
Acanthus,Lappula,10,5.5,2.1666176859490673,4.733308842974534,3.3999853057847202,5.966647074379627,3.2833088429745336,High_Plateau,0.7143587266440707,0.7439941859928981,16,-0.001041198
Acanthus,Lapsana,10,5.5,2.7962708094035906,5.048135404701795,3.5888812428210772,6.218508323761436,3.5981354047017957,High_Plateau,0.6593010899299256,0.7655114082207202,32,-0.001669429
Acanthus,Laserpitium,10,5.5,3.592010647,5.446005324,3.827603194234778,6.536804258979704,3.9960053237246305,High_Plateau,0.7050554040341246,0.8489314451106241,31,-0.002322363
Acanthus,Lathyrus,10,5.5,3.294865814252975,5.297432907126487,3.7384597442758922,6.417946326,3.8474329071264877,High_Plateau,0.6849111389013319,0.890685305,41,-0.001575411
Acanthus,Launaea,10,5.5,4.924606294321573,6.1123031471607865,4.227381888296472,7.069842517728629,4.662303147160786,High_Plateau,0.5219457759786099,0.5072027859433177,34,-0.001487677
Acanthus,Laurus,10,5.5,6.630490865193932,6.965245432596966,4.739147259558179,7.752196346077573,5.515245432596966,High_Plateau,0.51405419,0.4092265145452906,24,-0.001481083
Acanthus,Lavandula,10,5.5,6.505594562953044,6.902797281476522,4.701678368885913,7.702237825181218,5.452797281476522,High_Plateau,0.7765403638890862,0.8122823664824924,7,-0.090528741
Acanthus,Leersia,10,5.5,3.7590528788650106,5.529526439432505,3.8777158636595033,6.603621151546005,4.079526439432506,High_Plateau,0.5930878078946714,0.6577014306821735,35,-0.001464691
Acanthus,Legousia,10,5.5,2.2406128713614626,4.770306435680731,3.4221838614084388,5.996245148544585,3.3203064356807315,High_Plateau,0.6668724651201369,0.7396034361538629,27,-0.001895269
Acanthus,Lemna,10,5.5,3.9962258980943672,5.648112949047183,3.9488677694283103,6.698490359237747,4.198112949047184,High_Plateau,0.7106583146582197,0.8435869814728476,29,-0.00176272
Acanthus,Leontodon,10,5.5,3.622673932214678,5.461336966107339,3.8368021796644034,6.549069572885871,4.011336966107339,High_Plateau,0.6998437947343228,0.8629988234547435,34,-0.001487677
Acanthus,Lepidium,10,5.5,2.9987251759538953,5.149362587976947,3.6496175527861685,6.299490070381558,3.699362587976948,High_Plateau,0.6902907408849733,0.8192915055083491,31,-0.001769297
Acanthus,Leucanthemum,10,5.5,3.7220507398202636,5.511025369910132,3.8666152219460788,6.588820295928105,4.061025369910132,High_Plateau,0.6741973340851497,0.8199884306011846,35,-0.001804429
Acanthus,Leuzea,10,5.5,2.7486945790918957,5.024347289545948,3.5746083737275685,6.1994778316367585,3.574347289545948,High_Plateau,0.7237700553714173,0.81226628,22,-0.001713039
Acanthus,Ligusticum,10,5.5,4.049516251535615,5.6747581257678075,3.9648548754606843,6.719806500614246,4.224758125767808,High_Plateau,0.7218475853453293,0.8414906114750841,26,-0.002675834
Acanthus,Ligustrum,10,5.5,6.498617366134647,6.899308683067323,4.699585209840394,7.699446946453859,5.449308683067324,High_Plateau,0.754835092,0.7996595840783823,13,0.002107795
Acanthus,Lilium,10,5.5,4.352360685011311,5.826180342505655,4.055708205503393,6.840944274004524,4.376180342505656,High_Plateau,0.6390308053482593,0.7415400044470023,34,-0.002323476
Acanthus,Limonium,10,5.5,4.070223769935555,5.685111884967777,3.9710671309806664,6.728089507974222,4.235111884967777,High_Plateau,0.7460216804488948,0.8567317372820892,22,-0.001524074
Acanthus,Linaria,10,5.5,2.8804371331855494,5.090218566592775,3.614131139955665,6.252174853274219,3.640218566592775,High_Plateau,0.7682670594358011,0.8440596296430133,15,-0.003380979
Acanthus,Linum,10,5.5,3.197554999266759,5.2487775,3.7092664997800275,6.379021999706704,3.7987774996333794,High_Plateau,0.7022025839214415,0.810251082,27,-0.001832309
Acanthus,Lithodora,10,5.5,6.271718533606228,6.785859266803114,4.631515560081868,7.6086874134424916,5.335859266803114,High_Plateau,0.7349123685242355,0.7771085944680837,15,-0.002172712
Acanthus,Lobularia,10,5.5,3.0658387,5.182919349994565,3.669751609996739,6.326335479995652,3.732919349994565,High_Plateau,0.626937451,0.7994018034663236,44,-0.001607113
Acanthus,Loeflingia,10,5.5,2.1703549365686197,4.735177468284309,3.401106480970586,5.968141974627448,3.285177468,High_Plateau,0.6982430559970518,0.7448761193722541,20,-0.002224009
Acanthus,Logfia,10,5.5,2.136120859424491,4.718060429712246,3.390836257827347,5.954448343769797,3.2680604297122455,High_Plateau,0.331116482,0.1420590475039376,36,-0.001870148
Acanthus,Lolium,10,5.5,2.538157119414055,4.919078559707027,3.5114471358242163,6.115262847765623,3.469078559707028,High_Plateau,0.5306024903148464,0.5985546557897652,43,-0.001816869
Acanthus,Lonicera,10,5.5,6.526622234869018,6.9133111174345085,4.707986670460706,7.710648893947607,5.463311117434509,High_Plateau,0.7222372272841276,0.7936089742207321,20,-0.005946571
Acanthus,Lotononis,10,5.5,6.582260019943303,6.941130009971651,4.724678005982991,7.7329040079773215,5.491130009971652,High_Plateau,0.4485574420420105,0.3358748943483849,31,-0.002019229
Acanthus,Lotus,10,5.5,3.402219690075643,5.351109845037821,3.7706659070226927,6.460887876030258,3.901109845037822,High_Plateau,0.7113521438012985,0.9353509006249746,40,-0.001589229
Acanthus,Lupinus,10,5.5,3.4680070773781875,5.384003538689093,3.790402123213456,6.487202830951276,3.934003538689094,High_Plateau,0.7192365185436281,0.8774389130394827,31,-0.003048558
Acanthus,Luzula,10,5.5,3.8134880088118113,5.556744004405905,3.8940464026435433,6.625395203524725,4.106744004405906,High_Plateau,0.5325723071473649,0.4956331772623181,30,-0.001757883
Acanthus,Lycium,10,5.5,6.318133580992037,6.8090667904960185,4.6454400742976105,7.627253432396815,5.359066790496019,High_Plateau,0.772409479,0.8522690100101422,15,-0.003003681
Acanthus,Lycopus,10,5.5,3.9740579878980853,5.637028993949043,3.9422173963694256,6.689623195159234,4.187028993949043,High_Plateau,0.785162501,0.8694631765090337,14,-0.002540185
Acanthus,Lysimachia,10,5.5,4.527882409553164,5.913941204776582,4.108364722865949,6.911152963821266,4.463941204776582,High_Plateau,0.5776824242604928,0.5281550119712601,23,-0.000937119
Acanthus,Lythrum,10,5.5,2.7735397427411774,5.036769871370589,3.582061922822353,6.209415897096471,3.586769871370589,High_Plateau,0.6967418553384648,0.8156944789110984,29,-0.0014648
Acanthus,Magnolia,10,5.5,6.564864608493735,6.932432304246868,4.719459382548121,7.725945843397494,5.482432304246868,High_Plateau,0.5537403828091784,0.4723650495253562,22,-0.002503611
Acanthus,Malope,10,5.5,2.609950811103456,4.954975405551728,3.5329852433310367,6.143980324441382,3.504975405551728,High_Plateau,0.4659818617559451,0.4364499731236175,39,-0.001883303
Acanthus,Malva,10,5.5,2.502647546834126,4.901323773417063,3.5007942640502376,6.101059019,3.451323773417063,High_Plateau,0.6594136457343558,0.8314953451112649,40,-0.001696433
Acanthus,Mandragora,10,5.5,4.008374549373442,5.654187274686721,3.9525123648120326,6.703349819749377,4.204187274686721,High_Plateau,0.5236707118408676,0.3546491965364621,15,-0.002292289
Acanthus,Marrubium,10,5.5,3.988806075493319,5.644403038,3.9466418226479956,6.695522430197328,4.1944030377466595,High_Plateau,0.7843187315745345,0.8766999245287331,15,-0.006065732
Acanthus,Marsilea,10,5.5,3.7193761669485483,5.509688083474274,3.8658128500845645,6.587750466779419,4.059688083474274,High_Plateau,0.5451271678558357,0.5536317316286743,34,-0.001818486
Acanthus,Matricaria,10,5.5,2.6608044097295918,4.980402204864796,3.5482413229188774,6.164321763891837,3.530402204864796,High_Plateau,0.6492160790946728,0.7701621784951699,35,-0.002485718
Acanthus,Matthiola,10,5.5,2.9826850226056343,5.141342511302817,3.6448055067816902,6.293074009042254,3.6913425113028175,High_Plateau,0.67366159,0.7943787212154557,32,-0.002400994
Acanthus,Medicago,10,5.5,2.781926258429137,5.0409631292145685,3.584577877528741,6.2127705033716545,3.5909631292145687,High_Plateau,0.6501691497477314,0.8294679706473947,42,-0.001812739
Acanthus,Melaleuca,10,5.5,6.204228302103125,6.752114151051563,4.611268490630938,7.581691321,5.302114151051563,High_Plateau,0.3515333244408434,0.1418253556260958,31,-0.002012712
Acanthus,Melampyrum,10,5.5,2.2406128713614626,4.770306435680731,3.4221838614084388,5.996245148544585,3.3203064356807315,High_Plateau,0.7380652549912277,0.7396034361538629,8,-0.070789288
Acanthus,Melica,10,5.5,3.7590528788650106,5.529526439432505,3.8777158636595033,6.603621151546005,4.079526439432506,High_Plateau,0.5889469687104238,0.6577014306821737,36,-0.001777192
Acanthus,Melilotus,10,5.5,2.224523375895064,4.762261687947532,3.417357012768519,5.989809350358026,3.312261687947532,High_Plateau,0.6471658796675787,0.8316313301125701,43,-0.001566347
Acanthus,Mentha,10,5.5,3.9068540578251048,5.603427028912552,3.9220562173475315,6.662741623130042,4.153427028912553,High_Plateau,0.775804745,0.8506231449375175,14,-0.001917586
Acanthus,Mercurialis,10,5.5,3.5369458946663257,5.4184729473331625,3.8110837683998975,6.514778357866531,3.9684729473331632,High_Plateau,0.5609043603338716,0.5933826500803197,35,-0.001705264
Acanthus,Mesembryanthemum,10,5.5,2.1299349563395635,4.714967478169782,3.388980486901869,5.951973982535826,3.264967478169782,High_Plateau,0.6883073706398788,0.7413639852774776,22,-0.001828412
Acanthus,Micromeria,10,5.5,5.388220676955306,6.344110338477653,4.366466203086592,7.255288270782122,4.8941103384776525,High_Plateau,0.4942008769923671,0.2874242257259354,14,-0.001961674
Acanthus,Milium,10,5.5,2.8864081574761484,5.093204078738074,3.6159224472428444,6.254563263,3.6432040787380746,High_Plateau,0.5199950620749634,0.6101437169608367,47,-0.001452896
Acanthus,Minuartia,10,5.5,3.5339362205479996,5.4169681102739995,3.8101808661643997,6.513574488,3.96696811,High_Plateau,0.5537043029097167,0.4803407072355455,23,-0.001646808
Acanthus,Mirabilis,10,5.5,3.958921941118134,5.629460970559067,3.937676582,6.683568776447254,4.179460970559067,High_Plateau,0.6102798263206197,0.6018064482686178,24,-0.002124389
Acanthus,Miscanthus,10,5.5,3.7808295053379033,5.540414752668951,3.884248851601371,6.612331802135161,4.090414752668952,High_Plateau,0.3998455205124681,0.3042369254030848,39,-0.002181477
Acanthus,Misopates,10,5.5,2.0688861520703474,4.684443076035174,3.370665845621104,5.927554460828139,3.234443076035174,High_Plateau,0.7635566639667722,0.8588375960882105,18,-0.001087094
Acanthus,Moehringia,10,5.5,3.5965657342950164,5.448282867147508,3.828969720288505,6.538626293718007,3.998282867147508,High_Plateau,0.7243505200580477,0.846421305,26,-0.002299953
Acanthus,Moenchia,10,5.5,2.1711555304929506,4.735577765246475,3.401346659147885,5.968462212,3.2855777652464755,High_Plateau,0.665124584,0.7442641267409652,28,-0.001581638
Acanthus,Montia,10,5.5,2.372538395355373,4.836269197677686,3.461761518606612,6.0490153581421495,3.3862691976776866,High_Plateau,0.7106658247512785,0.8107182807778303,25,-0.001727677
Acanthus,Moricandia,10,5.5,4.007339280189763,5.653669640094881,3.952201784056929,6.702935712075906,4.203669640094882,High_Plateau,0.4945367735928758,0.5428875465343953,45,-0.001946709
Acanthus,Morus,10,5.5,6.172341738842331,6.736170869421166,4.601702521652699,7.568936695536932,5.2861708694211655,High_Plateau,0.359134231,0.1405447831971641,29,-0.00179256
Acanthus,Muehlenbeckia,10,5.5,5.495109341465008,6.397554670732504,4.398532802439503,7.298043736586003,4.947554670732504,High_Plateau,0.5290594901692789,0.4721082922905151,28,-0.001453409
Acanthus,Muscari,10,5.5,3.7640240848302104,5.532012042415105,3.879207225449063,6.605609633932085,4.082012042415105,High_Plateau,0.6825960034021491,0.8532569277713093,37,-0.00196844
Acanthus,Myoporum,10,5.5,6.230002950166231,6.765001475083116,4.619000885,7.592001180066493,5.315001475083116,High_Plateau,0.5781998338877754,0.4269748305470204,10,-0.024108691
Acanthus,Myosotis,10,5.5,2.909449369040921,5.104724684520461,3.622834810712276,6.263779747616368,3.6547246845204606,High_Plateau,0.7291028534531124,0.7818692089512348,17,-0.001879154
Acanthus,Myriophyllum,10,5.5,3.9186712942359283,5.609335647117964,3.9256013882707785,6.667468517694371,4.159335647117964,High_Plateau,0.5587938323410431,0.4987859689529286,24,-0.001881932
Acanthus,Najas,10,5.5,2.2650453515236055,4.782522675761802,3.429513605457082,6.006018140609442,3.332522675761803,High_Plateau,0.4856241323368049,0.3934672784647141,29,-0.001506028
Acanthus,Narcissus,10,5.5,4.023857139981337,5.6619285699906685,3.957157141994401,6.7095428559925345,4.211928569990668,High_Plateau,0.6867811462171672,0.8369873826359425,34,-0.002056958
Acanthus,Nasturtium,10,5.5,3.962825385885684,5.631412692942842,3.938847615765705,6.685130154354274,4.181412692942843,High_Plateau,0.6992739353150396,0.8700945194754562,35,-0.001568861
Acanthus,Nepeta,10,5.5,3.703159291,5.501579645,3.860947787,6.581263716,4.051579645,High_Plateau,0.7792556188554198,0.8487824789604563,13,0.000698588
Acanthus,Nicotiana,10,5.5,3.095315919226898,5.197657959613449,3.6785947757680693,6.3381263676907595,3.7476579596134494,High_Plateau,0.7876245202169672,0.8729717353797132,14,0.00453721
Acanthus,Nigella,10,5.5,2.283174160197861,4.79158708,3.4349522480593584,6.013269664079145,3.3415870800989307,High_Plateau,0.6527150871559455,0.7195040157333166,28,-0.001876056
Acanthus,Nonea,10,5.5,2.371333365690961,4.835666683,3.461400009707288,6.048533346276384,3.3856666828454807,High_Plateau,0.7164113323790828,0.7564960765435192,17,-0.001928703
Acanthus,Nuphar,10,5.5,3.9973623786276145,5.648681189313807,3.949208713588284,6.698944951451046,4.198681189313808,High_Plateau,0.7458059641061932,0.8728001435760592,24,-0.001831488
Acanthus,Nymphaea,10,5.5,3.6660060484141184,5.4830030242070595,3.8498018145242354,6.566402419365648,4.033003024207059,High_Plateau,0.7303697075926173,0.8419276305489075,24,-0.001831488
Acanthus,Nymphoides,10,5.5,3.5261688068015684,5.413084403400784,3.8078506420404707,6.510467522720628,3.963084403400784,High_Plateau,0.7397533689620814,0.8362667363348745,21,-0.002978074
Acanthus,Ocimum,10,5.5,2.991941366836167,5.145970683418083,3.64758241,6.296776546734467,3.695970683418084,High_Plateau,0.7054563561759043,0.6754465211860334,11,0.04719397
Acanthus,Odontites,10,5.5,2.6373377300864416,4.968668865,3.5412013190259324,6.1549350920345764,3.518668865043221,High_Plateau,0.7399328593373979,0.752824199,12,0.046166502
Acanthus,Oenanthe,10,5.5,3.7190982832726522,5.509549141636326,3.8657294849817956,6.587639313309062,4.059549141636326,High_Plateau,0.7263164635398004,0.8667862625363605,28,-0.002273527
Acanthus,Onobrychis,10,5.5,3.825032390288431,5.562516195144216,3.897509717086529,6.6300129561153724,4.112516195144216,High_Plateau,0.702899339,0.902065134,38,-0.001880219
Acanthus,Ononis,10,5.5,3.807649784001133,5.553824892000566,3.892294935,6.6230599136004535,4.103824892000567,High_Plateau,0.6696289752663276,0.8602710163004939,41,-0.002325603
Acanthus,Onopordum,10,5.5,2.0530224739143774,4.676511236957189,3.365906742174313,5.921208989565751,3.226511236957189,High_Plateau,0.6863191010516415,0.8032301557156609,30,-0.002274837
Acanthus,Ophioglossum,10,5.5,4.566929170536709,5.9334645852683545,4.120078751161013,6.926771668214684,4.483464585268354,High_Plateau,0.4181216908087719,0.2502928593110954,28,-0.001754238
Acanthus,Ophrys,10,5.5,4.072591702178988,5.686295851089493,3.9717775106536966,6.729036680871595,4.236295851089494,High_Plateau,0.6961979694073727,0.8641723077492458,35,-0.002717461
Acanthus,Opuntia,10,5.5,5.742208735799355,6.521104367899678,4.472662620739807,7.396883494319742,5.071104367899678,High_Plateau,0.5399394186701307,0.4776738126238835,26,-0.002673507
Acanthus,Orchis,10,5.5,4.239162405037255,5.769581202518627,4.021748721511177,6.795664962014902,4.319581202518627,High_Plateau,0.6617349316703324,0.7952182958371168,35,-0.002577779
Acanthus,Origanum,10,5.5,5.304207436980147,6.3021037184900734,4.341262231094044,7.221682974792059,4.852103718490074,High_Plateau,0.7631134714895244,0.8334878199527072,15,-0.00205781
Acanthus,Ornithogalum,10,5.5,3.860997631058311,5.580498815529156,3.908299289317493,6.644399052423324,4.1304988155291555,High_Plateau,0.6678001912041258,0.8157213335452063,36,-0.003344482
Acanthus,Ornithopus,10,5.5,2.147199946742894,4.723599973371447,3.3941599840228682,5.958879978697158,3.2735999733714474,High_Plateau,0.681172614,0.8586952522775655,38,-0.002298064
Acanthus,Orobanche,10,5.5,3.9826250011947497,5.641312500597374,3.9447875003584247,6.69305,4.191312500597375,High_Plateau,0.8325377082759577,0.924128694,9,-0.007595152
Acanthus,Osmunda,10,5.5,4.111548225441062,5.7057741127205315,3.9834644676323183,6.744619290176425,4.255774112720531,High_Plateau,0.5863338082125145,0.587032097,28,-0.003329254
Acanthus,Osyris,10,5.5,6.731521362506873,7.015760681253436,4.7694564087520614,7.792608545,5.565760681253437,High_Plateau,0.3702157890034145,0.1050395033916974,22,-0.001121819
Acanthus,Oxalis,10,5.5,3.924911582041068,5.612455791020534,3.927473475,6.669964632816427,4.162455791020534,High_Plateau,0.5774117345335957,0.5443617459767606,25,-0.002485905
Acanthus,Oxytropis,10,5.5,4.0138295789865355,5.656914789493268,3.954148873695961,6.705531831594614,4.206914789493268,High_Plateau,0.711172021,0.9186053104435796,38,-0.001854284
Acanthus,Paeonia,10,5.5,4.1890802362341715,5.744540118117086,4.006724070870251,6.775632094493669,4.2945401181170855,High_Plateau,0.7328452637437244,0.8141483096516202,20,-0.002562883
Acanthus,Pancratium,10,5.5,3.960149450469901,5.630074725,3.9380448351409703,6.68405978,4.180074725234951,High_Plateau,0.6506169257802025,0.7728405749383136,35,-0.001869233
Acanthus,Panicum,10,5.5,3.096806004671865,5.198403002335932,3.6790418014015596,6.338722401868746,3.748403002335933,High_Plateau,0.5775503215751676,0.651476684,38,-0.002428148
Acanthus,Papaver,10,5.5,2.741582652473464,5.020791326236732,3.572474795742039,6.196633060989385,3.570791326236732,High_Plateau,0.6934622028587003,0.7844303061421996,26,-0.001228132
Acanthus,Parapholis,10,5.5,2.2974812595751644,4.7987406297875825,3.439244377872549,6.0189925038300665,3.3487406297875824,High_Plateau,0.4413454201520796,0.4364778259116492,45,-0.00181164
Acanthus,Parentucellia,10,5.5,2.2406128713614626,4.770306435680731,3.4221838614084388,5.996245148544585,3.3203064356807315,High_Plateau,0.7354601448167207,0.7396034361538629,11,0.026447281
Acanthus,Parietaria,10,5.5,2.7359322270291755,5.017966113514587,3.5707796681087527,6.194372891,3.567966113514588,High_Plateau,0.5017186070670603,0.4420610781268703,31,-0.001338498
Acanthus,Paronychia,10,5.5,3.3898524190730446,5.344926209536522,3.766955725721913,6.455940967629218,3.8949262095365222,High_Plateau,0.5606782923574699,0.4779728913032591,21,-0.002259615
Acanthus,Paspalum,10,5.5,3.894106161041891,5.597053080520945,3.9182318483125673,6.657642464416757,4.147053080520946,High_Plateau,0.3700972092882257,0.2529238910535999,40,-0.002003527
Acanthus,Passiflora,10,5.5,5.182495958346362,6.241247979173181,4.304748787503908,7.172998383338545,4.791247979173181,High_Plateau,0.5228107563857964,0.468039534,29,-0.002501063
Acanthus,Pelargonium,10,5.5,5.2633688074658815,6.281684403732941,4.329010642239765,7.205347522986353,4.831684403732941,High_Plateau,0.570408201,0.5137990403229528,23,-0.001899498
Acanthus,Periploca,10,5.5,6.257110160187208,6.778555080093604,4.627133048056162,7.602844064074883,5.328555080093604,High_Plateau,0.7044918283457065,0.7736231711335262,22,-0.001279764
Acanthus,Persicaria,10,5.5,2.6897553758958526,4.994877687947926,3.5569266127687555,6.175902150358342,3.5448776879479267,High_Plateau,0.7249557635144274,0.8310907700022004,24,-0.001786626
Acanthus,Petasites,10,5.5,3.9063723878130787,5.603186194,3.9219117163439234,6.6625489551252315,4.1531861939065395,High_Plateau,0.5794315996591479,0.6059236065211294,32,-0.002425324
Acanthus,Petrorhagia,10,5.5,2.5727160454300315,4.936358022715016,3.5218148136290095,6.129086418172013,3.4863580227150157,High_Plateau,0.68300618,0.780077748,28,-0.001833786
Acanthus,Petroselinum,10,5.5,2.1925447441339836,4.746272372066992,3.407763423240195,5.977017897653594,3.296272372066992,High_Plateau,0.6550908226687542,0.7406246566605048,30,-0.001530125
Acanthus,Phacelia,10,5.5,2.4429564153214374,4.871478207660719,3.482886924596431,6.077182566128576,3.421478207660719,High_Plateau,0.7000372468558439,0.756929044,21,-0.003450836
Acanthus,Phagnalon,10,5.5,6.2541636502633295,6.777081825131665,4.6262490950789985,7.601665460105332,5.327081825131665,High_Plateau,0.509720514,0.4581864822032054,31,-0.001946448
Acanthus,Phalaris,10,5.5,2.976291448710226,5.1381457243551125,3.6428874346130677,6.290516579,3.6881457243551132,High_Plateau,0.4848630887284608,0.5238081803705709,45,-0.003286727
Acanthus,Phillyrea,10,5.5,6.210686638626078,6.755343319313039,4.613205991587823,7.5842746554504314,5.305343319313039,High_Plateau,0.7400028227040263,0.7673959524046553,13,0.01510326
Acanthus,Phlomis,10,5.5,5.804262851482022,6.5521314257410115,4.491278855444607,7.421705141,5.102131425741011,High_Plateau,0.6141411090665689,0.5186578467663825,13,0.000176651
Acanthus,Phoenix,10,5.5,6.234634977273376,6.767317488636688,4.620390493182013,7.593853991,5.317317488636688,High_Plateau,0.3642528006137731,0.1425612215942616,28,-0.001784951
Acanthus,Physalis,10,5.5,3.415461716592848,5.357730858296424,3.7746385149778545,6.466184686637139,3.907730858296424,High_Plateau,0.7854221561749518,0.9028004187465068,18,-0.002246285
Acanthus,Physospermum,10,5.5,3.9988708429674507,5.649435421483725,3.949661252890235,6.699548337186981,4.1994354214837255,High_Plateau,0.7485159540877017,0.8783636988469727,24,-0.002549364
Acanthus,Phytolacca,10,5.5,4.1287022920345855,5.714351146017293,3.9886106876103753,6.7514809168138346,4.264351146017293,High_Plateau,0.7397572278091827,0.8364398829281394,21,-0.003805219
Acanthus,Picris,10,5.5,2.5722605435628094,4.936130271781405,3.521678163068843,6.128904217425124,3.4861302717814047,High_Plateau,0.684190824,0.8235312228253262,33,-0.001775268
Acanthus,Pilosella,10,5.5,4.1095373262714014,5.704768663135701,3.9828611978814203,6.743814930508561,4.254768663135701,High_Plateau,0.560087373,0.5506862137690982,30,-0.001872406
Acanthus,Pilularia,10,5.5,4.166806136459381,5.733403068,4.000041840937814,6.7667224545837525,4.283403068,High_Plateau,0.5095649369810407,0.4825072698790842,34,-0.001818486
Acanthus,Pimpinella,10,5.5,3.3626263816346187,5.331313190817309,3.7587879144903855,6.445050552653848,3.8813131908173095,High_Plateau,0.7276789199765926,0.8448839040782745,25,-0.002424841
Acanthus,Pinus,10,5.5,6.458277746424043,6.879138873212021,4.6874833239272125,7.683311098569618,5.429138873212022,High_Plateau,0.4510799159940724,0.3244158031067757,29,-0.001690814
Acanthus,Piptatherum,10,5.5,3.8128649402722825,5.556432470136141,3.8938594820816848,6.625145976108913,4.106432470136141,High_Plateau,0.3917476824001042,0.3044051730375892,41,-0.001809315
Acanthus,Pistacia,10,5.5,6.214363003365228,6.757181501682614,4.614308901009569,7.585745201346091,5.307181501682614,High_Plateau,0.3644700667584245,0.1511523550647401,29,-0.001472067
Acanthus,Pistorinia,10,5.5,1.9799890837954033,4.6399945418977016,3.343996725138621,5.891995633518162,3.189994541897702,High_Plateau,0.5462576195085707,0.4737982546990881,24,-0.002305489
Acanthus,Pittosporum,10,5.5,6.247912964471925,6.773956482235962,4.624373889341578,7.599165186,5.323956482235962,High_Plateau,0.54092248,0.4384571350429074,21,-0.002238955
Acanthus,Plantago,10,5.5,3.234300832531401,5.267150416,3.72029025,6.393720333012561,3.817150416265701,High_Plateau,0.6223088135221796,0.552466937,15,-0.004999976
Acanthus,Platanthera,10,5.5,4.064261878206013,5.682130939103006,3.9692785634618035,6.7257047512824055,4.232130939103007,High_Plateau,0.6853521051812428,0.8587603602310545,37,-0.001924585
Acanthus,Platycapnos,10,5.5,1.9799890837954033,4.6399945418977016,3.343996725138621,5.891995633518162,3.189994541897702,High_Plateau,0.5502834572099833,0.4737982546990881,23,-0.003143003
Acanthus,Poa,10,5.5,3.921754984,5.610877492,3.926526495272552,6.668701993696736,4.160877492,High_Plateau,0.3476687302256454,0.2492548984868219,45,-0.002463903
Acanthus,Polycarpon,10,5.5,2.6069742765813486,4.953487138290674,3.5320922829744044,6.142789711,3.5034871382906747,High_Plateau,0.5419627676212491,0.4489276639557688,22,-0.003092835
Acanthus,Polycnemum,10,5.5,2.0761257510966593,4.688062875548329,3.372837725328998,5.930450300438664,3.238062876,High_Plateau,0.7284577475588935,0.8216658824403215,22,-0.001834128
Acanthus,Polygala,10,5.5,4.199508516077774,5.749754258038887,4.009852554823333,6.779803406,4.299754258038887,High_Plateau,0.7532861082368772,0.8959977603691374,25,-0.00192224
Acanthus,Polygonatum,10,5.5,4.097046593281915,5.698523296640957,3.979113977984574,6.738818637312766,4.248523296640958,High_Plateau,0.6775769167990257,0.8514065347976331,38,-0.001811451
Acanthus,Polygonum,10,5.5,2.8419541015285246,5.070977050764262,3.602586230458557,6.236781641,3.6209770507642625,High_Plateau,0.7053201960795785,0.7837347934644092,23,-0.002458308
Acanthus,Polypodium,10,5.5,4.127000366453729,5.713500183226865,3.988100109936119,6.750800146581492,4.263500183226865,High_Plateau,0.6642825637518457,0.8413516416577008,40,-0.002288735
Acanthus,Polypogon,10,5.5,3.218621988658993,5.259310994329496,3.715586596597698,6.387448795463597,3.809310994329497,High_Plateau,0.4679601712203353,0.5472147939684414,52,-0.001677737
Acanthus,Polystichum,10,5.5,4.068553889099461,5.6842769445497305,3.9705661667298386,6.7274215556397845,4.234276945,High_Plateau,0.5384959484626611,0.5732419191085945,38,-0.001798056
Acanthus,Populus,10,5.5,5.647253260193493,6.473626630096746,4.444175978058047,7.358901304077397,5.0236266300967465,High_Plateau,0.4977626187844943,0.4341728309433166,31,-0.001457145
Acanthus,Portulaca,10,5.5,2.662197401737361,4.981098700868681,3.548659220521208,6.164878960694945,3.5310987008686805,High_Plateau,0.7327452710960943,0.8385414123244374,23,-0.002240652
Acanthus,Potamogeton,10,5.5,3.886862801870238,5.593431400935119,3.9160588405610715,6.654745120748095,4.143431400935119,High_Plateau,0.5964294268465261,0.5986171736895547,27,-0.00139434
Acanthus,Potentilla,10,5.5,3.9333521216663123,5.616676060833156,3.9300056364998937,6.673340848666525,4.166676060833156,High_Plateau,0.5413268740728385,0.521475982,31,-0.002330346
Acanthus,Primula,10,5.5,3.732645586776655,5.516322793388327,3.8697936760329963,6.5930582347106625,4.066322793388328,High_Plateau,0.7472042440290878,0.8509598715570814,21,-0.001935
Acanthus,Prosopis,10,5.5,6.275307076650354,6.787653538325177,4.632592122995106,7.610122830660142,5.337653538325178,High_Plateau,0.392938369,0.2246070839437631,31,-0.001870908
Acanthus,Prunella,10,5.5,3.896543194489487,5.598271597244743,3.918962958346846,6.658617277795795,4.148271597244744,High_Plateau,0.7918236005408497,0.8739184423313161,13,0.000698588
Acanthus,Prunus,10,5.5,6.313819227687023,6.806909613843511,4.644145768306107,7.625527691,5.356909613843511,High_Plateau,0.6767404909557903,0.7840386447318535,30,-0.002103383
Acanthus,Psidium,10,5.5,6.259055659205724,6.779527829602862,4.627716697761717,7.603622264,5.329527829602862,High_Plateau,0.6646004286523943,0.7761284073625173,32,-0.001761038
Acanthus,Pteris,10,5.5,4.158674551695213,5.729337275847606,3.9976023655085635,6.763469820678085,4.279337275847606,High_Plateau,0.3490286449747315,0.1778626434011144,36,-0.001766493
Acanthus,Ptilostemon,10,5.5,4.122436227240182,5.711218113620091,3.986730868172055,6.748974490896073,4.261218113620091,High_Plateau,0.379459363,0.2141739216364082,33,-0.002303374
Acanthus,Puccinellia,10,5.5,3.745371567371809,5.522685783685905,3.873611470211543,6.598148626948724,4.0726857836859045,High_Plateau,0.5108026465146427,0.5753102176200104,45,-0.001401335
Acanthus,Pulicaria,10,5.5,2.765141665123006,5.032570832561503,3.5795424995369016,6.206056666049203,3.582570832561503,High_Plateau,0.6957705712146447,0.8301861812593859,31,-0.001444372
Acanthus,Quercus,10,5.5,6.1618706281790425,6.730935314089521,4.598561188453713,7.564748251271617,5.280935314089522,High_Plateau,0.4947958505958508,0.4118666931498421,29,-0.001785919
Acanthus,Ranunculus,10,5.5,3.660540503656465,5.480270251828232,3.8481621510969397,6.564216201462586,4.030270251828233,High_Plateau,0.5448187563564177,0.5203360357983381,30,-0.002807684
Acanthus,Raphanus,10,5.5,2.2707163832401283,4.785358191620064,3.4312149149720383,6.008286553296052,3.335358191620064,High_Plateau,0.6254448967074113,0.7802555308800145,42,-0.002993071
Acanthus,Rapistrum,10,5.5,2.611146682923243,4.955573341461621,3.533344004876973,6.144458673169297,3.5055733414616217,High_Plateau,0.6139762395333256,0.7736102987040767,44,-0.002261701
Acanthus,Reichardia,10,5.5,3.0476646446851645,5.173832322342582,3.664299393405549,6.319065857874066,3.7238323223425827,High_Plateau,0.6879083564446378,0.8391279468753736,34,-0.001487677
Acanthus,Reseda,10,5.5,2.7714759524650896,5.035737976232545,3.581442785739527,6.208590380986036,3.585737976232545,High_Plateau,0.7159260673329377,0.8378582219297366,27,-0.002633176
Acanthus,Rhamnus,10,5.5,6.474331058655352,6.887165529327676,4.692299317596605,7.689732423462141,5.437165529327676,High_Plateau,0.5254222726779907,0.4730546626618602,29,-0.001461545
Acanthus,Rhus,10,5.5,6.283066030610989,6.791533015305495,4.634919809183296,7.613226412244396,5.341533015305495,High_Plateau,0.5142194240723386,0.4424890217709077,28,-0.001757717
Acanthus,Rhynchospora,10,5.5,4.101001424316924,5.700500712158462,3.9803004272950773,6.74040057,4.250500712158463,High_Plateau,0.5336082011570925,0.538836694,35,-0.001937074
Acanthus,Ribes,10,5.5,6.220288064108656,6.760144032054328,4.616086419232596,7.588115225643463,5.310144032054328,High_Plateau,0.7010637487739284,0.7670146119805488,22,-0.002517764
Acanthus,Robinia,10,5.5,6.315449238400269,6.807724619200135,4.644634771520081,7.626179695360108,5.357724619200135,High_Plateau,0.696396379,0.8562315333624845,34,-0.002125384
Acanthus,Romulea,10,5.5,4.001803285369569,5.650901642684785,3.9505409856108704,6.7007213141478275,4.2009016426847845,High_Plateau,0.5383690796055384,0.5648789833325087,37,-0.002347956
Acanthus,Rorippa,10,5.5,3.2253304577270145,5.262665228863507,3.7175991373181043,6.390132183090806,3.8126652288635077,High_Plateau,0.7018923118965567,0.850934347,32,-0.002871904
Acanthus,Rosa,10,5.5,6.258993182637726,6.779496591318862,4.6276979547913175,7.603597273,5.329496591318863,High_Plateau,0.6722518922888563,0.7751682996624085,30,-0.002637644
Acanthus,Rostraria,10,5.5,2.2364985610185237,4.768249280509262,3.420949568305557,5.994599424,3.318249280509262,High_Plateau,0.4400435797586987,0.4667469436903416,49,-0.001792072
Acanthus,Rubia,10,5.5,3.712396202959216,5.506198101479608,3.863718860887765,6.584958481183687,4.056198101479608,High_Plateau,0.7667125853444613,0.8488275034049098,16,-0.001669198
Acanthus,Rubus,10,5.5,6.3290305152043125,6.814515257602157,4.648709154561294,7.631612206081725,5.364515257602156,High_Plateau,0.4930333587586721,0.4083450540844565,29,-0.001802642
Acanthus,Rudbeckia,10,5.5,3.6451128726683826,5.472556436334191,3.843533861800515,6.558045149067353,4.022556436334192,High_Plateau,0.651760651,0.8326421554507708,42,-0.001768652
Acanthus,Ruellia,10,5.5,4.148587301,5.724293650637545,3.994576190382527,6.759434920510037,4.274293650637546,High_Plateau,0.9390734854948906,0.8781469709897813,2,1.0000000000000002
Acanthus,Rumex,10,5.5,3.7309347649589846,5.515467382479493,3.869280429487695,6.592373905983594,4.0654673824794925,High_Plateau,0.5970438473772924,0.5998494969842699,27,-0.001411751
Acanthus,Ruppia,10,5.5,3.6786898104630357,5.489344905231517,3.8536069431389106,6.571475924185215,4.039344905231518,High_Plateau,0.5561534165565336,0.5099296413275958,26,-0.001812671
Acanthus,Ruscus,10,5.5,5.072983043331582,6.186491521665791,4.271894912999475,7.129193217332633,4.736491521665791,High_Plateau,0.6756302072060403,0.8393944394345775,37,-0.002313961
Acanthus,Ruta,10,5.5,3.6687029387648713,5.484351469382435,3.8506108816294615,6.567481175505948,4.034351469382436,High_Plateau,0.7059815855786953,0.8424844425381924,30,-0.001921425
Acanthus,Sagina,10,5.5,3.1514424504305767,5.225721225215288,3.695432735129173,6.360576980172231,3.7757212252152885,High_Plateau,0.718222071,0.8341756386269075,26,-0.002356109
Acanthus,Salicornia,10,5.5,2.701475980928086,5.000737990464043,3.560442794278426,6.180590392371235,3.550737990464043,High_Plateau,0.5522733535090718,0.4941684731393463,25,-0.002903351
Acanthus,Salix,10,5.5,5.855273130757879,6.577636565378939,4.506581939227363,7.442109252303151,5.127636565378939,High_Plateau,0.5102505016664605,0.4591485967072489,31,-0.001457145
Acanthus,Salsola,10,5.5,3.5650393071521425,5.432519653576071,3.8195117921456427,6.526015722860857,3.9825196535760714,High_Plateau,0.5626883781571864,0.4903571829210728,22,-0.002984325
Acanthus,Salvia,10,5.5,4.151552036709634,5.725776018354817,3.9954656110128903,6.760620814683854,4.275776018354817,High_Plateau,0.8184172520183763,0.9036349574176686,10,-0.005235144
Acanthus,Salvinia,10,5.5,2.1759905967046174,4.737995298352309,3.4027971790113853,5.970396238681847,3.2879952983523086,High_Plateau,0.4654850101986583,0.3943474163143195,34,-0.001818486
Acanthus,Sambucus,10,5.5,6.0011757380335125,6.650587869016756,4.550352721410054,7.500470295213406,5.200587869016756,High_Plateau,0.7220171699870586,0.7742366291901387,18,0.0065228
Acanthus,Samolus,10,5.5,3.7026535843993877,5.501326792199694,3.8607960753198163,6.581061433759755,4.051326792199694,High_Plateau,0.7578743485416294,0.8476015879702051,18,-0.001730208
Acanthus,Santolina,10,5.5,6.219838966502447,6.759919483251224,4.615951689950734,7.587935586600979,5.309919483251224,High_Plateau,0.6441446523205296,0.7680147727407782,36,-0.001367067
Acanthus,Sapindus,10,5.5,6.2805012127185185,6.790250606359259,4.6341503638155555,7.612200485087408,5.340250606359259,High_Plateau,0.673823113,0.7781674984017815,30,-0.001921426
Acanthus,Saponaria,10,5.5,3.1988827283523515,5.2494413641761755,3.7096648185057055,6.379553091340941,3.799441364176176,High_Plateau,0.7128677370000619,0.8316723844994489,27,-0.002287292
Acanthus,Sarcocapnos,10,5.5,4.166806136459381,5.733403068,4.000041840937814,6.7667224545837525,4.283403068,High_Plateau,0.5548172669113941,0.4825072698790842,23,-0.001349982
Acanthus,Satureja,10,5.5,4.622695150369296,5.961347575184648,4.136808545110789,6.949078060147718,4.511347575184648,High_Plateau,0.7784513572060694,0.8392495295243596,12,-0.000775171
Acanthus,Saxifraga,10,5.5,3.910364578193271,5.605182289096636,3.923109373457981,6.664145831277309,4.1551822890966355,High_Plateau,0.7435332009806148,0.8601457229130066,23,-0.002382906
Acanthus,Scabiosa,10,5.5,3.4770375563133116,5.388518778156656,3.7931112668939937,6.490815022525325,3.9385187781566557,High_Plateau,0.5861540824316858,0.5207851684953098,20,-0.002658991
Acanthus,Scandix,10,5.5,2.8379020956864847,5.0689510478432425,3.6013706287059453,6.235160838274594,3.6189510478432423,High_Plateau,0.7026580645065736,0.8195640294837939,28,-0.002746352
Acanthus,Schinus,10,5.5,6.224174971785121,6.762087485892561,4.617252491535536,7.589669988714048,5.312087485892561,High_Plateau,0.5099381230319571,0.4258491960274594,27,-0.00246749
Acanthus,Schismus,10,5.5,2.2364985610185237,4.768249280509262,3.420949568305557,5.994599424,3.318249280509262,High_Plateau,0.4770522573599089,0.4667469436903416,40,-0.001568309
Acanthus,Schoenoplectus,10,5.5,3.576139639651159,5.4380698198255795,3.8228418918953477,6.530455855860463,3.9880698198255797,High_Plateau,0.5179900443263217,0.5407023483989442,39,-0.003063354
Acanthus,Schoenus,10,5.5,3.807652523608642,5.553826261804321,3.8922957570825925,6.623061009443457,4.103826261804321,High_Plateau,0.5245584660767942,0.4962214453342873,32,-0.002645854
Acanthus,Scilla,10,5.5,4.177712634620671,5.7388563173103355,4.003313790386201,6.771085053848269,4.288856317310335,High_Plateau,0.6666309394474439,0.8132656528385239,36,-0.002758596
Acanthus,Scirpus,10,5.5,3.7408403443746128,5.520420172187306,3.872252103312384,6.596336137749845,4.070420172187307,High_Plateau,0.4860391701004766,0.484721253,40,-0.001570729
Acanthus,Scleranthus,10,5.5,2.8273372294124486,5.063668614706224,3.5982011688237345,6.230934892,3.6136686147062242,High_Plateau,0.7094606151663252,0.8165704561865809,26,-0.001944759
Acanthus,Scolymus,10,5.5,2.7486945790918957,5.024347289545948,3.5746083737275685,6.1994778316367585,3.574347289545948,High_Plateau,0.6908281330967769,0.81226628,30,-0.002365139
Acanthus,Scorpiurus,10,5.5,2.1160974875988403,4.708048744,3.384829246279652,5.946438995039536,3.2580487437994203,High_Plateau,0.5215890921577432,0.5231038117104676,36,-0.002367863
Acanthus,Scorzonera,10,5.5,3.655140906791616,5.477570453395808,3.8465422720374844,6.562056362716646,4.027570453395808,High_Plateau,0.7146232243290297,0.851634785,29,-0.002352642
Acanthus,Scrophularia,10,5.5,3.9597050112395986,5.629852505619799,3.9379115033718795,6.683882004,4.179852506,High_Plateau,0.7796063729231084,0.8248035337746711,10,0.000813184
Acanthus,Scutellaria,10,5.5,3.964251004,5.632125502089395,3.939275301253637,6.685700401671516,4.182125502089395,High_Plateau,0.801546793,0.8625940549729456,9,-0.009831109
Acanthus,Sedum,10,5.5,3.736608780184297,5.5183043900921485,3.870982634055289,6.594643512073719,4.068304390092148,High_Plateau,0.7279404913673229,0.8453749779808721,25,-0.002264497
Acanthus,Selaginella,10,5.5,3.8634948426472335,5.581747421323617,3.909048453,6.645397937058894,4.131747421323617,High_Plateau,0.7233758129081329,0.8611277089757056,28,-0.003387265
Acanthus,Senecio,10,5.5,3.756834907278639,5.528417453639319,3.8770504721835914,6.602733962911456,4.078417454,High_Plateau,0.5588324662951543,0.5567336567022372,31,-0.003562799
Acanthus,Senna,10,5.5,5.5847615417475724,6.442380770873786,4.4254284625242715,7.333904616699029,4.992380770873787,High_Plateau,0.6494539238387299,0.7296265653698643,30,-0.002908657
Acanthus,Serapias,10,5.5,3.730581340541363,5.515290670270682,3.869174402162409,6.592232536216546,4.065290670270682,High_Plateau,0.7036284747743519,0.8459892201878728,31,-0.001880531
Acanthus,Serratula,10,5.5,3.8374332628716603,5.568716631,3.9012299788614984,6.634973305148664,4.118716631435831,High_Plateau,0.6796699125495635,0.8226923396565635,34,-0.00169408
Acanthus,Sesamoides,10,5.5,4.030493202899183,5.665246601449591,3.959147960869755,6.712197281159673,4.215246601449591,High_Plateau,0.4347394903759649,0.2754850680157907,27,-0.002633176
Acanthus,Seseli,10,5.5,3.770448693647278,5.535224346823639,3.8811346080941833,6.608179477458911,4.085224346823639,High_Plateau,0.6861981671404044,0.8276605893419936,33,-0.002348673
Acanthus,Setaria,10,5.5,2.6162710236391717,4.958135511819586,3.5348813070917515,6.146508409455668,3.508135511819586,High_Plateau,0.4648424146791004,0.4835934175257426,45,-0.002419653
Acanthus,Sideritis,10,5.5,4.0298770471920795,5.664938524,3.9589631141576236,6.711950818876832,4.2149385235960395,High_Plateau,0.6117475984291834,0.5222769381740225,14,-0.000758022
Acanthus,Silene,10,5.5,3.032040532335214,5.166020266167607,3.659612159700564,6.312816212934086,3.7160202661676074,High_Plateau,0.5642993934276382,0.5181018085526112,25,-0.002309629
Acanthus,Silybum,10,5.5,2.2408099783940814,4.770404989197041,3.4222429935182244,5.996323991357633,3.3204049891970406,High_Plateau,0.6307195813371567,0.724818613,34,-0.001828759
Acanthus,Sinapis,10,5.5,2.284029338174434,4.792014669087217,3.435208801,6.013611735269774,3.3420146690872174,High_Plateau,0.6057960407850768,0.7573092830581958,44,-0.00255861
Acanthus,Sisymbrium,10,5.5,2.2767447755304495,4.788372387765225,3.4330234326591347,6.01069791,3.338372387765225,High_Plateau,0.6626785120431383,0.7970054017103676,35,-0.002077505
Acanthus,Smilax,10,5.5,4.8157257688160096,6.057862884408005,4.194717730644803,7.026290307526404,4.607862884408005,High_Plateau,0.3872044523832492,0.1968671701580677,29,-0.002702286
Acanthus,Smyrnium,10,5.5,2.2034173050971297,4.751708652548565,3.4110251915291387,5.981366922038852,3.301708652548565,High_Plateau,0.6619516982605951,0.7379172046582063,28,-0.00157589
Acanthus,Solanum,10,5.5,4.1382326965502845,5.719116348275142,3.9914698089650855,6.755293078620114,4.269116348275142,High_Plateau,0.7730561772783704,0.8780684609533441,18,-0.002246285
Acanthus,Solidago,10,5.5,3.677979800309256,5.488989900154628,3.8533939400927766,6.571191920123702,4.038989900154628,High_Plateau,0.6617209936728372,0.8444889090626018,41,-0.002494883
Acanthus,Sonchus,10,5.5,2.694908926916403,4.997454463458201,3.5584726780749207,6.177963570766561,3.5474544634582017,High_Plateau,0.6891493052746572,0.8253701688933053,32,-0.002481079
Acanthus,Sorghum,10,5.5,3.1365789157078994,5.218289458,3.690973675,6.354631566,3.7682894578539496,High_Plateau,0.5459148567849863,0.5963472683457322,39,-0.002039829
Acanthus,Sparganium,10,5.5,3.878087355246554,5.589043677623277,3.9134262065739662,6.651234942098622,4.1390436776232775,High_Plateau,0.5923646855068395,0.5987985069722134,28,-0.001852529
Acanthus,Spergula,10,5.5,2.4058840475117513,4.852942023755876,3.4717652142535256,6.062353619004701,3.402942023755876,High_Plateau,0.6751787267605749,0.7399275793261622,25,-0.00264515
Acanthus,Spergularia,10,5.5,2.909245692418951,5.104622846209475,3.622773707725685,6.263698277,3.6546228462094756,High_Plateau,0.6962619173718486,0.7656550077875854,23,-0.002642167
Acanthus,Sphaeralcea,10,5.5,3.9100613081911266,5.605030654095563,3.9230183924573376,6.664024523276451,4.1550306540955635,High_Plateau,0.545960325,0.5885181817826032,38,-0.003535602
Acanthus,Spiraea,10,5.5,6.276303088340337,6.7881515441701685,4.632890926502101,7.610521235336135,5.338151544170168,High_Plateau,0.6819172605300012,0.7781097043143833,28,-0.002882766
Acanthus,Spiranthes,10,5.5,4.143648070180278,5.721824035090139,3.9930944210540833,6.757459228072111,4.271824035090139,High_Plateau,0.6753630849040746,0.8304739213672581,36,-0.001478484
Acanthus,Sporobolus,10,5.5,3.774163780146166,5.5370818900730825,3.8822491340438496,6.609665512058466,4.087081890073083,High_Plateau,0.5383578506013129,0.581497869,39,-0.003362893
Acanthus,Stachys,10,5.5,3.737908506641963,5.518954253320981,3.8713725519925886,6.595163402656786,4.068954253320982,High_Plateau,0.811113693,0.9118619667144308,13,0.003881888
Acanthus,Staehelina,10,5.5,6.488587882116172,6.894293941058086,4.6965763646348515,7.6954351528464695,5.444293941058087,High_Plateau,0.5202695563181837,0.462873464,29,-0.002082716
Acanthus,Stellaria,10,5.5,3.2316884060674007,5.2658442030337005,3.719506522,6.392675362,3.8158442030337003,High_Plateau,0.7198785220696292,0.8456034134461994,27,-0.001834586
Acanthus,Sternbergia,10,5.5,3.976450449594975,5.6382252247974876,3.9429351348784927,6.6905801798379905,4.188225224797487,High_Plateau,0.4964859686030228,0.4645786605839543,35,-0.001869233
Acanthus,Stipa,10,5.5,4.009701569012227,5.654850784506113,3.952910470703668,6.703880627604891,4.204850784506114,High_Plateau,0.5354435755111032,0.5837036776496974,40,-0.002438798
Acanthus,Stipagrostis,10,5.5,3.8128649402722825,5.556432470136141,3.8938594820816848,6.625145976108913,4.106432470136141,High_Plateau,0.4285544296355579,0.3044051730375892,32,-0.003604857
Acanthus,Suaeda,10,5.5,3.4903681033656135,5.395184051682807,3.797110431009684,6.496147241346246,3.9451840516828067,High_Plateau,0.5813038177385963,0.5440081424870598,24,-0.002892946
Acanthus,Succisa,10,5.5,3.9955970594460632,5.6477985297230315,3.948679117833819,6.698238823778425,4.197798529723032,High_Plateau,0.756613692,0.8699087557332679,21,-0.00258494
Acanthus,Succowia,10,5.5,2.133575313619035,4.716787656809517,3.3900725940857104,5.953430125447614,3.2667876568095178,High_Plateau,0.6617568865422434,0.7459191506347989,29,-0.002437847
Acanthus,Taeniatherum,10,5.5,3.815436452763792,5.557718226381896,3.8946309358291376,6.626174581105516,4.1077182263818965,High_Plateau,0.3715726270524696,0.3051496777178537,46,-0.00180294
Acanthus,Tagetes,10,5.5,1.971546884,4.635773442025385,3.3414640652152308,5.8886187536203085,3.1857734420253854,High_Plateau,0.3599373759589841,0.1668108663672657,32,-0.00180386
Acanthus,Tamarix,10,5.5,6.248528843821682,6.774264421910841,4.624558653146504,7.599411537528673,5.324264421910842,High_Plateau,0.3980859515188512,0.1447706581666264,20,-0.003267748
Acanthus,Tanacetum,10,5.5,3.661164594886801,5.480582297443401,3.8483493784660405,6.564465837954721,4.0305822974434005,High_Plateau,0.6977738308395572,0.8424336440855973,32,-0.0015532
Acanthus,Taraxacum,10,5.5,4.0069050915292115,5.653452545764606,3.9520715274587634,6.702762036611684,4.2034525457646055,High_Plateau,0.5651409320442651,0.5608878854126901,30,-0.002345175
Acanthus,Taxus,10,5.5,6.331617545,6.815808772690325,4.649485263614195,7.6326470181522605,5.365808772690325,High_Plateau,0.4912896318433331,0.3886895348452566,27,-0.003154096
Acanthus,Terminalia,10,5.5,6.337028702,6.818514350797525,4.651108610478515,7.634811481,5.3685143507975255,High_Plateau,0.5356289628301106,0.4611368670653524,25,-0.004189228
Acanthus,Teucrium,10,5.5,5.2626089290439975,6.281304464521998,4.328782678713199,7.205043571617599,4.831304464521999,High_Plateau,0.6220377928727565,0.5005008994924816,9,0.005544664
Acanthus,Thalictrum,10,5.5,3.838607190042492,5.569303595021246,3.9015821570127476,6.635442876016997,4.119303595021246,High_Plateau,0.5985829515559571,0.5864749916888486,25,-0.001339963
Acanthus,Thapsia,10,5.5,3.9988708429674507,5.649435421483725,3.949661252890235,6.699548337186981,4.1994354214837255,High_Plateau,0.719771531,0.8783636988469727,31,-0.002322363
Acanthus,Thelypteris,10,5.5,4.022888062,5.661444030846285,3.9568664185077713,6.709155224677028,4.211444030846286,High_Plateau,0.5523389926448684,0.6010721384122626,38,-0.002518711
Acanthus,Themeda,10,5.5,3.8128649402722825,5.556432470136141,3.8938594820816848,6.625145976108913,4.106432470136141,High_Plateau,0.3835242707542338,0.3044051730375892,43,-0.001851651
Acanthus,Thesium,10,5.5,3.5993133503128107,5.4496566751564055,3.8297940050938433,6.539725340125124,3.9996566751564053,High_Plateau,0.6087561032664375,0.5497012549625415,18,-0.003410996
Acanthus,Thunbergia,10,5.5,4.0470929383606515,5.673546469180326,3.9641278815081957,6.718837175344261,4.2235464691803255,High_Plateau,0.9458226849090892,0.8998645479003703,3,1
Acanthus,Thymelaea,10,5.5,5.7029855375274225,6.501492768763711,4.460895661258227,7.381194215,5.051492768763712,High_Plateau,0.5248704192258136,0.4637900437161053,28,-0.001752876
Acanthus,Thymus,10,5.5,5.349692804707539,6.324846402353769,4.3549078414122615,7.239877121883016,4.874846402,High_Plateau,0.7648274373135276,0.8369157516007136,15,-0.00205781
Acanthus,Tilia,10,5.5,6.535126495759668,6.9175632478798335,4.710537949,7.714050598303867,5.467563247879834,High_Plateau,0.5355541268158676,0.518038793,32,-0.001775985
Acanthus,Tolpis,10,5.5,2.9844720237442153,5.142236011872107,3.6453416071232647,6.293788809497686,3.692236011872108,High_Plateau,0.689867384,0.8266925938511368,32,-0.00191242
Acanthus,Tordylium,10,5.5,2.1925447441339836,4.746272372066992,3.407763423240195,5.977017897653594,3.296272372066992,High_Plateau,0.6467787599271826,0.7406246566605048,32,-0.002458972
Acanthus,Torilis,10,5.5,2.153021701147015,4.726510850573508,3.3959065103441044,5.961208680458807,3.2765108505735077,High_Plateau,0.661223108,0.7531873609202503,30,-0.003020793
Acanthus,Trachelium,10,5.5,4.166806136459381,5.733403068,4.000041840937814,6.7667224545837525,4.283403068,High_Plateau,0.550698951,0.4825072698790842,24,-0.001437252
Acanthus,Tradescantia,10,5.5,3.8874162947900865,5.593708147395043,3.916224888437026,6.654966517916035,4.143708147395044,High_Plateau,0.6858982786042918,0.8022959895253233,30,-0.00181223
Acanthus,Tragopogon,10,5.5,2.403195625412679,4.8515978127063395,3.4709586876238037,6.061278250165072,3.4015978127063398,High_Plateau,0.7017480498813154,0.8258844364205495,29,-0.002352642
Acanthus,Tragus,10,5.5,2.297481259575165,4.7987406297875825,3.4392443778725497,6.0189925038300665,3.3487406297875824,High_Plateau,0.4494522750413719,0.4364778259116494,43,-0.002934872
Acanthus,Trifolium,10,5.5,2.8679067607460795,5.08395338,3.610372028223824,6.247162704298432,3.6339533803730397,High_Plateau,0.6878791730576733,0.8886682,40,-0.002905434
Acanthus,Triglochin,10,5.5,3.7088230748689717,5.5044115374344855,3.8626469224606916,6.5835292299475885,4.054411537434486,High_Plateau,0.537783853,0.481667604,27,-0.003102225
Acanthus,Trigonella,10,5.5,2.123132936823318,4.711566468411659,3.3869398810469953,5.949253174729328,3.261566468411659,High_Plateau,0.6470516745266839,0.8314029198307804,43,-0.001566347
Acanthus,Trisetum,10,5.5,3.7236539549999157,5.5118269774999575,3.8670961864999747,6.5894615819999665,4.061826977499958,High_Plateau,0.5193709022739128,0.6255114220454578,49,-0.002341238
Acanthus,Triticum,10,5.5,2.257174841657814,4.778587420828907,3.427152452497344,6.002869936663126,3.3285874208289075,High_Plateau,0.6214697291020734,0.8131071325290898,47,-0.001523303
Acanthus,Tuberaria,10,5.5,3.4199183840239233,5.359959192011962,3.7759755152071772,6.467967354,3.9099591920119616,High_Plateau,0.6881864766237845,0.8233064776343482,32,-0.00179091
Acanthus,Tulipa,10,5.5,4.2740590621750965,5.787029531087548,4.032217718652529,6.809623624870039,4.337029531087548,High_Plateau,0.6539395694384903,0.7794657089128217,35,-0.001768467
Acanthus,Typha,10,5.5,3.9407773249410223,5.620388662470511,3.9322331974823066,6.67631093,4.170388662470511,High_Plateau,0.5886114111003203,0.591291958,28,-0.001852529
Acanthus,Ulex,10,5.5,6.536205285564943,6.918102642782472,4.710861585669483,7.714482114225977,5.468102642782472,High_Plateau,0.711614063,0.8783036918377292,33,-0.001405222
Acanthus,Ulmus,10,5.5,6.1680310807833205,6.73401554,4.600409324234996,7.567212432313328,5.28401554,High_Plateau,0.4995758554200472,0.4133438092050359,28,-0.002467341
Acanthus,Umbilicus,10,5.5,3.730581340541363,5.515290670270682,3.869174402162409,6.592232536216546,4.065290670270682,High_Plateau,0.7200453136109717,0.8459892201878728,27,-0.002095705
Acanthus,Urospermum,10,5.5,2.7486945790918957,5.024347289545948,3.5746083737275685,6.1994778316367585,3.574347289545948,High_Plateau,0.6867588147359935,0.81226628,31,-0.001962432
Acanthus,Urtica,10,5.5,3.163235407,5.231617703461065,3.698970622076639,6.365294162768852,3.781617703461065,High_Plateau,0.5151051032264891,0.4688340704457279,31,-0.001338498
Acanthus,Utricularia,10,5.5,3.678173413809449,5.4890867069047244,3.8534520241428347,6.571269365523779,4.039086706904724,High_Plateau,0.8239249338470391,0.9057463779570126,7,-0.084003099
Acanthus,Valantia,10,5.5,2.707351014678006,5.003675507339003,3.5622053044034017,6.182940405871203,3.553675507339003,High_Plateau,0.7480517436155055,0.8281703827025514,18,-0.002800231
Acanthus,Verbascum,10,5.5,2.3710867850235617,4.835543392511781,3.4613260355070685,6.048434714009424,3.385543392511781,High_Plateau,0.7698378129342616,0.8127592698418509,11,0.004444794
Acanthus,Verbesina,10,5.5,3.472047876475408,5.386023938237704,3.7916143629426227,6.488819150590164,3.936023938237704,High_Plateau,0.5153510890039715,0.5351211518357467,39,-0.001546924
Acanthus,Veronica,10,5.5,3.1922335919574927,5.246116795978747,3.707670077587248,6.376893436782997,3.7961167959787465,High_Plateau,0.7959404673783366,0.8987205118786309,15,4.868973267794369e-05
Acanthus,Viburnum,10,5.5,6.564119187461932,6.9320595937309655,4.719235756,7.7256476749847725,5.482059593730966,High_Plateau,0.7354988302499658,0.8011999497159528,18,0.0065228
Acanthus,Vicia,10,5.5,2.8237326914697185,5.061866346,3.5971198074409156,6.229493076587888,3.6118663457348594,High_Plateau,0.6848284244348175,0.8823673751511071,40,-0.001908796
Acanthus,Vigna,10,5.5,3.0055263364837357,5.152763168241868,3.6516579009451204,6.3022105345934945,3.702763168241868,High_Plateau,0.7211449308421746,0.9304454984615348,37,-0.00242202
Acanthus,Vinca,10,5.5,4.015772454136731,5.657886227068365,3.954731736241019,6.706308981654693,4.207886227068366,High_Plateau,0.7654069327070614,0.8461111058281804,16,-0.001143736
Acanthus,Vincetoxicum,10,5.5,4.235325813033556,5.767662906516778,4.020597743910066,6.794130325213422,4.317662906516778,High_Plateau,0.7392812187062586,0.8514443575936903,23,-0.001395902
Acanthus,Viscum,10,5.5,6.7315213625068715,7.015760681253436,4.7694564087520614,7.792608545002748,5.565760681253436,High_Plateau,0.3700841446716824,0.1050395033916977,22,-0.002438262
Acanthus,Wisteria,10,5.5,6.426080388453747,6.8630401942268735,4.677824116536124,7.670432155,5.413040194226873,High_Plateau,0.7264641969532949,0.91666437,34,-0.003611387
Acanthus,Withania,10,5.5,6.355019620235827,6.827509810117913,4.6565058860707484,7.642007848,5.377509810117914,High_Plateau,0.4621516199587064,0.2226520005357664,14,0.001406882
Acanthus,Wolffia,10,5.5,4.061589963644872,5.6807949818224355,3.9684769890934612,6.724635985457949,4.230794981822436,High_Plateau,0.5374117067019475,0.5052472034465828,30,-0.001434019
Acanthus,Xanthium,10,5.5,2.199422927095095,4.7497114635475475,3.4098268781285284,5.979769170838038,3.2997114635475477,High_Plateau,0.4421714722729164,0.3888354880493934,39,-0.001914772
Acanthus,Xeranthemum,10,5.5,2.1656011746385975,4.732800587319298,3.399680352391579,5.966240469855439,3.282800587319299,High_Plateau,0.6622620369146905,0.746971377,29,-0.002647475
Acanthus,Yucca,10,5.5,4.652620741804527,5.976310370902263,4.145786222541358,6.9610482967218115,4.526310370902264,High_Plateau,0.5056148934389956,0.5074618802703827,38,-0.001708412
Acanthus,Zinnia,10,5.5,2.2389537414195497,4.7694768707097746,3.421686122425865,5.995581497,3.3194768707097753,High_Plateau,0.4379885206779415,0.3722354936023315,38,-0.001840206
Acanthus,Ziziphora,10,5.5,2.173023859829954,4.736511929914977,3.4019071579489863,5.969209543931981,3.286511929914977,High_Plateau,0.712547775,0.7406122038140189,16,-0.002240807
Acanthus,Ziziphus,10,5.5,6.234445673508439,6.767222837,4.620333702052532,7.593778269403376,5.317222837,High_Plateau,0.3694213704949225,0.1448258441864417,27,-0.002518256
Acer,Achillea,10,5.5,6.146086048581434,6.7230430242907175,4.593825815,7.558434419432574,5.273043024290717,High_Plateau,0.4666472268970855,0.4624001412819883,42,-0.001692821
Acer,Achnatherum,10,5.5,6.161989918603799,6.730994959301899,4.598596976,7.564795967,5.280994959,High_Plateau,0.4025563994742342,0.2109067930706626,27,-0.00157271
Acer,Achyranthes,10,5.5,7.328450306785203,7.314225153392601,4.948535092035561,8.031380122714081,5.864225153392601,High_Plateau,0.3878496675154985,0.1816423752574129,27,-0.002317941
Acer,Adenocarpus,10,5.5,8.707022431732758,8.003511215866379,5.3621067295198275,8.582808972693103,6.553511215866379,High_Plateau,0.6468473926761292,0.6830545801564242,25,-0.001593495
Acer,Adiantum,10,5.5,6.239918753871791,6.769959376935896,4.621975626161538,7.595967501548717,5.319959376935896,High_Plateau,0.341392715,0.1216199190823501,31,-0.002391624
Acer,Adonis,10,5.5,5.573959130339173,6.436979565169587,4.4221877391017514,7.329583652135669,4.9869795651695865,High_Plateau,0.4586103825303886,0.2765641419949979,21,-0.015894967
Acer,Aegilops,10,5.5,4.49910649,5.899553245248595,4.099731947149157,6.899642596198876,4.449553245248595,High_Plateau,0.3598396795675722,0.248800537,42,-0.001770273
Acer,Aeluropus,10,5.5,6.365226154802897,6.832613077401449,4.659567846440869,7.646090461921159,5.382613077401449,High_Plateau,0.3177002246644011,0.1155128427952855,36,-0.003301693
Acer,Aeonium,10,5.5,8.653950067237364,7.976975033618682,5.346185020171209,8.561580026894946,6.526975033618682,High_Plateau,0.5001603038582673,0.3676249626424953,22,-0.014603966
Acer,Aesculus,10,5.5,8.651259535028917,7.975629767514459,5.345377860508675,8.560503814011566,6.525629767514459,High_Plateau,0.9586078586910268,0.9172157173820537,2,1
Acer,Agave,10,5.5,6.140292198221464,6.720146099110732,4.592087659466439,7.556116879288586,5.2701460991107325,High_Plateau,0.5052538353263807,0.4656979594534319,33,-0.001978841
Acer,Ageratina,10,5.5,7.479121001454302,7.389560500727151,4.9937363,8.091648400581722,5.939560500727151,High_Plateau,0.3260944573566954,0.1651142086500663,40,-0.002982634
Acer,Agrimonia,10,5.5,6.193164959945619,6.74658248,4.607949487983686,7.577265983978248,5.29658248,High_Plateau,0.5324665906911344,0.4215151837075522,21,-0.002088094
Acer,Agropyron,10,5.5,6.319645056026612,6.8098225280133065,4.645893516807984,7.627858022410646,5.359822528013306,High_Plateau,0.3156181201733755,0.1357786222076548,39,-0.002163964
Acer,Agrostemma,10,5.5,4.400932770613284,5.8504663853066425,4.070279831183985,6.860373108245314,4.400466385306642,High_Plateau,0.412808961,0.2314516151595154,27,-0.001771203
Acer,Agrostis,10,5.5,5.979501307556845,6.639750653778423,4.5438503922670535,7.491800523022738,5.189750653778423,High_Plateau,0.434857642,0.3661999360749624,38,-0.002971204
Acer,Aira,10,5.5,4.449905647598577,5.874952823799289,4.084971694279573,6.879962259039431,4.424952823799289,High_Plateau,0.3930193703339228,0.2740491257411904,37,-0.001695761
Acer,Ajuga,10,5.5,5.957892697,6.628946348,4.537367809063472,7.4831570787512955,5.178946348,High_Plateau,0.4713414588067605,0.3978113596048717,33,-0.001669607
Acer,Albizia,10,5.5,8.635259798234623,7.967629899117311,5.340577939470387,8.554103919,6.517629899117312,High_Plateau,0.5009621144118029,0.375602025,23,-0.005375282
Acer,Alcea,10,5.5,6.281705185,6.790852592404885,4.634511555442931,7.612682073923908,5.340852592404885,High_Plateau,0.5073751111410446,0.3552689647506079,19,-0.003963575
Acer,Alchemilla,10,5.5,6.348592437,6.824296219,4.654577731221758,7.639436974962344,5.374296218702931,High_Plateau,0.3528730361587308,0.086909522,24,-0.00170766
Acer,Alisma,10,5.5,6.424018975468234,6.862009487734117,4.677205693,7.669607590187294,5.412009487734117,High_Plateau,0.6472781830184776,0.6839673221190344,25,-0.001849301
Acer,Alkanna,10,5.5,6.0092531983791755,6.654626599189587,4.5527759595137525,7.503701279,5.204626599189588,High_Plateau,0.6085788183555458,0.5984250892140008,24,-0.002227673
Acer,Allium,10,5.5,6.244755726861003,6.772377863430501,4.623426718058301,7.597902290744401,5.322377863430502,High_Plateau,0.4855362401102865,0.3773429696289009,27,-0.003955187
Acer,Allocasuarina,10,5.5,8.657642578074535,7.978821289037267,5.347292773,8.563057031229814,6.528821289037268,High_Plateau,0.5032492552981189,0.3632466112715405,21,-0.002918586
Acer,Alnus,10,5.5,8.639823556055477,7.969911778027738,5.341947066816643,8.555929422,6.519911778027739,High_Plateau,0.6620378084639821,0.6807928230026054,21,-0.002764113
Acer,Aloe,10,5.5,7.615770215910816,7.457885107955407,5.034731064773245,8.146308086364327,6.007885107955408,High_Plateau,0.3631961010390606,0.1569826623102253,30,-0.00226737
Acer,Alopecurus,10,5.5,5.717882746958171,6.508941373479086,4.465364824087452,7.387153098783269,5.058941373479086,High_Plateau,0.3935876659995927,0.316479024,42,-0.002682844
Acer,Alternanthera,10,5.5,6.027985252847475,6.663992626423737,4.5583955758542425,7.511194101,5.213992626423737,High_Plateau,0.3738892739245401,0.1620338718837879,28,-0.002783469
Acer,Althaea,10,5.5,5.5357558009834085,6.417877900491704,4.410726740295022,7.314302320393363,4.967877900491704,High_Plateau,0.4876646537138968,0.3156005486547403,19,-0.002726069
Acer,Alyssum,10,5.5,5.575987106257774,6.437993553128887,4.422796131877332,7.330394842503109,4.987993553128887,High_Plateau,0.5218649458376416,0.3759131237125127,18,-0.003381914
Acer,Amaranthus,10,5.5,4.460767937107701,5.880383968553851,4.088230381132311,6.884307175,4.430383968553851,High_Plateau,0.4519798936262829,0.285314235,24,-0.002662647
Acer,Amelanchier,10,5.5,8.651163368,7.975581684249384,5.345349010549631,8.560465347399507,6.525581684249385,High_Plateau,0.6216194196437227,0.6163509057790513,23,-0.002546634
Acer,Ammi,10,5.5,4.417870216309692,5.858935108154846,4.075361064892908,6.867148086523876,4.4089351081548465,High_Plateau,0.3802308231038765,0.2239343172866421,34,-0.002294862
Acer,Amorpha,10,5.5,8.708378756649964,8.004189378324982,5.362513626994989,8.583351502659985,6.554189378324982,High_Plateau,0.6632139479880372,0.6831154234006869,21,-0.002615719
Acer,Anabasis,10,5.5,8.63390751,7.966953754813515,5.340172252888109,8.553563003850812,6.516953754813515,High_Plateau,0.4561749665543255,0.3100147890895794,26,-0.00202291
Acer,Anacyclus,10,5.5,4.910910841488212,6.105455420744105,4.223273252446464,7.064364336595284,4.655455420744106,High_Plateau,0.3543397040988258,0.2377850956854691,42,-0.001692821
Acer,Anarrhinum,10,5.5,5.324908179922173,6.312454089961086,4.347472453976652,7.229963271968869,4.862454089961087,High_Plateau,0.4373311264071876,0.3134796241777465,31,-0.002306035
Acer,Anchusa,10,5.5,5.231447354040557,6.265723677020278,4.319434206212167,7.1925789416162225,4.815723677020278,High_Plateau,0.4408096034223427,0.287338997,27,-0.001201691
Acer,Andropogon,10,5.5,6.327626277825501,6.813813139,4.648287883,7.6310505111302005,5.363813139,High_Plateau,0.3211053637090068,0.1304152881272018,37,-0.002666639
Acer,Androsace,10,5.5,5.355994304878613,6.327997152439306,4.356798291463583,7.242397721951445,4.877997152439306,High_Plateau,0.5328064469397233,0.4386041106281103,23,-0.001942385
Acer,Andryala,10,5.5,5.586514258295962,6.443257129,4.425954277488788,7.334605703318385,4.993257129147981,High_Plateau,0.3323192545120942,0.1363319248660585,35,-0.002302696
Acer,Anemone,10,5.5,6.229476632755818,6.764738316377909,4.618842989826746,7.591790653102327,5.314738316377909,High_Plateau,0.5005253169522839,0.3907268094808745,25,-0.003175398
Acer,Anthemis,10,5.5,5.376821220953195,6.338410610476597,4.363046366285959,7.250728488381278,4.888410610476598,High_Plateau,0.3643521955404848,0.2496656709714524,41,-0.002066673
Acer,Anthericum,10,5.5,6.298998958728049,6.799499479364025,4.639699687618415,7.619599583,5.349499479364025,High_Plateau,0.4480939395073223,0.3351003192093619,31,-0.002781379
Acer,Anthoxanthum,10,5.5,5.401728243062749,6.350864121531375,4.370518472918825,7.260691297225099,4.900864121531375,High_Plateau,0.3860322168334426,0.3258504227979342,45,-0.001806658
Acer,Anthriscus,10,5.5,5.032200200825173,6.166100100412587,4.259660060247552,7.112880080330069,4.716100100412587,High_Plateau,0.3978414668981258,0.2671774366592587,35,-0.001308131
Acer,Anthyllis,10,5.5,7.505241737859027,7.402620868929514,5.0015725213577085,8.102096695143612,5.952620868929514,High_Plateau,0.5836290156441568,0.5999136711927971,30,-0.012593268
Acer,Antinoria,10,5.5,4.894929750888432,6.097464875444215,4.218478925266529,7.057971900355373,4.647464875444216,High_Plateau,0.3443239658943399,0.094543479,27,-0.002080477
Acer,Antirrhinum,10,5.5,6.066118263515474,6.683059131757737,4.5698354790546425,7.526447305,5.233059131757737,High_Plateau,0.5005421311796902,0.4645152565236213,34,-0.002086478
Acer,Aphanes,10,5.5,4.299145757433855,5.799572878716928,4.039743727230157,6.819658302973542,4.349572878716928,High_Plateau,0.350973979,0.083111407,24,-0.00170766
Acer,Apium,10,5.5,5.241636605837284,6.2708183029186415,4.322490981751185,7.196654642334914,4.820818302918642,High_Plateau,0.4677068266889421,0.3658926830336459,30,-0.001710217
Acer,Arabidopsis,10,5.5,4.456460236833439,5.878230118416719,4.086938071050032,6.882584094733376,4.428230118416719,High_Plateau,0.4863076547542469,0.3206780618694387,20,-0.000587734
Acer,Arabis,10,5.5,5.595044523144842,6.447522261572421,4.428513356943452,7.338017809257937,4.997522261572421,High_Plateau,0.4031962025174443,0.1219053725503311,16,-0.002222372
Acer,Arbutus,10,5.5,8.621351762398028,7.960675881199014,5.336405528719409,8.548540704959212,6.510675881199014,High_Plateau,0.4901250987349912,0.3700263371274059,25,-0.003675219
Acer,Arceuthobium,10,5.5,6.333465053201841,6.816732527,4.650039515960552,7.633386021280737,5.366732527,High_Plateau,0.3546162847917931,0.091123811,24,-0.005346617
Acer,Arenaria,10,5.5,5.370312869475943,6.335156434737971,4.361093860842783,7.248125147790377,4.885156434737972,High_Plateau,0.533319822,0.4478207308069863,24,-0.001795846
Acer,Argyrolobium,10,5.5,7.458282195834535,7.379141097917268,4.987484659,8.083312878333814,5.929141097917268,High_Plateau,0.4677253575803965,0.257419374,18,0.047690953
Acer,Arisaema,10,5.5,6.231089721285452,6.765544860642725,4.619326916385635,7.592435888514181,5.315544860642726,High_Plateau,0.4958063791443116,0.3894705877452943,26,-0.002987777
Acer,Arisarum,10,5.5,6.295288159950014,6.797644079975007,4.638586447985004,7.618115263980005,5.347644079975007,High_Plateau,0.4820753205483429,0.3369731175289121,23,-0.001098684
Acer,Aristida,10,5.5,5.396181731953181,6.348090865976591,4.3688545195859545,7.258472692781273,4.898090865976591,High_Plateau,0.4539707876238407,0.3553719994697356,32,-0.004275409
Acer,Aristolochia,10,5.5,6.798982293989381,7.049491147,4.789694688196814,7.819592917595752,5.599491146994691,High_Plateau,0.553551373,0.4350138329939533,18,0.017978809
Acer,Armeria,10,5.5,6.941286105817913,7.120643052908957,4.832385831745373,7.876514442327165,5.670643052908957,High_Plateau,0.5349220128608845,0.4429994258146699,23,-0.002763302
Acer,Arrhenatherum,10,5.5,6.199153512368032,6.749576756184016,4.609746054,7.579661404947213,5.299576756184017,High_Plateau,0.5069089465514778,0.5511691869313229,43,-0.001824962
Acer,Artemisia,10,5.5,6.671993068688183,6.985996534344091,4.751597920606455,7.7687972274752735,5.535996534344092,High_Plateau,0.5074552918962073,0.486782608,35,-0.003195736
Acer,Arum,10,5.5,6.264372042885346,6.782186021442673,4.629311612865603,7.605748817154138,5.3321860214426735,High_Plateau,0.4812242605813667,0.3685730836079038,27,-0.003225552
Acer,Arundo,10,5.5,6.129074628838296,6.7145373144191485,4.5887223886514885,7.551629851535319,5.264537314419148,High_Plateau,0.3942965696536755,0.2273104480709697,31,-0.001805722
Acer,Asparagus,10,5.5,6.1006440212189075,6.700322010609454,4.5801932063656725,7.540257608487563,5.2503220106094535,High_Plateau,0.5279313740977588,0.4949091393283476,31,-0.003451134
Acer,Asperula,10,5.5,6.201396653639035,6.750698326819517,4.610418996091711,7.580558661455614,5.300698326819518,High_Plateau,0.4925871560095389,0.3994048529524243,28,-0.002659554
Acer,Asphodeline,10,5.5,6.217017053720334,6.758508526860167,4.615105116,7.586806821488134,5.308508526860168,High_Plateau,0.4932674697106879,0.4009906839508092,28,-0.003785572
Acer,Asphodelus,10,5.5,6.039272645,6.6696363225623845,4.561781793537431,7.515709058049908,5.219636322562385,High_Plateau,0.3620837904884563,0.1386233255063459,28,-0.003785572
Acer,Asplenium,10,5.5,6.245535167821321,6.772767584,4.623660550346396,7.598214067128529,5.322767583910661,High_Plateau,0.4616734668805409,0.3784433446259633,33,-0.001509452
Acer,Asteriscus,10,5.5,5.180887643262525,6.2404438216312625,4.304266292978758,7.172355057,4.790443821631262,High_Plateau,0.3264553753751039,0.1327719816655345,36,-0.002045881
Acer,Astragalus,10,5.5,6.035473204709388,6.667736602354694,4.560641961412816,7.5141892818837555,5.2177366023546945,High_Plateau,0.5302180344254271,0.4810722328516977,29,0.006408221
Acer,Asyneuma,10,5.5,6.364225797837507,6.832112898918753,4.659267739351252,7.645690319135003,5.382112898918754,High_Plateau,0.31775008,0.082500478,32,-0.002124873
Acer,Athamanta,10,5.5,6.110652062409853,6.705326031204926,4.5831956187229554,7.544260824963942,5.255326031204927,High_Plateau,0.611421252,0.6160872269654522,26,0.020077759
Acer,Atractylis,10,5.5,5.701659221723622,6.500829611,4.460497766517086,7.380663688689449,5.050829610861811,High_Plateau,0.3587429315033066,0.1319105540792438,28,-0.003630305
Acer,Atriplex,10,5.5,5.590699301965668,6.445349650982834,4.427209790589701,7.336279720786267,4.995349650982835,High_Plateau,0.4918748522715662,0.414304824,30,-0.002090664
Acer,Atropa,10,5.5,6.230388328967921,6.765194164,4.619116498690376,7.592155331587168,5.315194164483961,High_Plateau,0.5404108929978891,0.5030589208269152,29,-0.001596633
Acer,Avena,10,5.5,4.502244106508571,5.901122053254285,4.100673231952571,6.900897642603429,4.451122053254286,High_Plateau,0.3545539986205159,0.2464592910693993,43,-0.001824962
Acer,Avenula,10,5.5,6.167151100741317,6.7335755503706585,4.600145330222395,7.5668604402965265,5.283575550370658,High_Plateau,0.5658147175390288,0.5377881574074757,27,-0.003396351
Acer,Baldellia,10,5.5,6.109840163040252,6.704920081520125,4.582952048912075,7.543936065216101,5.254920081520126,High_Plateau,0.5503548683467336,0.4901206927755464,25,-0.001849301
Acer,Ballota,10,5.5,6.578510851861944,6.9392554259309716,4.723553255558583,7.731404340744778,5.489255425930972,High_Plateau,0.4628448317660569,0.4219203181008135,38,-0.001701218
Acer,Barbarea,10,5.5,5.054719036311177,6.177359518155589,4.266415710893353,7.121887614524471,4.7273595181555885,High_Plateau,0.4836155104091794,0.2828435708186088,16,-0.002720284
Acer,Bassia,10,5.5,5.012457447433073,6.156228723716536,4.253737234229922,7.104982978973229,4.706228723716537,High_Plateau,0.4788780075954981,0.33922528,24,-0.003236735
Acer,Bellevalia,10,5.5,6.386081014393046,6.843040507196523,4.665824304317914,7.654432405757218,5.393040507196523,High_Plateau,0.3350139324066675,0.075925386,27,-0.002090348
Acer,Bellis,10,5.5,5.839152189629563,6.569576094814781,4.501745656888869,7.435660875851825,5.119576094814782,High_Plateau,0.4839882431498366,0.4724727588043764,39,-0.001933417
Acer,Berberis,10,5.5,8.647145003,7.9735725013374505,5.3441435008024705,8.558858001,6.523572501,High_Plateau,0.6353076501012446,0.6179011227564395,20,0.003296915
Acer,Beta,10,5.5,5.238278336160036,6.269139168080018,4.321483500848011,7.195311334464014,4.819139168080018,High_Plateau,0.514838964,0.4110194953441123,24,-0.002598246
Acer,Biarum,10,5.5,6.213646540873292,6.756823270436646,4.614093962261988,7.585458616349317,5.306823270436646,High_Plateau,0.5198715662716915,0.4037548637019444,22,0.001859152
Acer,Bidens,10,5.5,4.948723718030933,6.124361859015466,4.2346171154092795,7.079489487212373,4.674361859015466,High_Plateau,0.4388557018099257,0.3415609988428844,34,-0.004179483
Acer,Bifora,10,5.5,4.417870216309692,5.858935108154846,4.075361064892908,6.867148086523876,4.4089351081548465,High_Plateau,0.3761087856510066,0.2239343172866421,35,-0.002419346
Acer,Biscutella,10,5.5,6.491088785249655,6.895544392624828,4.697326635574896,7.696435514099862,5.445544392624828,High_Plateau,0.5327382160703646,0.3891853773238206,17,-0.00210637
Acer,Boerhavia,10,5.5,5.1377123398859235,6.218856169942962,4.291313701965777,7.155084936,4.768856169942962,High_Plateau,0.4930935586502634,0.3839362002408821,26,-0.002444045
Acer,Bombycilaena,10,5.5,4.256921577286549,5.778460788643274,4.027076473185964,6.8027686309146205,4.328460788643275,High_Plateau,0.292642251,0.098286539,40,-0.003366345
Acer,Borago,10,5.5,5.156533122342392,6.228266561171196,4.296959936702717,7.162613248936957,4.778266561171196,High_Plateau,0.5119386578025061,0.4295971058895019,27,-0.001201691
Acer,Bothriochloa,10,5.5,6.3692282610073265,6.834614130503663,4.660768478302198,7.647691304402931,5.384614130503664,High_Plateau,0.3045987553942086,0.1136781623551635,39,-0.001855313
Acer,Botrychium,10,5.5,6.159621656973593,6.729810828486796,4.597886497092078,7.563848662789438,5.279810828486797,High_Plateau,0.5375921494459689,0.4494611600496048,23,-0.008370607
Acer,Brachypodium,10,5.5,5.699720980051449,6.499860490025725,4.459916294015435,7.379888392,5.049860490025725,High_Plateau,0.4748062399662062,0.4051371489581912,33,-0.003650742
Acer,Brassica,10,5.5,5.004068707599719,6.152034353799859,4.251220612279916,7.101627483039888,4.702034354,High_Plateau,0.4749737781313545,0.306537236,21,-0.002126482
Acer,Briza,10,5.5,4.822175171000953,6.061087585500476,4.196652551300286,7.028870068400382,4.611087585500476,High_Plateau,0.4188322808621676,0.2848219905418839,32,-0.002910432
Acer,Bromus,10,5.5,5.099231043463216,6.199615521731608,4.2797693130389645,7.1396924173852865,4.749615521731608,High_Plateau,0.4233786971906433,0.2774712894458403,30,-0.002884544
Acer,Bryonia,10,5.5,6.240061361573983,6.770030680786991,4.622018408472195,7.596024544629593,5.320030680786992,High_Plateau,0.4014310044567588,0.1350090715760437,18,-0.003201067
Acer,Buddleja,10,5.5,8.644460394742168,7.9722301973710845,5.3433381184226505,8.557784157896867,6.522230197371084,High_Plateau,0.5792609852049662,0.6219078233964667,34,-0.001860772
Acer,Bufonia,10,5.5,5.616561577926999,6.458280788963499,4.434968473,7.3466246311707994,5.008280789,High_Plateau,0.424610718,0.2059927259634143,21,-0.003034537
Acer,Buglossoides,10,5.5,5.029606980845755,6.1648034904228775,4.258882094253726,7.111842792338303,4.714803490422877,High_Plateau,0.4997547983288525,0.4134130225376362,28,-0.001023979
Acer,Bunium,10,5.5,6.110652062409853,6.705326031204926,4.5831956187229554,7.544260824963942,5.255326031204927,High_Plateau,0.611421252,0.6160872269654522,26,0.020077759
Acer,Bupleurum,10,5.5,5.540722545861668,6.420361272930833,4.412216764,7.316289018344667,4.970361272930834,High_Plateau,0.446898258,0.3083006326066047,28,-0.004027437
Acer,Buxus,10,5.5,8.648043953607873,7.974021976803936,5.344413186082361,8.559217581,6.524021976803937,High_Plateau,0.6512967059599949,0.6174702921664974,16,0.000958065
Acer,Cachrys,10,5.5,6.2090590218228865,6.754529510911443,4.612717706546865,7.583623608729155,5.304529510911443,High_Plateau,0.5085523332048336,0.4109134501950128,26,0.017257451
Acer,Cakile,10,5.5,4.3766900388097385,5.838345019404869,4.063007011642922,6.850676015523895,4.388345019,High_Plateau,0.422691465,0.2432792853665379,26,-0.003180408
Acer,Calamagrostis,10,5.5,6.136563522099566,6.7182817610497825,4.590969057,7.554625408839827,5.268281761049783,High_Plateau,0.3351820371276014,0.2244419065489376,45,-0.003265874
Acer,Calendula,10,5.5,4.661411199225197,5.980705599612598,4.148423359767559,6.964564479690079,4.530705599612599,High_Plateau,0.4304965670910985,0.3080415931229762,32,-0.002365582
Acer,Calicotome,10,5.5,8.708378756649964,8.004189378324982,5.362513626994989,8.583351502659985,6.554189378324982,High_Plateau,0.6428269407807389,0.6831154234006869,26,-0.001006339
Acer,Callistemon,10,5.5,8.645645354209805,7.972822677104903,5.343693606262941,8.558258141683922,6.5228226771049025,High_Plateau,0.663596814,0.6217124954762108,13,-0.020539544
Acer,Callitriche,10,5.5,4.7802126609454225,6.040106330472711,4.184063798283627,7.012085064378169,4.590106330472711,High_Plateau,0.4099629210814605,0.2503521173875985,30,-0.001446445
Acer,Calystegia,10,5.5,6.339483352560513,6.819741676280256,4.651845005768154,7.635793341024206,5.369741676280256,High_Plateau,0.5412103845583558,0.4802747709161558,26,-0.002968639
Acer,Camelina,10,5.5,4.373503056640015,5.836751528320008,4.062050916992004,6.849401222656006,4.386751528320008,High_Plateau,0.4598808984604961,0.2439656386648384,17,-0.004580853
Acer,Campanula,10,5.5,5.6055397683657775,6.452769884182889,4.431661930509733,7.342215907346311,5.002769884182889,High_Plateau,0.5129183041866789,0.4094066827129669,24,-0.013740783
Acer,Capsella,10,5.5,5.091630572458937,6.195815286229468,4.277489171737681,7.136652228983575,4.745815286229469,High_Plateau,0.453595784,0.255254321,20,-0.000587734
Acer,Cardamine,10,5.5,5.576627225653271,6.438313612826636,4.422988167695982,7.330650890261309,4.988313612826635,High_Plateau,0.5272920458880594,0.3782399205067343,17,-0.001840787
Acer,Cardiospermum,10,5.5,5.697454950266994,6.498727475133497,4.459236485080098,7.378981980106797,5.0487274751334965,High_Plateau,0.6697833395134107,0.530957259,5,0.1663347733562742
Acer,Carduncellus,10,5.5,6.123441657498639,6.7117208287493195,4.5870324972495915,7.549376662999456,5.261720829,High_Plateau,0.5373487308663135,0.480572029,27,-0.001975577
Acer,Carduus,10,5.5,4.886026921725255,6.093013460862627,4.215808076517576,7.0544107686901025,4.643013460862628,High_Plateau,0.4295597798034509,0.3718406585187553,40,-0.001961659
Acer,Carex,10,5.5,6.284648241357632,6.792324120678816,4.635394472,7.613859296543053,5.342324120678816,High_Plateau,0.4605904022975579,0.3354318749836468,28,-0.002762201
Acer,Carlina,10,5.5,5.474565578171079,6.387282789085539,4.392369673451324,7.289826231268432,4.937282789,High_Plateau,0.5080201615293327,0.4306202544764124,28,-0.004406506
Acer,Carpobrotus,10,5.5,7.1150618694350705,7.207530934717536,4.8845185608305215,7.946024747774029,5.757530934717535,High_Plateau,0.4057710276245831,0.1927448271745425,24,-0.001904271
Acer,Carthamus,10,5.5,4.389986517965423,5.844993258982711,4.066995955389627,6.855994607186169,4.394993258982712,High_Plateau,0.4126393215534909,0.321678142,38,-0.002545442
Acer,Castanea,10,5.5,8.644792332265306,7.972396166132652,5.343437699679592,8.557916932906123,6.522396166132653,High_Plateau,0.6313620783148656,0.6192087403886526,21,-0.001601001
Acer,Casuarina,10,5.5,8.619477548,7.9597387742398205,5.335843264543891,8.547791019391855,6.509738774,High_Plateau,0.5077088311857357,0.3721657630467743,21,-0.002918586
Acer,Catananche,10,5.5,5.154402973711306,6.227201486855654,4.296320892113392,7.161761189484523,4.777201486855653,High_Plateau,0.4551338390387515,0.4313957552338953,41,-0.00290066
Acer,Catapodium,10,5.5,4.386758160721961,5.843379080360981,4.066027448216588,6.854703264288784,4.3933790803609805,High_Plateau,0.4073999859716278,0.3357132608836953,41,-0.001826719
Acer,Cedrus,10,5.5,8.709530910573044,8.004765455286522,5.362859273171913,8.583812364229217,6.554765455286522,High_Plateau,0.5773161997674067,0.5281787058084852,23,-0.004717833
Acer,Celtis,10,5.5,8.630336660381325,7.965168330190663,5.339100998114397,8.552134664152529,6.515168330190662,High_Plateau,0.4637860930837642,0.2841240371552639,21,-0.001937337
Acer,Cenchrus,10,5.5,4.945247640077807,6.122623820038903,4.233574292023342,7.078099056031123,4.672623820038904,High_Plateau,0.309324302,0.090372505,35,-0.002455126
Acer,Centaurea,10,5.5,5.5826978832159355,6.441348941607968,4.424809364964781,7.333079153286374,4.991348941607968,High_Plateau,0.4817085673223609,0.4598559057574919,38,-0.002741801
Acer,Centaurium,10,5.5,4.428589302814811,5.8642946514074055,4.078576790844443,6.871435721125925,4.414294651407406,High_Plateau,0.430821162,0.275389718,28,-0.00024382
Acer,Cephalanthera,10,5.5,6.316761134697513,6.808380567348756,4.645028340409254,7.626704453879006,5.358380567348757,High_Plateau,0.4547661405437787,0.3236362678173323,28,-0.002026783
Acer,Cephalaria,10,5.5,5.999159416616705,6.6495797083083525,4.549747824985012,7.499663766646682,5.199579708308352,High_Plateau,0.4851681414120535,0.3774940226478869,27,-0.008391439
Acer,Cerastium,10,5.5,5.284961394548743,6.292480697274371,4.335488418364623,7.213984557819497,4.842480697274372,High_Plateau,0.5038916247689409,0.4300784730559879,29,-0.001887076
Acer,Ceratophyllum,10,5.5,6.301686279597643,6.800843139798822,4.6405058838792925,7.6206745118390575,5.350843139798822,High_Plateau,0.5025812350468809,0.329197714,17,-0.003737861
Acer,Cerinthe,10,5.5,4.631511052837019,5.965755526418509,4.139453315851106,6.952604421134808,4.515755526418509,High_Plateau,0.4820569625263517,0.3623392105464143,26,-0.004825058
Acer,Cestrum,10,5.5,8.676292442,7.988146221,5.352887732698748,8.570516976931664,6.538146221,High_Plateau,0.475588299,0.3407700267636974,25,-0.002761666
Acer,Chaenomeles,10,5.5,8.645438874,7.972719437249804,5.343631662349883,8.558175549799843,6.522719437249805,High_Plateau,0.6619535400045473,0.7217114458576659,26,-0.002720459
Acer,Chaenorhinum,10,5.5,5.260504599004766,6.280252299502383,4.3281513797014295,7.2042018396019065,4.8302522995023836,High_Plateau,0.4164220354473466,0.2881812072826656,33,-0.002713079
Acer,Chaerophyllum,10,5.5,5.433746718096623,6.366873359048311,4.380124015428986,7.273498687,4.916873359048312,High_Plateau,0.4457967054633153,0.3630879137896381,35,-0.001308131
Acer,Chamaecyparis,10,5.5,8.652390745775735,7.976195372887867,5.345717224,8.560956298310295,6.526195372887868,High_Plateau,0.5954256303854875,0.5725402395845184,24,-0.004335305
Acer,Chamaecytisus,10,5.5,8.72842328,8.014211639945845,5.368526983967507,8.591369311956676,6.564211639945845,High_Plateau,0.4560473808848718,0.3095563036089527,26,-0.001006339
Acer,Chamaemelum,10,5.5,5.199481306775601,6.249740653,4.309844392,7.179792523,4.799740653387801,High_Plateau,0.3634816496122032,0.2478503251759846,41,-0.001695404
Acer,Cheilanthes,10,5.5,6.2810617794660795,6.79053089,4.634318533839824,7.612424711786431,5.34053089,High_Plateau,0.45535607,0.349443913,31,-0.001878046
Acer,Cheirolophus,10,5.5,6.269122269080003,6.784561134540001,4.6307366807240005,7.607648907632001,5.334561134540001,High_Plateau,0.4253896456093082,0.3553672930643534,39,-0.002392064
Acer,Chenopodium,10,5.5,4.553317484565393,5.926658742282696,4.115995245369618,6.921326993826158,4.476658742282696,High_Plateau,0.4827592131310654,0.3223570366898223,21,-0.003371134
Acer,Chloris,10,5.5,5.654145907225288,6.477072953612645,4.446243772167587,7.3616583628901155,5.027072953612644,High_Plateau,0.2967291899731067,0.1143355690456508,41,-0.001646219
Acer,Chondrilla,10,5.5,5.598570469768214,6.4492852348841065,4.429571140930464,7.339428187907286,4.999285234884107,High_Plateau,0.2848371993041041,0.082540639,40,-0.002687365
Acer,Christella,10,5.5,6.3562296703009755,6.828114835150488,4.656868901090292,7.642491868,5.3781148351504875,High_Plateau,0.3176931862912017,0.09051805,33,-0.001685783
Acer,Chrozophora,10,5.5,4.291515413,5.795757706585815,4.037454623951489,6.816606165268652,4.345757706585815,High_Plateau,0.351984937,0.093589784,25,-0.002894074
Acer,Chrysanthemum,10,5.5,5.008819967829454,6.154409983914727,4.252645990348836,7.103527987131782,4.7044099839147275,High_Plateau,0.2896157722952396,0.067211818,37,-0.001545205
Acer,Cicer,10,5.5,5.753580884559589,6.526790442279794,4.476074265367877,7.401432353823836,5.076790442279794,High_Plateau,0.5317421082931542,0.4805736353333547,28,-0.016953943
Acer,Cichorium,10,5.5,5.568924157271407,6.434462078635704,4.420677247181422,7.327569662908563,4.984462078635704,High_Plateau,0.4825519253191335,0.453199296,37,-0.002121064
Acer,Cinnamomum,10,5.5,8.651561940512828,7.975780970256414,5.345468582153848,8.560624776205131,6.525780970256414,High_Plateau,0.6334061280754508,0.606405388,19,0.000664478
Acer,Circaea,10,5.5,6.236290265,6.768145132,4.620887079472406,7.5945161059632085,5.318145132,High_Plateau,0.5606435629115409,0.4096734177602513,13,0.010123335
Acer,Cirsium,10,5.5,5.354458623905176,6.327229311952587,4.356337587171552,7.241783449562071,4.877229311952588,High_Plateau,0.4415414771796773,0.3958040532712081,40,-0.001961659
Acer,Cistanche,10,5.5,6.333238139139038,6.816619069569519,4.6499714417417115,7.633295255655615,5.366619069569519,High_Plateau,0.3301779744291404,0.090732933,30,-0.001199989
Acer,Cistus,10,5.5,8.752663144306124,8.026331572153062,5.375798943291837,8.601065258,6.576331572153062,High_Plateau,0.4559972558646015,0.2213376547989217,12,-0.135756811
Acer,Citrullus,10,5.5,4.9062061814249605,6.103103091,4.221861854427488,7.062482472569984,4.653103090712481,High_Plateau,0.3657752777784605,0.088193311,21,-0.002391859
Acer,Citrus,10,5.5,8.747499138196208,8.023749569098104,5.374249741458862,8.598999655278483,6.573749569098104,High_Plateau,0.4477670580493453,0.1964982611986689,8,-0.258245383
Acer,Cladanthus,10,5.5,4.4558271868576735,5.877913593428836,4.086748156057302,6.882330875,4.427913593428837,High_Plateau,0.3982548237425837,0.2022202439384316,27,-0.001155722
Acer,Clematis,10,5.5,8.228392054074462,7.764196027037231,5.218517616222338,8.391356821629785,6.314196027037231,High_Plateau,0.5629833761729071,0.5311370000880806,27,0.001546022
Acer,Cleome,10,5.5,4.304961026636106,5.802480513318053,4.041488307990832,6.8219844106544425,4.352480513318053,High_Plateau,0.3927579217057889,0.08168951,11,-0.11100532
Acer,Clinopodium,10,5.5,5.805348910899313,6.552674455449656,4.491604673269794,7.422139564359725,5.102674455449657,High_Plateau,0.4483888162828758,0.3932079773527429,38,-0.002699669
Acer,Clypeola,10,5.5,4.373503056640015,5.836751528320008,4.062050916992004,6.849401222656006,4.386751528320008,High_Plateau,0.4518522482844076,0.2439656386648384,19,-0.002675573
Acer,Colchicum,10,5.5,6.232408568082915,6.766204284041457,4.619722570424875,7.592963427233166,5.316204284041458,High_Plateau,0.4917128934511633,0.3893473423398398,27,-0.002210517
Acer,Coleostephus,10,5.5,4.256921577286549,5.778460788643274,4.027076473185964,6.8027686309146205,4.328460788643275,High_Plateau,0.3459480988244782,0.098286539,27,-0.004554444
Acer,Colutea,10,5.5,8.703591767003761,8.001795883501881,5.361077530101128,8.581436706801504,6.551795883501881,High_Plateau,0.6298642583791798,0.6803646807592032,29,0.006408221
Acer,Conopodium,10,5.5,5.232639834781256,6.2663199173906285,4.319791950434377,7.193055933912502,4.816319917390628,High_Plateau,0.5796139508862441,0.5577637617840888,26,-0.00637793
Acer,Conringia,10,5.5,4.369106982197811,5.834553491098905,4.060732094659343,6.847642792879125,4.384553491098906,High_Plateau,0.4373374547666271,0.2396599357865582,22,-0.003007323
Acer,Convolvulus,10,5.5,6.063476465311507,6.6817382326557535,4.5690429395934515,7.525390586124603,5.231738232655754,High_Plateau,0.5383449046495883,0.4748811671702734,26,-0.004655419
Acer,Coris,10,5.5,5.157903438959677,6.228951719479838,4.297371031687903,7.163161376,4.7789517194798385,High_Plateau,0.5292501033151129,0.4276737310855965,23,0.017146076
Acer,Coronilla,10,5.5,6.259890569511998,6.779945284755999,4.627967171,7.603956227804799,5.329945284755999,High_Plateau,0.5551604468357709,0.5211401212003671,28,0.014397013
Acer,Corrigiola,10,5.5,5.244971234223032,6.272485617111515,4.323491370266909,7.197988493689213,4.822485617111516,High_Plateau,0.5038584306956696,0.3725250641338444,22,-0.002123205
Acer,Corydalis,10,5.5,5.381168976242271,6.340584488121135,4.364350692872681,7.2524675904969085,4.890584488121135,High_Plateau,0.5067859519649605,0.3628208217847989,20,-0.006518562
Acer,Corynephorus,10,5.5,4.883609510630801,6.091804755,4.215082853,7.053443804,4.641804755,High_Plateau,0.3901228133066964,0.3258903850205581,44,-0.002196395
Acer,Cotoneaster,10,5.5,8.829185637438899,8.064592818719449,5.398755691,8.631674255,6.614592819,High_Plateau,0.3786249849463832,0.1631483264876401,27,-0.002094523
Acer,Cotula,10,5.5,5.111664143220042,6.205832071610021,4.283499242966013,7.144665657288018,4.755832071610021,High_Plateau,0.4258883488770547,0.3398043054897375,37,-0.001781874
Acer,Crambe,10,5.5,6.024181154908597,6.662090577454299,4.557254346472579,7.509672461963438,5.2120905774542985,High_Plateau,0.5194189583216307,0.3953160272485189,21,-0.001568635
Acer,Crassula,10,5.5,5.105343152896189,6.202671576448094,4.2816029458688565,7.142137261158476,4.752671576448094,High_Plateau,0.524424183,0.3744667024773037,17,-0.011653324
Acer,Crataegus,10,5.5,8.650619004703742,7.975309502351871,5.345185701411122,8.560247601881496,6.525309502351871,High_Plateau,0.676249078,0.7257003549289829,23,-0.002997292
Acer,Crepis,10,5.5,5.392847743826448,6.346423871913224,4.3678543231479345,7.257139098,4.896423871913225,High_Plateau,0.4821247670275507,0.4278342365411838,34,-0.002855019
Acer,Crocus,10,5.5,6.236252178417946,6.768126089208973,4.620875653525384,7.594500871367178,5.318126089208973,High_Plateau,0.4692202945592709,0.3855612823143297,32,-0.002726754
Acer,Crotalaria,10,5.5,5.786720602391437,6.543360301195719,4.4860161807174315,7.4146882409565755,5.093360301195719,High_Plateau,0.571212296,0.510703187,22,-0.019475165
Acer,Crucianella,10,5.5,4.931492410733978,6.115746205366989,4.2294477232201935,7.0725969642935915,4.665746205,High_Plateau,0.4277033167306759,0.2694948134409498,28,-0.001947749
Acer,Crupina,10,5.5,4.256921577286549,5.778460788643274,4.027076473185964,6.8027686309146205,4.328460788643275,High_Plateau,0.3050203558222695,0.098286539,37,-0.00287297
Acer,Cucumis,10,5.5,4.313411696727343,5.806705848363672,4.044023509018203,6.825364678690937,4.356705848363672,High_Plateau,0.3674097452900126,0.091462246,21,-0.002391859
Acer,Cucurbita,10,5.5,4.930637815720794,6.115318907860397,4.229191344716238,7.072255126288318,4.665318907860398,High_Plateau,0.3801790992329306,0.1087762475060152,20,-0.002364218
Acer,Cullen,10,5.5,6.398032836,6.849016418174645,4.6694098509047866,7.659213134539716,5.399016418174645,High_Plateau,0.5615894088216016,0.545556613,29,-0.002299934
Acer,Cuphea,10,5.5,5.725859464,6.512929732,4.467757839204116,7.390343785605488,5.062929732,High_Plateau,0.4236318613173291,0.1308628955003178,12,-0.00703696
Acer,Cupressus,10,5.5,8.697730968,7.998865484,5.359319290263842,8.579092387018456,6.548865484,High_Plateau,0.4136695460111551,0.2174557632175339,25,-0.005377877
Acer,Cuscuta,10,5.5,4.842961632998644,6.071480816499322,4.202888489899593,7.037184653199457,4.6214808164993215,High_Plateau,0.4752422499766102,0.3404861448810848,25,-0.004802745
Acer,Cutandia,10,5.5,4.449905647598578,5.874952823799289,4.084971694279574,6.879962259039431,4.4249528237992894,High_Plateau,0.3765679184003754,0.2740491257411904,41,-0.001826719
Acer,Cyclamen,10,5.5,6.230825432070135,6.765412716035067,4.61924763,7.592330172828055,5.315412716035068,High_Plateau,0.5001975207859788,0.389685562,25,-0.001247125
Acer,Cymbalaria,10,5.5,6.190200660175448,6.745100330087723,4.6070601980526344,7.576080264070179,5.295100330087724,High_Plateau,0.485386319,0.4177729286142178,32,-0.002124745
Acer,Cymbopogon,10,5.5,6.148849706937346,6.724424853468673,4.594654912081204,7.5595398827749385,5.274424853468673,High_Plateau,0.367933633,0.215912472,36,-0.002965762
Acer,Cynanchum,10,5.5,8.649209131415843,7.974604565707921,5.344762739424753,8.559683652566337,6.5246045657079215,High_Plateau,0.5791713414844927,0.6054494478287059,32,-0.002657112
Acer,Cynara,10,5.5,6.109689902906181,6.704844951,4.582906970871854,7.543875961162472,5.254844951453091,High_Plateau,0.5016584041372264,0.4916172301649427,37,-0.003145945
Acer,Cynodon,10,5.5,6.301309042233007,6.8006545211165035,4.640392712669902,7.620523616893204,5.350654521116503,High_Plateau,0.4508888939668976,0.4226549770332326,41,-0.001646219
Acer,Cynoglossum,10,5.5,4.931788770937573,6.115894385468787,4.229536631281272,7.072715508,4.665894385468787,High_Plateau,0.4995660465286583,0.3625105612862617,22,0.005025467
Acer,Cynosurus,10,5.5,4.9879495773381075,6.143974788669054,4.246384873201432,7.095179830935243,4.693974788669054,High_Plateau,0.5019149001543888,0.5084774486925688,39,-0.002690297
Acer,Cyperus,10,5.5,5.606015876079096,6.453007938039548,4.431804762823729,7.342406350431638,5.0030079380395485,High_Plateau,0.3986781542245219,0.2691159744088058,35,-0.002633946
Acer,Cypripedium,10,5.5,6.400239615905442,6.850119807952721,4.670071884771632,7.660095846362177,5.400119807952722,High_Plateau,0.4323367000658025,0.2544268650370632,25,-0.003561845
Acer,Cytinus,10,5.5,6.364225797837507,6.832112898918753,4.659267739351252,7.645690319135003,5.382112898918754,High_Plateau,0.431431422,0.082500478,9,0.1894830613571844
Acer,Cytisus,10,5.5,8.717027764506346,8.008513882253173,5.365108329351903,8.586811106,6.558513882253173,High_Plateau,0.651904982,0.6760481457140757,23,0.001822787
Acer,Dactylis,10,5.5,6.2720794849131565,6.786039742456579,4.631623845473947,7.608831793965263,5.336039742456578,High_Plateau,0.4754503474315435,0.4474792264778172,38,-0.003440603
Acer,Dactylorhiza,10,5.5,6.240054459482971,6.770027229741485,4.622016337844891,7.596021783793189,5.320027229741486,High_Plateau,0.472293901,0.3997723206089809,33,-0.001949987
Acer,Daphne,10,5.5,8.803078480357337,8.051539240178668,5.390923544107201,8.621231392142935,6.601539240178669,High_Plateau,0.5995946225144889,0.4839157152678399,9,-0.135961118
Acer,Dasypyrum,10,5.5,5.379940137643087,6.339970068821543,4.363982041292926,7.251976055057234,4.889970068821544,High_Plateau,0.2998703347758202,0.1044723070141695,39,-0.003110242
Acer,Datura,10,5.5,4.621097290619534,5.960548645309767,4.136329187,6.948438916247813,4.5105486453097665,High_Plateau,0.4549155664210664,0.3323730534287689,29,-0.003120562
Acer,Daucus,10,5.5,4.501863950591014,5.9009319752955065,4.100559185177304,6.900745580236405,4.450931975295507,High_Plateau,0.4480359114597884,0.3921402550840259,38,-0.000890106
Acer,Delphinium,10,5.5,5.860186900616294,6.580093450308147,4.508056070184888,7.444074760246518,5.130093450308147,High_Plateau,0.5141968051076868,0.407809061,24,0.007032337
Acer,Dianthus,10,5.5,6.086583382227545,6.693291691113773,4.575975014668264,7.534633352891018,5.243291691113773,High_Plateau,0.527869834,0.4862395748705201,30,-0.001814602
Acer,Dichanthium,10,5.5,6.148849706937346,6.724424853468673,4.594654912081204,7.5595398827749385,5.274424853468673,High_Plateau,0.3557159104309949,0.215912472,39,-0.001855313
Acer,Digitalis,10,5.5,5.764714116118707,6.532357058059354,4.4794142348356125,7.405885646447484,5.082357058059354,High_Plateau,0.4866559248335985,0.4204239796531691,32,-0.002683938
Acer,Digitaria,10,5.5,4.856936294681987,6.078468147340994,4.2070808884045965,7.042774517872795,4.628468147340994,High_Plateau,0.4116243105316017,0.3114474590816266,37,-0.002638026
Acer,Dioscorea,10,5.5,6.201743663733055,6.750871831866528,4.610523099119916,7.5806974654932215,5.3008718318665276,High_Plateau,0.5338012346120791,0.4233608923909225,21,0.002029802
Acer,Diospyros,10,5.5,8.651955033455211,7.975977516727605,5.345586510036563,8.560782013382084,6.525977516727606,High_Plateau,0.5059586207895144,0.3675186921123857,21,0.002814665
Acer,Dipcadi,10,5.5,6.161584316357678,6.730792158178839,4.598475294907304,7.564633726543072,5.280792158178839,High_Plateau,0.503971334,0.4470809293068604,31,-0.00391048
Acer,Diplotaxis,10,5.5,5.049015396772811,6.174507698386405,4.264704619031843,7.119606158709125,4.724507698386406,High_Plateau,0.4725903389670264,0.2853477430331043,19,-0.002205189
Acer,Dipsacus,10,5.5,4.352154282718608,5.826077141359304,4.055646284815582,6.840861713087444,4.376077141359304,High_Plateau,0.429303083,0.2657639052713197,27,-0.008391439
Acer,Dittrichia,10,5.5,5.9350354875941775,6.617517743797089,4.530510646278254,7.474014195037672,5.167517743797089,High_Plateau,0.4324209951865646,0.3446275077400653,36,-0.001667313
Acer,Dodonaea,10,5.5,8.608743242418868,7.954371621209434,5.332622972725661,8.543497296967548,6.504371621209434,High_Plateau,0.9218457136667746,0.9235916644677958,4,0.6826905951506849
Acer,Doronicum,10,5.5,6.173343604784028,6.736671802392014,4.602003081435209,7.5693374419136115,5.286671802392014,High_Plateau,0.4925543094044372,0.4406908328053424,33,-0.003938467
Acer,Draba,10,5.5,5.759287943093785,6.529643971546893,4.4777863829281355,7.403715177237514,5.079643971546893,High_Plateau,0.4881464184270758,0.3657549654804353,25,-0.002105164
Acer,Dryopteris,10,5.5,6.303579760694877,6.801789880347439,4.641073928208463,7.6214319042779515,5.351789880347439,High_Plateau,0.3222847016146126,0.099804753,33,-0.002204147
Acer,Dysphania,10,5.5,4.538104171754107,5.919052085877054,4.111431251526232,6.915241668701643,4.4690520858770535,High_Plateau,0.4722742556997413,0.3422651918169955,26,-0.002282032
Acer,Ebenus,10,5.5,7.4539821434814835,7.376991071740742,4.9861946430444455,8.081592857392593,5.926991071740742,High_Plateau,0.5962527706083729,0.612961493,29,0.00730928
Acer,Echinochloa,10,5.5,4.3851690494119415,5.842584524705971,4.0655507148235825,6.854067619764777,4.3925845247059705,High_Plateau,0.4093078822853532,0.315026965,38,-0.002603946
Acer,Echinophora,10,5.5,6.2090590218228865,6.754529510911443,4.612717706546865,7.583623608729155,5.304529510911443,High_Plateau,0.5036333426813495,0.4109134501950128,26,-0.031932454
Acer,Echinops,10,5.5,5.980723956311442,6.640361978,4.544217186893432,7.492289582524577,5.190361978155721,High_Plateau,0.487558053,0.4304704888729578,33,-0.00279931
Acer,Echium,10,5.5,4.918519971964042,6.109259985982021,4.2255559915892125,7.067407988785616,4.659259985982021,High_Plateau,0.504062086,0.406372063,26,-0.004938092
Acer,Elaeagnus,10,5.5,8.6392893,7.96964465,5.34178679,8.55571572,6.51964465,High_Plateau,0.633604778,0.6157160124983072,20,-0.002806252
Acer,Elatine,10,5.5,4.632982270103663,5.9664911350518315,4.139894681031099,6.953192908041466,4.516491135051831,High_Plateau,0.5020566935865398,0.3606472638372541,21,-0.001847466
Acer,Eleocharis,10,5.5,5.940264075897397,6.620132037948698,4.5320792227692195,7.476105630358958,5.170132037948699,High_Plateau,0.4165820529991328,0.2966284722705454,34,-0.002253338
Acer,Eleusine,10,5.5,5.2588007301261595,6.279400365063079,4.327640219037848,7.203520292050464,4.829400365,High_Plateau,0.4161475379804301,0.3450406672197008,40,-0.002084121
Acer,Elymus,10,5.5,6.390807796512135,6.845403898256068,4.667242339,7.656323118604854,5.395403898256068,High_Plateau,0.4349065842373775,0.3499665115321735,36,-0.003506441
Acer,Enarthrocarpus,10,5.5,4.373503056640015,5.836751528320008,4.062050916992004,6.849401222656006,4.386751528320008,High_Plateau,0.4108191448867765,0.2439656386648384,29,-0.002047703
Acer,Enneapogon,10,5.5,6.0093038245482875,6.654651912274144,4.552791147364486,7.503721529819315,5.204651912274144,High_Plateau,0.455306945,0.3825152996600131,35,-0.003342669
Acer,Ephedra,10,5.5,8.710601109,8.005300554363245,5.363180332617947,8.584240443490597,6.555300554363245,High_Plateau,0.4257626474540275,0.1969749992974288,20,0.012477505
Acer,Epilobium,10,5.5,6.035607669170515,6.667803834585257,4.5606823007511545,7.514243067668206,5.217803834585258,High_Plateau,0.5399337535861768,0.3696547530871628,13,0.003118565
Acer,Epimedium,10,5.5,6.012269348049525,6.656134674024763,4.553680804414857,7.504907739,5.206134674024763,High_Plateau,0.5363789018650886,0.4351876229445567,21,-0.031327178
Acer,Epipactis,10,5.5,6.296497733395703,6.798248866697851,4.63894932,7.618599093358281,5.348248866697851,High_Plateau,0.4616386351030058,0.3373812569357866,28,-0.002026783
Acer,Equisetum,10,5.5,6.372475204220931,6.836237602110465,4.661742561266279,7.648990081688373,5.386237602110466,High_Plateau,0.457716186,0.2795354798978495,22,0.001402273
Acer,Eragrostis,10,5.5,5.255373321,6.277686660587965,4.326611996352779,7.202149328470372,4.827686660587965,High_Plateau,0.3399978079968008,0.1107152590061422,30,-0.002913284
Acer,Eremopyrum,10,5.5,4.455815055875472,5.877907527937736,4.086744516762641,6.882326022350188,4.427907527937736,High_Plateau,0.3836188753259979,0.2717801325128999,39,-0.002163964
Acer,Erica,10,5.5,8.650974229495407,7.975487114747704,5.345292268848622,8.560389691798163,6.525487114747704,High_Plateau,0.5981015356997758,0.6105583624981151,28,-0.003283305
Acer,Erigeron,10,5.5,5.907845721148232,6.603922860574116,4.522353716,7.463138288459293,5.1539228605741165,High_Plateau,0.3337289581383983,0.1393706017620642,35,-0.003399044
Acer,Erodium,10,5.5,5.201701248764925,6.250850624382462,4.3105103746294775,7.1806805,4.800850624382463,High_Plateau,0.5352772616741794,0.3457037188599019,13,0.076308817
Acer,Erucastrum,10,5.5,5.634874745741834,6.467437372870917,4.4404624237225505,7.353949898296733,5.017437372870917,High_Plateau,0.477614003,0.3775553551711776,29,-0.002047703
Acer,Eryngium,10,5.5,5.702799238982914,6.5013996194914565,4.460839771694874,7.381119695593165,5.051399619491457,High_Plateau,0.5194769391961559,0.4597057764271282,29,0.005829551
Acer,Erysimum,10,5.5,5.215379150076215,6.257689575038107,4.314613745022864,7.186151660030486,4.807689575038108,High_Plateau,0.4816442357081451,0.3116645956616643,20,-0.002154594
Acer,Eschscholzia,10,5.5,4.512388415921184,5.906194207960592,4.103716524776355,6.904955366368474,4.456194207960593,High_Plateau,0.4922771461444172,0.3010214384826835,19,0.1162944060170556
Acer,Eucalyptus,10,5.5,8.679729660643053,7.989864830321526,5.353918898192916,8.571891864257221,6.539864830321527,High_Plateau,0.4625380797576036,0.2407001050900715,15,-0.043873153
Acer,Eugenia,10,5.5,8.649834663942446,7.974917331971223,5.344950399182734,8.559933865576978,6.524917331971223,High_Plateau,0.4817497058219207,0.2839926549407847,17,0.01397214
Acer,Euonymus,10,5.5,8.715508248658404,8.007754124329201,5.364652474597522,8.586203299463362,6.557754124329202,High_Plateau,0.6235449747349462,0.5548896494706652,15,-0.004751925
Acer,Eupatorium,10,5.5,6.219945200713551,6.759972600356775,4.615983560214065,7.587978080285421,5.309972600356776,High_Plateau,0.4311371114719213,0.3996538626837312,43,-0.001966692
Acer,Euphorbia,10,5.5,5.589758031373332,6.444879015686666,4.4269274094119995,7.335903212549333,4.994879015686666,High_Plateau,0.3600590409604924,0.1097379926772771,25,-0.002894074
Acer,Fallopia,10,5.5,5.803901243349585,6.551950621674792,4.491170373004875,7.421560497339835,5.101950621674792,High_Plateau,0.6415789096624687,0.7054128803137555,29,-0.001686264
Acer,Ferula,10,5.5,6.265238590784687,6.782619295392344,4.6295715772354065,7.6060954363138755,5.332619295392344,High_Plateau,0.4467039827100953,0.3656380463214986,35,-0.004986021
Acer,Ferulago,10,5.5,6.2090590218228865,6.754529510911443,4.612717706546865,7.583623608729155,5.304529510911443,High_Plateau,0.5031293863942401,0.4109134501950128,26,-0.036972017
Acer,Festuca,10,5.5,6.366188158006958,6.833094079003478,4.659856447402087,7.646475263202783,5.383094079003479,High_Plateau,0.4412814864283935,0.3626112442662207,36,-0.002981083
Acer,Fibigia,10,5.5,6.260022947375127,6.780011473687564,4.628006884212538,7.604009178950051,5.330011473687564,High_Plateau,0.3798603336148124,0.1162509027635886,21,-0.00182926
Acer,Filago,10,5.5,4.330679878781493,5.815339939390746,4.049203963634448,6.832271951512597,4.365339939390747,High_Plateau,0.3816825005053372,0.2762230099373243,40,-0.002646209
Acer,Fimbristylis,10,5.5,5.273589287538725,6.286794643769362,4.332076786261617,7.2094357150154895,4.8367946437693625,High_Plateau,0.3022584467817504,0.076123232,35,-0.00186731
Acer,Foeniculum,10,5.5,5.363198735117598,6.331599367558798,4.358959620535279,7.245279494,4.881599367558799,High_Plateau,0.4022706732941578,0.2761625417588493,35,-0.001941592
Acer,Fragaria,10,5.5,6.2345909529085555,6.767295476454278,4.620377285872566,7.593836381163422,5.317295476454278,High_Plateau,0.4992187577142308,0.3714560874614216,23,-0.002079162
Acer,Frankenia,10,5.5,7.869212662574931,7.584606331287466,5.110763799,8.247685065029973,6.134606331287466,High_Plateau,0.4075334463548356,0.1710566792081843,21,0.000872985
Acer,Fraxinus,10,5.5,8.612075109273102,7.956037555,5.333622532781931,8.544830044,6.506037554636551,High_Plateau,0.6070119156699005,0.6200785375602537,27,-0.002876271
Acer,Fritillaria,10,5.5,6.5989245610160685,6.949462280508034,4.729677368,7.739569824406427,5.499462280508034,High_Plateau,0.3495218658195239,0.1215014572686794,29,-0.002699587
Acer,Fumana,10,5.5,8.754914812242603,8.027457406121302,5.376474444,8.601965925,6.577457406121302,High_Plateau,0.6834223552450183,0.542845939,9,0.4076650913016039
Acer,Fumaria,10,5.5,4.303511629768457,5.8017558148842285,4.041053488930537,6.8214046519073825,4.351755814884228,High_Plateau,0.4681570997977681,0.2855631174504141,20,-0.006518562
Acer,Gagea,10,5.5,6.326092759300025,6.813046379650013,4.647827827790008,7.630437104,5.3630463796500125,High_Plateau,0.4455220258586487,0.31343229,29,-0.002352149
Acer,Galactites,10,5.5,4.256921577286549,5.778460788643274,4.027076473185964,6.8027686309146205,4.328460788643275,High_Plateau,0.3463002996924386,0.098286539,27,-0.001032435
Acer,Galega,10,5.5,6.228767136077412,6.764383568038706,4.618630140823224,7.591506854430965,5.314383568038706,High_Plateau,0.5444799796779993,0.5130477814123313,29,-0.010850069
Acer,Galinsoga,10,5.5,4.251166025204591,5.775583012602295,4.025349807561377,6.800466410081837,4.325583012602296,High_Plateau,0.4098065013360581,0.3324379063922891,40,-0.002480683
Acer,Galium,10,5.5,5.874608263956617,6.587304131978309,4.512382479186985,7.449843305582647,5.137304131978309,High_Plateau,0.5182533629400893,0.4429779968531552,27,-0.004959095
Acer,Gastridium,10,5.5,4.495612034942574,5.897806017471287,4.098683610482772,6.898244814,4.447806017471287,High_Plateau,0.3400777587749882,0.2504084225968145,47,-0.001949457
Acer,Gaudinia,10,5.5,5.362892125870386,6.331446062935193,4.358867637761116,7.245156850348154,4.8814460629351935,High_Plateau,0.3994846544338154,0.3527398828499762,45,-0.001729582
Acer,Gazania,10,5.5,6.516184364539857,6.908092182269929,4.704855309361957,7.706473745815943,5.458092182269929,High_Plateau,0.3132676234835795,0.073583706,32,-0.002365582
Acer,Genista,10,5.5,8.718113550583878,8.009056775291938,5.3654340651751635,8.58724542,6.559056775291939,High_Plateau,0.6476495868311105,0.6753619260941234,24,0.003795827
Acer,Gentianopsis,10,5.5,4.744015633873044,6.022007816936522,4.1732046901619135,6.997606253549218,4.572007816936522,High_Plateau,0.4301771998029834,0.2665384047000946,27,-0.003522765
Acer,Geranium,10,5.5,5.585451282546287,6.442725641273143,4.425635384763886,7.334180513018515,4.992725641273143,High_Plateau,0.5875253077639492,0.4501998110394412,13,0.076308817
Acer,Geum,10,5.5,6.200527145010544,6.750263572505272,4.610158143503163,7.580210858004218,5.300263572505273,High_Plateau,0.5294737213003773,0.4154044691676793,21,-0.001463215
Acer,Gladiolus,10,5.5,6.2087203855822315,6.754360192791116,4.612616115674669,7.583488154232892,5.3043601927911155,High_Plateau,0.4975806230442386,0.4095998380718834,28,-0.003699809
Acer,Glaucium,10,5.5,4.866968753591524,6.083484376795762,4.2100906260774575,7.046787501,4.633484376795762,High_Plateau,0.4931590519667056,0.3242949441452499,19,0.008745936
Acer,Glinus,10,5.5,4.315857937099675,5.807928968549837,4.0447573811299025,6.826343175,4.357928968549837,High_Plateau,0.3586743252277037,0.090292783,23,-0.001706965
Acer,Globularia,10,5.5,7.209528756005897,7.254764378002948,4.9128586268017695,7.983811502402359,5.8047643780029485,High_Plateau,0.5195724046213006,0.4698451089186005,30,-0.002816567
Acer,Glyceria,10,5.5,6.309082149206173,6.804541074603087,4.642724644761852,7.62363286,5.354541074603087,High_Plateau,0.4794841163235962,0.3977384457633623,31,-0.002070244
Acer,Glycine,10,5.5,6.280389955953725,6.790194977976862,4.634116986786117,7.6121559823814895,5.3401949779768625,High_Plateau,0.3756618628287461,0.1648436637429063,28,0.00089346
Acer,Gomphocarpus,10,5.5,8.649209131415843,7.974604565707921,5.344762739424753,8.559683652566337,6.5246045657079215,High_Plateau,0.571015915,0.6054494478287059,34,-0.002019596
Acer,Gypsophila,10,5.5,5.620821825601075,6.460410912800537,4.436246547680322,7.34832873,5.010410912800538,High_Plateau,0.5292404597722283,0.4645376766484644,27,-0.002886525
Acer,Halimione,10,5.5,7.227971161664737,7.263985580832369,4.918391348499421,7.991188464665894,5.813985580832369,High_Plateau,0.4188873806822308,0.2025836743946402,22,-0.002126757
Acer,Halimium,10,5.5,8.661436992755872,7.980718496377936,5.3484310978267615,8.564574797102349,6.530718496377936,High_Plateau,0.6437294865693467,0.6205136336182765,13,-0.213218508
Acer,Halopeplis,10,5.5,4.323678846625527,5.8118394233127635,4.047103653987659,6.8294715386502105,4.361839423312764,High_Plateau,0.345040835,0.096096075,27,-0.002674765
Acer,Haplophyllum,10,5.5,6.1813337786784395,6.740666889,4.604400133603532,7.572533511471375,5.290666889,High_Plateau,0.5652220966717711,0.4314083384435206,8,-0.258245383
Acer,Hedera,10,5.5,8.754209671948468,8.027104835974233,5.376262901584541,8.601683868779388,6.577104835974234,High_Plateau,0.5554776637211215,0.5253647115649438,28,-0.00355377
Acer,Hedypnois,10,5.5,4.416234492713075,5.858117246356537,4.074870347813922,6.866493797,4.408117246356538,High_Plateau,0.3588057758314572,0.2220639007296394,39,-0.0017138
Acer,Hedysarum,10,5.5,5.868468851088306,6.584234425544153,4.5105406553264915,7.447387540435322,5.134234425544153,High_Plateau,0.5802271273146562,0.5809102068033907,29,0.00730928
Acer,Helianthemum,10,5.5,7.746566944835941,7.523283472417971,5.0739700834507815,8.198626777934376,6.0732834724179705,High_Plateau,0.6443260420132816,0.4860053891834204,10,0.3420005975033845
Acer,Helianthus,10,5.5,5.700965966687719,6.5004829833438595,4.460289790006316,7.380386386675088,5.050482983,High_Plateau,0.4353704590415813,0.4081548742789362,43,-0.002138274
Acer,Helichrysum,10,5.5,5.911618801993837,6.605809400996918,4.523485640598151,7.464647520797535,5.155809400996919,High_Plateau,0.4913511263473221,0.4132617038624688,30,-0.002112324
Acer,Helictotrichon,10,5.5,6.392098955758744,6.846049477879372,4.667629686727623,7.656839582303498,5.396049477879372,High_Plateau,0.4253165014325846,0.3472659596237435,38,-0.003712729
Acer,Heliotropium,10,5.5,4.933341254725957,6.1166706273629785,4.230002376417787,7.073336501890383,4.666670627362979,High_Plateau,0.4956740840124198,0.3723001034824225,24,-0.000650088
Acer,Heracleum,10,5.5,5.801917758730513,6.550958879365256,4.490575327619154,7.420767103492205,5.1009588793652565,High_Plateau,0.434052405,0.3644067238278776,38,-0.002057517
Acer,Herniaria,10,5.5,5.285154615192654,6.292577307596327,4.335546384557796,7.214061846077062,4.842577307596327,High_Plateau,0.5391282615738103,0.4433414621509882,22,-0.003506887
Acer,Hibiscus,10,5.5,6.841822541488341,7.070911270744171,4.802546762446502,7.836729016595337,5.620911270744171,High_Plateau,0.5593097733614724,0.4192425066623725,14,-0.009964115
Acer,Hippocrepis,10,5.5,7.040694450185863,7.170347225092931,4.862208335055759,7.916277780074346,5.720347225092931,High_Plateau,0.5901985905445684,0.5737217057029171,26,0.019678747
Acer,Hohenackeria,10,5.5,4.417870216309692,5.858935108154846,4.075361064892908,6.867148086523876,4.4089351081548465,High_Plateau,0.4134492485707931,0.2239343172866421,26,0.001122269
Acer,Holcus,10,5.5,5.951168771051493,6.625584385525746,4.535350631315448,7.480467508420597,5.175584385525747,High_Plateau,0.4513131857213279,0.4153831947200093,40,-0.002140281
Acer,Hordeum,10,5.5,5.110200946209378,6.2051004731046895,4.283060283862813,7.144080378483752,4.755100473104689,High_Plateau,0.4032552130942188,0.2865294805953939,36,-0.002834998
Acer,Hornungia,10,5.5,4.365624593686246,5.832812296843123,4.059687378105874,6.846249837474499,4.382812296843124,High_Plateau,0.478561835,0.2410782144321253,12,-0.00881382
Acer,Humulus,10,5.5,6.137099135388463,6.7185495676942315,4.591129740616539,7.554839654155385,5.268549567694231,High_Plateau,0.5661508235733925,0.4888534981345206,21,-0.001937337
Acer,Hyacinthoides,10,5.5,6.3423874570483765,6.821193728524188,4.652716237114513,7.636954982819351,5.371193728524188,High_Plateau,0.4330277711025255,0.3130870064876972,32,-0.002280609
Acer,Hydrocotyle,10,5.5,5.798917876620491,6.549458938310245,4.489675362986147,7.419567150648197,5.099458938310246,High_Plateau,0.5258395013366644,0.4329447240861883,24,-0.002219018
Acer,Hyoscyamus,10,5.5,4.645141265508877,5.972570632754438,4.143542379652663,6.958056506203551,4.522570632754439,High_Plateau,0.4852388520338485,0.3927148388988339,29,-0.001596633
Acer,Hyoseris,10,5.5,5.683632776229101,6.491816388,4.4550898328687305,7.37345311,5.041816388114551,High_Plateau,0.2932575648091246,0.082816095,38,-0.002052771
Acer,Hypecoum,10,5.5,4.255988972,5.777994485965685,4.026796691579412,6.802395588772548,4.327994485965686,High_Plateau,0.3804186398823312,0.098206164,18,-0.029310173
Acer,Hypericum,10,5.5,6.576200491487889,6.938100245743945,4.722860147446367,7.730480196595156,5.4881002457439445,High_Plateau,0.4078480488170412,0.1540803161761853,19,0.006709044
Acer,Hypochaeris,10,5.5,5.974249988690252,6.637124994345125,4.542274996607075,7.489699995476101,5.187124994345126,High_Plateau,0.4394741020526816,0.3671963184121269,37,-0.002884407
Acer,Hypolepis,10,5.5,6.273472938,6.786736469,4.632041881538492,7.609389175384656,5.336736469,High_Plateau,0.3430319538027009,0.1248362693675173,31,-0.002080987
Acer,Iberis,10,5.5,5.209195834023062,6.254597917011531,4.3127587502069185,7.183678333609225,4.804597917011531,High_Plateau,0.4827910522812222,0.2975038143084836,18,-0.002074302
Acer,Ilex,10,5.5,8.657338846769536,7.978669423384767,5.347201654030861,8.562935538707814,6.528669423384768,High_Plateau,0.6363200316769244,0.6067716678350682,19,0.027972115
Acer,Indigofera,10,5.5,8.093192939,7.696596469459379,5.177957881675628,8.337277175567504,6.246596469,High_Plateau,0.4515404655574566,0.2796479575195157,23,-0.019821433
Acer,Inula,10,5.5,6.148171591118823,6.724085795559411,4.594451477335647,7.559268636447529,5.274085795559412,High_Plateau,0.4766317406066526,0.4166823608952368,34,-0.002025905
Acer,Ionopsidium,10,5.5,4.385760649132288,5.842880324566144,4.065728194739687,6.854304259652915,4.3928803245661445,High_Plateau,0.4791831214521443,0.2425945229159294,12,-0.010182496
Acer,Ipomoea,10,5.5,5.501556283382688,6.400778141691344,4.400466885014806,7.300622513353075,4.950778141691345,High_Plateau,0.3548455769254737,0.1233871862631748,28,1.2988623793799402e-05
Acer,Iris,10,5.5,6.192382491826995,6.746191245913497,4.607714747548099,7.576952996730798,5.296191245913498,High_Plateau,0.5080132505875037,0.4219796181847768,27,-0.002368325
Acer,Isatis,10,5.5,4.749679625600966,6.024839812800483,4.174903888,6.999871850240387,4.574839812800484,High_Plateau,0.4586205012599333,0.2657505005637331,20,-0.002821463
Acer,Isoetes,10,5.5,6.240425353183948,6.770212676591974,4.622127605955185,7.596170141273579,5.320212676591974,High_Plateau,0.5085520910901761,0.38309954,23,0.03303691
Acer,Isolepis,10,5.5,5.553329248515716,6.4266646242578584,4.415998774554715,7.3213316994062865,4.976664624257858,High_Plateau,0.4089697540486794,0.2816053722173538,34,-0.003260827
Acer,Jasione,10,5.5,5.370173190920452,6.335086595460226,4.3610519572761355,7.248069276368181,4.885086595460226,High_Plateau,0.5093285097563168,0.4411785998163011,29,-0.00301886
Acer,Jasminum,10,5.5,8.758415495815257,8.029207747907629,5.377524648744577,8.603366198326103,6.5792077479076285,High_Plateau,0.409182208,0.1996611948217593,24,-0.002374309
Acer,Jatropha,10,5.5,7.403419423885735,7.351709711942867,4.971025827,8.061367769554295,5.901709711942868,High_Plateau,0.406944671,0.2032755307742306,25,-0.001725467
Acer,Juglans,10,5.5,8.628909947371717,7.964454973685859,5.338672984211515,8.551563978948687,6.514454973685859,High_Plateau,0.6332050721084609,0.6228955936868169,21,-0.00160533
Acer,Juncus,10,5.5,6.040326909650081,6.670163455,4.562098072895024,7.5161307638600325,5.220163454825041,High_Plateau,0.4543015098766133,0.2981030247892777,25,-0.002294546
Acer,Juniperus,10,5.5,8.705147515035724,8.002573757517862,5.361544254510717,8.582059006,6.552573757517862,High_Plateau,0.5757280630782697,0.5415727973517632,25,-0.005377877
Acer,Jurinea,10,5.5,6.107925596061355,6.703962798030677,4.582377678818406,7.543170238424542,5.253962798030678,High_Plateau,0.5230231854548888,0.4932983141387629,32,-0.003383004
Acer,Kalanchoe,10,5.5,6.161584316357678,6.730792158178839,4.598475294907304,7.564633726543072,5.280792158178839,High_Plateau,0.5613268794757627,0.4470809293068604,17,-0.005697496
Acer,Kickxia,10,5.5,4.923087209461148,6.111543604730574,4.226926162838344,7.069234883784459,4.661543604730574,High_Plateau,0.4179853562770477,0.2747880839174668,31,-0.002306035
Acer,Knautia,10,5.5,5.967885667,6.633942833414125,4.540365700048475,7.4871542667313005,5.183942833414125,High_Plateau,0.4828128294000364,0.3641815423478425,26,-0.006478048
Acer,Koeleria,10,5.5,6.252283454764903,6.776141727382452,4.625685036429471,7.600913381905961,5.326141727382452,High_Plateau,0.4062144320283676,0.3661994380390805,45,-0.001729582
Acer,Lactuca,10,5.5,4.853238774008019,6.076619387004009,4.205971632202406,7.0412955096032075,4.626619387004009,High_Plateau,0.477617475,0.3939444844388823,31,-0.001766854
Acer,Lamium,10,5.5,4.9796107980270135,6.139805399013507,4.243883239408104,7.091844319210805,4.6898053990135065,High_Plateau,0.4259870978017805,0.3400591737889004,37,-0.002068727
Acer,Lappula,10,5.5,4.3981482517924055,5.849074125896203,4.069444475537722,6.859259300716962,4.3990741258962025,High_Plateau,0.4213178439036065,0.2328803764863509,25,-0.006017964
Acer,Lapsana,10,5.5,5.036537411,6.168268705400434,4.260961223240261,7.114614964320348,4.718268705400435,High_Plateau,0.3866799326771632,0.2614099586569585,37,-0.001894302
Acer,Laserpitium,10,5.5,5.972992725801634,6.636496362900817,4.541897818,7.489197090320654,5.186496362900817,High_Plateau,0.4980835930200291,0.476201942,36,-0.002913506
Acer,Lathyrus,10,5.5,5.599818612663511,6.449909306331755,4.429945583799054,7.339927445065404,4.999909306331755,High_Plateau,0.5350760335210709,0.5161101490459268,32,0.003086302
Acer,Launaea,10,5.5,7.164576673695326,7.232288336847663,4.8993730021085975,7.965830669,5.782288336847663,High_Plateau,0.3242772915493422,0.1530069321654107,39,-0.0017138
Acer,Laurus,10,5.5,8.837758618257896,8.068879309128947,5.401327585477368,8.635103447303159,6.618879309128948,High_Plateau,0.4080980203678868,0.1557891725965699,19,0.000664478
Acer,Lavandula,10,5.5,8.734177604,8.017088802,5.370253281220165,8.593671041626887,6.567088802,High_Plateau,0.5583006002903897,0.5474268554169086,30,-0.003443343
Acer,Leersia,10,5.5,6.126826442139667,6.713413221069834,4.588047933,7.550730576855868,5.263413221069834,High_Plateau,0.5700051960468625,0.5704894746956943,30,-0.001710482
Acer,Legousia,10,5.5,4.441802448389846,5.870901224194923,4.082540734516954,6.876720979355939,4.420901224194923,High_Plateau,0.3840087560840272,0.2150178292895601,32,-0.002124873
Acer,Lemna,10,5.5,6.242653665354494,6.771326832677246,4.622796099606348,7.597061466141797,5.321326832677247,High_Plateau,0.4956013440661367,0.3726783824582023,24,-0.003268883
Acer,Leontodon,10,5.5,5.898214875683728,6.599107437841864,4.519464462705118,7.459285950273491,5.149107437841864,High_Plateau,0.4620442262742052,0.4285408016151354,39,-0.0017138
Acer,Lepidium,10,5.5,5.241101891100252,6.270550945550125,4.322330567330075,7.196440756440101,4.820550945550126,High_Plateau,0.5276392206029491,0.3549544653166427,14,-0.005229436
Acer,Leucanthemum,10,5.5,6.072499767391313,6.686249883695656,4.571749930217393,7.528999906956525,5.236249883695656,High_Plateau,0.4523264539008095,0.4174168100500112,40,-0.002175676
Acer,Leuzea,10,5.5,5.154402973711306,6.227201486855654,4.296320892113392,7.161761189484523,4.777201486855653,High_Plateau,0.5127605939125823,0.4313957552338953,27,-0.001975577
Acer,Ligusticum,10,5.5,6.279631264094553,6.789815632047276,4.633889379228366,7.611852505637821,5.3398156320472765,High_Plateau,0.4577551726640501,0.3543522766662473,31,-0.002428835
Acer,Ligustrum,10,5.5,8.745989169706203,8.022994584853102,5.373796750911861,8.598395667882482,6.5729945848531015,High_Plateau,0.5622789751443288,0.5386811350395588,28,-0.002122773
Acer,Lilium,10,5.5,6.451748194225259,6.8758740971126295,4.685524458267578,7.680699277690104,5.425874097112629,High_Plateau,0.3971336769671366,0.21672508,29,-0.002699587
Acer,Limonium,10,5.5,6.276354031796342,6.788177015898171,4.632906209538902,7.610541612718537,5.338177015898172,High_Plateau,0.5012593038028329,0.3756740076985667,23,-0.002763302
Acer,Linaria,10,5.5,5.127161369,6.213580684,4.288148410589756,7.150864547453008,4.763580684,High_Plateau,0.4638662839749493,0.3749290412528968,32,-0.003105654
Acer,Linum,10,5.5,5.559953837812011,6.429976918906005,4.417986151343603,7.323981535124805,4.979976918906006,High_Plateau,0.5513487749070987,0.4336827593077064,18,0.002608199
Acer,Lithodora,10,5.5,8.660537297509295,7.980268648754647,5.348161189252789,8.564214919003717,6.530268648754648,High_Plateau,0.6126463197384424,0.6061481678637958,24,-0.000168053
Acer,Lobularia,10,5.5,5.308841432966582,6.304420716483291,4.3426524298899745,7.2235365731866334,4.8544207164832915,High_Plateau,0.4493758490777174,0.3046049700684415,27,-0.001869099
Acer,Loeflingia,10,5.5,4.400079809415576,5.8500399047077885,4.0700239428246725,6.860031923766231,4.400039904707788,High_Plateau,0.4376767573229517,0.2319749934481947,21,-0.002285476
Acer,Logfia,10,5.5,4.369681555314332,5.834840777657166,4.060904467,6.847872622125733,4.384840777657166,High_Plateau,0.2758741631123426,0.072707562,41,-0.002056452
Acer,Lolium,10,5.5,4.873446414,6.086723207,4.212033924345332,7.049378565793776,4.636723207,High_Plateau,0.492624139,0.4815609794893588,38,-0.002111456
Acer,Lonicera,10,5.5,8.760843870641924,8.030421935320962,5.378253161192577,8.604337548256769,6.580421935320962,High_Plateau,0.561923754,0.5219600286459348,25,-0.045357123
Acer,Lotononis,10,5.5,8.784276138,8.042138068928335,5.385282841357001,8.613710455142668,6.592138068928335,High_Plateau,0.4486265086075343,0.2655316118284543,22,-0.019475165
Acer,Lotus,10,5.5,5.6469739774872005,6.473486989,4.444092193,7.358789591,5.023486988743601,High_Plateau,0.5269871566911688,0.4959342149981796,31,-0.018018686
Acer,Lupinus,10,5.5,5.713251044843446,6.506625522421723,4.463975313453034,7.385300417937378,5.056625522421723,High_Plateau,0.5459761239441654,0.4588934792164833,22,-0.012788348
Acer,Luzula,10,5.5,6.0558709595891855,6.677935479794593,4.566761287876756,7.522348383835674,5.227935479794593,High_Plateau,0.466773762,0.3230475289327952,25,-0.002294546
Acer,Lycium,10,5.5,8.671153443426514,7.985576721713256,5.351346033027954,8.568461377370605,6.535576721713257,High_Plateau,0.6427314636296134,0.6995755644534508,28,-0.002070035
Acer,Lycopus,10,5.5,6.208607309065297,6.754303654532649,4.612582192719589,7.583442923626119,5.3043036545326485,High_Plateau,0.4617279869838977,0.4116961160970479,37,-0.002844546
Acer,Lysimachia,10,5.5,6.753942464476147,7.026971232238074,4.776182739342843,7.801576985790459,5.576971232238074,High_Plateau,0.4931710975587284,0.3878351495006757,26,-0.021163402
Acer,Lythrum,10,5.5,5.163692486,6.231846242997885,4.299107745798731,7.165476994398308,4.781846242997885,High_Plateau,0.5627126649954982,0.4235841601871858,14,0.002356534
Acer,Magnolia,10,5.5,8.763518188,8.031759093780014,5.379055456268009,8.605407275024012,6.581759093780015,High_Plateau,0.4330937680742545,0.190078367,17,-0.003015797
Acer,Malope,10,5.5,4.8510741598923035,6.075537079946152,4.2053222479676915,7.040429663956921,4.625537079946152,High_Plateau,0.4631833043003318,0.2747095769809806,20,-0.001988815
Acer,Malva,10,5.5,4.746147038069939,6.023073519,4.173844111420982,6.998458815227975,4.573073519,High_Plateau,0.4974954937611976,0.3514808320954927,21,-0.001627305
Acer,Mandragora,10,5.5,6.216208859,6.75810443,4.614862657833104,7.586483543777472,5.3081044297218405,High_Plateau,0.3885863969385436,0.191602491,28,-0.003655334
Acer,Marrubium,10,5.5,6.210126307301678,6.755063153650839,4.613037892190503,7.584050522920672,5.305063153650839,High_Plateau,0.4598734582766801,0.4159775711220597,38,-0.001701218
Acer,Marsilea,10,5.5,6.116114554199783,6.708057277099892,4.584834366259935,7.546445821679914,5.2580572770998915,High_Plateau,0.5297224545670657,0.4818448086026226,29,-0.002410456
Acer,Matricaria,10,5.5,4.883719004463402,6.091859502231701,4.215115701339021,7.053487601785362,4.641859502231702,High_Plateau,0.3691488696247264,0.2512038498621105,40,-0.002886717
Acer,Matthiola,10,5.5,5.212176196,6.256088097991491,4.313652858794894,7.184870478393192,4.806088098,High_Plateau,0.4888540794182737,0.285111404,15,-0.00276965
Acer,Medicago,10,5.5,5.022910777355808,6.161455388677904,4.2568732332067425,7.109164310942323,4.711455388677904,High_Plateau,0.4467818434264873,0.348737376,33,-0.001895843
Acer,Melaleuca,10,5.5,8.640988935758168,7.9704944678790834,5.342296680727451,8.556395574303266,6.520494467879084,High_Plateau,0.4798728802538101,0.2732393221663517,16,0.007874657
Acer,Melampyrum,10,5.5,4.441802448389846,5.870901224194923,4.082540734516954,6.876720979355939,4.420901224194923,High_Plateau,0.3960558671355215,0.2150178292895601,29,-0.004941434
Acer,Melica,10,5.5,6.126826442139667,6.713413221069834,4.588047933,7.550730576855868,5.263413221069834,High_Plateau,0.5658596307897622,0.5704894746956943,31,-0.002070244
Acer,Melilotus,10,5.5,4.462625839406193,5.881312919703096,4.088787751821858,6.885050335762477,4.431312919703096,High_Plateau,0.4424286189971497,0.3481708116568308,34,-0.001499375
Acer,Mentha,10,5.5,6.153332646754096,6.726666323377048,4.595999794026229,7.5613330587016385,5.276666323377048,High_Plateau,0.4483393277988846,0.3849692019559578,37,-0.003096567
Acer,Mercurialis,10,5.5,5.772423784634921,6.536211892317461,4.481727135390477,7.408969513853968,5.086211892317461,High_Plateau,0.5055923381929088,0.4086627833751898,26,-0.001089165
Acer,Mesembryanthemum,10,5.5,4.369282736969514,5.834641368484757,4.060784821090854,6.847713094787806,4.384641368484758,High_Plateau,0.433407172,0.2398457351361675,23,-0.002143257
Acer,Micromeria,10,5.5,7.638853880290956,7.469426940145478,5.041656164087287,8.155541552116382,6.019426940145478,High_Plateau,0.3438872671856706,0.1758790736095466,37,-0.002166532
Acer,Milium,10,5.5,5.207798057948928,6.253899028974464,4.3123394173846785,7.183119223179571,4.803899028974464,High_Plateau,0.4770310390022649,0.4831665784329335,42,-0.001686886
Acer,Minuartia,10,5.5,5.778274527526072,6.5391372637630365,4.483482358257822,7.411309811,5.089137263763036,High_Plateau,0.4651120462854779,0.311405179,24,-0.001795846
Acer,Mirabilis,10,5.5,6.232347063,6.766173531411175,4.619704118846705,7.592938825,5.3161735314111755,High_Plateau,0.3828657221139401,0.1552838421453807,25,-0.00255651
Acer,Miscanthus,10,5.5,6.135392572817817,6.717696286408908,4.590617771845345,7.554157029127127,5.267696286408908,High_Plateau,0.3800812302776344,0.2236831178107557,34,-0.002534793
Acer,Misopates,10,5.5,4.3083938813814004,5.804196941,4.042518164,6.823357553,4.354196941,High_Plateau,0.4084912588740768,0.2885667192963068,35,-0.001756624
Acer,Moehringia,10,5.5,5.991633175970123,6.6458165879850615,4.547489952791037,7.49665327,5.195816587985062,High_Plateau,0.5362030929061595,0.4784135061677542,27,-0.002639342
Acer,Moenchia,10,5.5,4.400932770613284,5.8504663853066425,4.070279831183985,6.860373108245314,4.400466385306642,High_Plateau,0.4045781958207046,0.2314516151595153,29,-0.001887076
Acer,Montia,10,5.5,4.678336608926386,5.989168304463193,4.153500982677915,6.971334643570554,4.5391683044631925,High_Plateau,0.5437666458538315,0.4852096586044234,26,-0.002080465
Acer,Moricandia,10,5.5,6.253976981558612,6.776988490779306,4.626193094467584,7.601590792623445,5.326988490779306,High_Plateau,0.4774768313327295,0.3691066136533716,28,-0.002271604
Acer,Morus,10,5.5,8.614212868550409,7.957106434275204,5.334263860565123,8.545685147420164,6.5071064342752045,High_Plateau,0.4634548313683255,0.2752880441401102,20,-0.00216588
Acer,Muehlenbeckia,10,5.5,7.891685956276252,7.595842978138126,5.117505786882875,8.256674383,6.145842978138126,High_Plateau,0.4052093935674857,0.2326738481237897,29,-0.001686264
Acer,Muscari,10,5.5,6.132460798769684,6.716230399384842,4.589738239630905,7.552984319507874,5.266230399384842,High_Plateau,0.5128097265900107,0.4726509174626669,32,-0.002280609
Acer,Myoporum,10,5.5,8.646095385602065,7.973047692801032,5.343828616,8.558438154240825,6.523047692801033,High_Plateau,0.4047022543228902,0.2648856622046356,33,-0.003433165
Acer,Myosotis,10,5.5,5.140153131471831,6.220076565735916,4.292045939441549,7.156061252588733,4.770076565735916,High_Plateau,0.4364449447269077,0.2711586455714004,26,-0.005042411
Acer,Myriophyllum,10,5.5,6.164436680480678,6.732218340240339,4.5993310041442035,7.565774672192271,5.282218340240339,High_Plateau,0.5040815827856456,0.3294303464728168,17,0.010102452
Acer,Najas,10,5.5,4.491383961800916,5.895691980900458,4.097415188540275,6.896553584720367,4.445691980900458,High_Plateau,0.4236388470001259,0.2284418088958346,24,-0.001710985
Acer,Narcissus,10,5.5,6.255683440380613,6.777841720190306,4.626705032114184,7.602273376152246,5.327841720190307,High_Plateau,0.4739574626313956,0.3703127056169947,29,-0.002399861
Acer,Nasturtium,10,5.5,6.208951430278823,6.754475715139412,4.612685429083647,7.583580572111529,5.304475715139412,High_Plateau,0.5461317750479665,0.4240521016875354,18,-0.001408511
Acer,Nepeta,10,5.5,6.096471104426287,6.698235552213143,4.578941331327886,7.538588441770515,5.248235552213144,High_Plateau,0.5043665241057564,0.4886661498578048,36,-0.002405234
Acer,Nicotiana,10,5.5,5.308110300303151,6.304055150151576,4.342433090090945,7.223244120121261,4.854055150151575,High_Plateau,0.5134465342120303,0.4327568209364591,27,-0.001921502
Acer,Nigella,10,5.5,4.476495154548634,5.888247577274317,4.092948546364591,6.890598061819453,4.438247577274318,High_Plateau,0.4132494404265131,0.1983171148024666,23,0.003922529
Acer,Nonea,10,5.5,4.604338695163293,5.952169347581647,4.131301608548988,6.9417354780653175,4.502169347581647,High_Plateau,0.4241923750124376,0.2462446717840763,26,-0.002998239
Acer,Nuphar,10,5.5,6.220928799,6.760464399517129,4.616278639710278,7.588371519613704,5.3104644,High_Plateau,0.5363507522016742,0.4098495988272116,19,0.012889665
Acer,Nymphaea,10,5.5,6.094574841689848,6.6972874208449245,4.5783724525069545,7.537829936675939,5.247287420844924,High_Plateau,0.5811613737108624,0.4994708418455882,19,0.012889665
Acer,Nymphoides,10,5.5,5.955809805405167,6.627904902702584,4.536742942,7.482323922162067,5.177904902702584,High_Plateau,0.5461023723679423,0.4916553902336494,26,-0.010951858
Acer,Ocimum,10,5.5,5.232238312268655,6.2661191561343275,4.319671493680596,7.192895324907463,4.816119156134327,High_Plateau,0.4545415206972357,0.3725321491807925,34,-0.002177046
Acer,Odontites,10,5.5,4.878869579981443,6.0894347899907215,4.213660873994433,7.051547831992577,4.639434789990721,High_Plateau,0.4094928365436757,0.2739789873008603,33,-0.000993968
Acer,Oenanthe,10,5.5,5.986760239869167,6.643380119934584,4.546028072,7.494704095947666,5.1933801199345835,High_Plateau,0.4888690184707935,0.4330482446252677,33,-0.002578436
Acer,Onobrychis,10,5.5,6.067003042577169,6.683501521288584,4.5701009127731504,7.526801217030868,5.233501521288584,High_Plateau,0.538784744,0.4987621685482759,29,0.003625634
Acer,Ononis,10,5.5,6.019869480280413,6.659934740140207,4.555960844084124,7.507947792112166,5.2099347401402065,High_Plateau,0.5160014764306411,0.4791243917534571,32,-0.002730482
Acer,Onopordum,10,5.5,4.28949486,5.79474743,4.036848457945094,6.815797943926793,4.34474743,High_Plateau,0.4167089770708556,0.3051745176913513,35,-0.002618434
Acer,Ophioglossum,10,5.5,6.58977275,6.944886375,4.726931825033348,7.735909100044465,5.4948863750555805,High_Plateau,0.375911087,0.126099035,23,-0.008370607
Acer,Ophrys,10,5.5,6.263154645714177,6.781577322857089,4.628946393714253,7.605261858285671,5.331577322857089,High_Plateau,0.4747426381526551,0.3802697834743122,30,-0.003237604
Acer,Opuntia,10,5.5,8.095743038312355,7.697871519156177,5.178722911493706,8.338297215324943,6.2478715191561776,High_Plateau,0.4109543942338584,0.2280214538032348,27,-0.003166066
Acer,Orchis,10,5.5,6.3777134430153675,6.838856721507684,4.663314033,7.651085377206147,5.388856721507684,High_Plateau,0.4208578034937299,0.2724610934815701,30,-0.003042501
Acer,Origanum,10,5.5,7.555570282517028,7.427785141258514,5.016671084755108,8.122228113,5.977785141258514,High_Plateau,0.4980018866148811,0.4922410844001877,38,-0.001734501
Acer,Ornithogalum,10,5.5,6.204898001385071,6.752449000692535,4.611469400415521,7.581959200554028,5.302449000692535,High_Plateau,0.4861393541850121,0.4114169688399209,31,-0.00391048
Acer,Ornithopus,10,5.5,4.359096381154765,5.829548190577382,4.057728914,6.843638552461906,4.379548190577383,High_Plateau,0.4734544534903685,0.3690101468131532,29,-0.000917158
Acer,Orobanche,10,5.5,6.195745204948078,6.747872602474039,4.608723561484423,7.578298081979231,5.297872602474039,High_Plateau,0.4940738854553225,0.4185247549238727,30,-0.001199989
Acer,Osmunda,10,5.5,6.2887993246143585,6.794399662307179,4.636639797384308,7.615519729845744,5.344399662307179,High_Plateau,0.5039453699135796,0.3806001183570952,23,-0.000533194
Acer,Osyris,10,5.5,8.855852870952011,8.077926435476005,5.406755861285603,8.642341148380805,6.627926435476006,High_Plateau,0.4010494477196306,0.1828107824629333,23,-0.040545736
Acer,Oxalis,10,5.5,6.151956523766074,6.7259782618830375,4.5955869571298225,7.56078261,5.275978261883037,High_Plateau,0.396463357,0.1088725127452907,16,-0.004386527
Acer,Oxytropis,10,5.5,6.220545616716808,6.760272808358404,4.616163685015042,7.588218246686724,5.310272808358404,High_Plateau,0.5496794902980541,0.5206339016549179,29,0.003214436
Acer,Paeonia,10,5.5,6.345312700172432,6.822656350086216,4.65359381,7.638125080068972,5.372656350086216,High_Plateau,0.4873903251398697,0.2969936997166169,13,-0.159010453
Acer,Pancratium,10,5.5,6.2747541508713205,6.787377075435661,4.632426245261396,7.6099016603485286,5.337377075,High_Plateau,0.4605860779570829,0.3517465615341086,30,-0.002187097
Acer,Panicum,10,5.5,5.329324132975053,6.314662066487527,4.348797239892516,7.231729653190021,4.864662066487527,High_Plateau,0.4457822736401668,0.346923215,33,-0.002820735
Acer,Papaver,10,5.5,4.954897763973517,6.1274488819867585,4.236469329192055,7.081959105589407,4.677448881986759,High_Plateau,0.4435212855358351,0.2597679971457418,21,-0.082805213
Acer,Parapholis,10,5.5,4.4956120349425746,5.897806017471288,4.098683610482772,6.898244814,4.4478060174712875,High_Plateau,0.3688293201434412,0.2504084225968144,40,-0.002105076
Acer,Parentucellia,10,5.5,4.441802448389846,5.870901224194923,4.082540734516954,6.876720979355939,4.420901224194923,High_Plateau,0.3840578067354284,0.2150178292895601,32,-0.001634367
Acer,Parietaria,10,5.5,4.977827580714524,6.138913790357262,4.243348274214357,7.091131032,4.688913790357262,High_Plateau,0.4582190582449875,0.2811614054211586,22,-0.001698636
Acer,Paronychia,10,5.5,5.629698448761522,6.464849224,4.438909534628456,7.351879379504609,5.014849224380761,High_Plateau,0.4706052851779957,0.3061758429042192,22,-0.002908555
Acer,Paspalum,10,5.5,6.136684490898177,6.718342245449088,4.591005347269453,7.554673796359271,5.268342245449089,High_Plateau,0.3346207157900018,0.1409397580592216,35,-0.002327249
Acer,Passiflora,10,5.5,7.607287328801518,7.453643664400759,5.0321861986404555,8.142914931520608,6.003643664400759,High_Plateau,0.439138954,0.226734766,20,-0.002558262
Acer,Pelargonium,10,5.5,7.4544910202734185,7.377245510136709,4.986347306082026,8.081796408109367,5.927245510136709,High_Plateau,0.4355670351130211,0.1438555713946908,12,0.047351398
Acer,Periploca,10,5.5,8.649209131415843,7.974604565707921,5.344762739424753,8.559683652566337,6.5246045657079215,High_Plateau,0.575125795,0.6054494478287059,33,-0.00201669
Acer,Persicaria,10,5.5,4.962478101752372,6.131239050876186,4.2387434305257115,7.084991240700949,4.6812390508761865,High_Plateau,0.491401309,0.372253272,25,-0.002047794
Acer,Petasites,10,5.5,6.168893077862929,6.734446538931465,4.600667923358879,7.567557231145171,5.284446538931465,High_Plateau,0.4767098287025003,0.4416545080789309,37,-0.002818089
Acer,Petrorhagia,10,5.5,4.814985143,6.057492571269295,4.194495542761577,7.025994057015437,4.607492571269296,High_Plateau,0.4287559388790797,0.2798533453981037,29,-0.002118297
Acer,Petroselinum,10,5.5,4.417870216309692,5.858935108154846,4.075361064892908,6.867148086523876,4.4089351081548465,High_Plateau,0.3761565610580542,0.223934317,35,-0.001941592
Acer,Phacelia,10,5.5,4.668981987289737,5.984490993644869,4.150694596186921,6.967592794915895,4.5344909936448685,High_Plateau,0.4053731853252219,0.240201395,30,0.003409809
Acer,Phagnalon,10,5.5,8.656037662133588,7.9780188310667945,5.346811298640077,8.562415064853436,6.528018831066794,High_Plateau,0.4554290793935918,0.390877,36,-0.00283393
Acer,Phalaris,10,5.5,5.189268153064905,6.244634076532453,4.306780445919472,7.175707261225963,4.794634076532453,High_Plateau,0.4044722338206614,0.3220370331368777,40,-0.003818992
Acer,Phillyrea,10,5.5,8.642083098161851,7.971041549080926,5.342624929448555,8.556833239,6.521041549080926,High_Plateau,0.6049435464062305,0.6240597562401502,28,-0.002370166
Acer,Phlomis,10,5.5,8.025075468289767,7.662537734144884,5.157522640486929,8.310030187315906,6.212537734144884,High_Plateau,0.3507263583053218,0.1814721865736275,36,-0.002837076
Acer,Phoenix,10,5.5,8.650078473,7.9750392364294544,5.345023541857673,8.560031389143564,6.525039236429455,High_Plateau,0.4452754557884942,0.2634639220469666,23,-0.001551354
Acer,Physalis,10,5.5,5.639742106304709,6.469871053152355,4.441922631891413,7.355896842521884,5.019871053152355,High_Plateau,0.5302230487537987,0.4992396651068365,31,-0.002187016
Acer,Physospermum,10,5.5,6.2090590218228865,6.754529510911443,4.612717706546865,7.583623608729155,5.304529510911443,High_Plateau,0.4941989914479476,0.4109134501950128,29,-0.002988295
Acer,Phytolacca,10,5.5,6.533270434147589,6.916635217073795,4.709981130244277,7.713308173659035,5.466635217073795,High_Plateau,0.5731228354310394,0.5114494812527747,22,-0.004101244
Acer,Picris,10,5.5,4.866466739668509,6.083233369834254,4.209940021900552,7.046586695867404,4.6332333698342545,High_Plateau,0.4373082120754431,0.3709173892122674,38,-0.002052771
Acer,Pilosella,10,5.5,6.3166731558129126,6.808336577906456,4.645001946743873,7.626669262325166,5.3583365779064565,High_Plateau,0.316908659,0.1055107332055661,35,-0.002302696
Acer,Pilularia,10,5.5,6.364225797837507,6.832112898918753,4.659267739351252,7.645690319135003,5.382112898918754,High_Plateau,0.3300502891962203,0.082500478,29,-0.002410456
Acer,Pimpinella,10,5.5,5.724334806395034,6.512167403197517,4.4673004419185105,7.389733922558014,5.062167403197517,High_Plateau,0.5093339096004155,0.4492238025412147,30,-0.002094985
Acer,Pinus,10,5.5,8.745121437683833,8.022560718841916,5.3735364313051495,8.598048575073534,6.572560718841917,High_Plateau,0.5438208523944105,0.4690104912776409,24,-0.002734343
Acer,Piptatherum,10,5.5,6.148849706937346,6.724424853468673,4.594654912081204,7.5595398827749385,5.274424853468673,High_Plateau,0.3680200825710535,0.215912472,36,-0.002101262
Acer,Pistacia,10,5.5,8.638630601570776,7.969315300785388,5.341589180471233,8.555452240628311,6.519315300785388,High_Plateau,0.5036086596805632,0.2819892843014698,8,-0.127284482
Acer,Pistorinia,10,5.5,4.255988972,5.777994485965685,4.026796691579412,6.802395588772548,4.327994485965686,High_Plateau,0.387144271,0.098206164,17,-0.003149751
Acer,Pittosporum,10,5.5,8.647135495,7.973567747385999,5.344140648431599,8.558854198,6.523567747,High_Plateau,0.4329621937246819,0.2631742790163101,26,5.191202828264824e-05
Acer,Plantago,10,5.5,5.476379859294099,6.38818993,4.392913957788229,7.290551944,4.9381899296470495,High_Plateau,0.4669532895411926,0.3810187090683571,32,-0.002683938
Acer,Platanthera,10,5.5,6.257166190163178,6.778583095081589,4.627149857048954,7.602866476065271,5.328583095081589,High_Plateau,0.4613060892042631,0.3696284454124134,32,-0.002204623
Acer,Platycapnos,10,5.5,4.255988972,5.777994485965685,4.026796691579412,6.802395588772548,4.327994485965686,High_Plateau,0.3891554098187545,0.098206164,18,0.058057526
Acer,Poa,10,5.5,6.133655716689908,6.7168278583449545,4.590096715006973,7.5534622866759635,5.266827858344954,High_Plateau,0.3065773808566131,0.12605615,40,-0.002863105
Acer,Polycarpon,10,5.5,4.840871470198005,6.070435735099002,4.2022614410594015,7.036348588079202,4.620435735099003,High_Plateau,0.4523053,0.2780433645560533,23,-0.004150121
Acer,Polycnemum,10,5.5,4.312701879788579,5.80635094,4.043810563936574,6.825080751915432,4.3563509398942895,High_Plateau,0.479188011,0.331411297,23,-0.002162678
Acer,Polygala,10,5.5,6.446734841586066,6.873367420793032,4.684020452,7.678693936634426,5.423367420793033,High_Plateau,0.5500648990682209,0.4054381315328802,16,0.048800799
Acer,Polygonatum,10,5.5,6.276870066,6.788435033054315,4.633061019832589,7.610748026443453,5.338435033054315,High_Plateau,0.4503475704869385,0.3559106,33,-0.002104692
Acer,Polygonum,10,5.5,5.084681598431235,6.192340799215618,4.275404479529371,7.133872639372495,4.742340799215618,High_Plateau,0.4549396175166957,0.2912731332856271,24,-0.002859902
Acer,Polypodium,10,5.5,6.3029352695832115,6.801467634791606,4.640880580874963,7.621174107833285,5.3514676347916055,High_Plateau,0.4333086756331886,0.3383845446091939,35,-0.002671583
Acer,Polypogon,10,5.5,5.432287052463371,6.366143526231685,4.379686115739011,7.272914820985349,4.916143526231686,High_Plateau,0.3869100573942833,0.3440730198354047,47,-0.001949457
Acer,Polystichum,10,5.5,6.265011687896437,6.782505843948218,4.6295035063689305,7.606004675158575,5.332505843948219,High_Plateau,0.4560696404731502,0.3673182784749678,33,-0.001922385
Acer,Populus,10,5.5,8.086838452254723,7.693419226127361,5.176051535676416,8.334735381,6.2434192261273616,High_Plateau,0.6143566227550612,0.5938967172625232,22,-0.003999551
Acer,Portulaca,10,5.5,4.9070558109003395,6.103527905,4.222116743270102,7.062822324360136,4.653527905,High_Plateau,0.49011089,0.3615612751433312,24,-0.002587888
Acer,Potamogeton,10,5.5,6.156643104272226,6.728321552136113,4.596992931281668,7.562657241708891,5.278321552136113,High_Plateau,0.5385162334560905,0.4415257295072248,22,-0.000548505
Acer,Potentilla,10,5.5,6.179509697776879,6.739754849,4.603852909333064,7.571803879110751,5.289754849,High_Plateau,0.3718302223372515,0.108586842,22,-0.00271418
Acer,Primula,10,5.5,6.109506656050338,6.704753328025169,4.582851996815101,7.543802662420136,5.254753328025169,High_Plateau,0.5491923154931805,0.4808118862032091,24,-0.008026687
Acer,Prosopis,10,5.5,8.658052085359696,7.979026042679848,5.347415625607908,8.563220834143879,6.529026042679848,High_Plateau,0.4978757130316069,0.3610320769921919,22,-0.004485446
Acer,Prunella,10,5.5,6.161748948719952,6.730874474359975,4.5985246846159855,7.564699579,5.280874474359976,High_Plateau,0.4832185328747091,0.4463701673957101,36,-0.002405234
Acer,Prunus,10,5.5,8.671160887926169,7.985580443963084,5.351348266377851,8.568464355170468,6.5355804439630845,High_Plateau,0.618975872,0.5946017495943557,21,-0.002428106
Acer,Psidium,10,5.5,8.649186792533545,7.974593396266773,5.344756037760064,8.559674717013419,6.524593396266773,High_Plateau,0.643281283,0.6070558089417153,17,0.01397214
Acer,Pteris,10,5.5,6.352395439627517,6.8261977198137584,4.655718631888255,7.640958175851007,5.376197719813758,High_Plateau,0.3233886762481581,0.085509126,31,-0.001878046
Acer,Ptilostemon,10,5.5,6.348037758790751,6.824018879395375,4.654411327637225,7.6392151035163005,5.374018879395376,High_Plateau,0.3189717278813453,0.1343667746996461,38,-0.00266454
Acer,Puccinellia,10,5.5,5.955869665413248,6.627934832706623,4.5367608996239746,7.482347866165299,5.177934832706624,High_Plateau,0.4284488950570618,0.369552828,40,-0.001631353
Acer,Pulicaria,10,5.5,5.065315167308411,6.182657583654205,4.269594550192523,7.126126066923364,4.7326575836542055,High_Plateau,0.4524471942981388,0.3846799059632137,36,-0.001667313
Acer,Quercus,10,5.5,8.604604610302232,7.952302305151116,5.331381383090669,8.541841844120892,6.502302305151116,High_Plateau,0.6350360745793436,0.6183970912517196,20,-0.001898683
Acer,Ranunculus,10,5.5,5.861065541747549,6.580532770873774,4.508319662524265,7.444426217,5.130532770873774,High_Plateau,0.3517910605851759,0.094707984,25,-0.010423832
Acer,Raphanus,10,5.5,4.511153249547862,5.905576625,4.103345974864358,6.904461299819145,4.455576624773931,High_Plateau,0.4454984946229726,0.2807280566989637,25,-0.003449858
Acer,Rapistrum,10,5.5,4.852830359,6.076415179436889,4.205849107662134,7.041132143549512,4.626415179,High_Plateau,0.4329325139457678,0.271869781,27,-0.002626508
Acer,Reichardia,10,5.5,5.356479211765943,6.328239605882971,4.356943763529783,7.242591684706378,4.878239605882971,High_Plateau,0.4508643310357416,0.4061810111382094,39,-0.0017138
Acer,Reseda,10,5.5,5.012792938024289,6.156396469012144,4.253837881407287,7.105117175209715,4.7063964690121445,High_Plateau,0.5704927842014162,0.3622420105858133,10,0.2224849123727667
Acer,Rhamnus,10,5.5,8.729302319431703,8.014651159715852,5.368790696,8.591720928,6.564651159715852,High_Plateau,0.7476953215685217,0.8434454575887139,20,-0.000548045
Acer,Rhus,10,5.5,8.660646030061365,7.980323015030683,5.348193809,8.564258412024547,6.530323015030683,High_Plateau,0.6780083884347196,0.6067330245319473,7,-0.048101786
Acer,Rhynchospora,10,5.5,6.2987542067559374,6.799377103377969,4.639626262026781,7.619501682702375,5.349377103377969,High_Plateau,0.4525020556047885,0.3355501095303309,30,-0.00204506
Acer,Ribes,10,5.5,8.645914198559442,7.972957099279721,5.343774259567832,8.558365679423776,6.522957099279721,High_Plateau,0.6559572324415147,0.6183845919163294,15,0.00189594
Acer,Robinia,10,5.5,8.670874047672395,7.985437023836198,5.351262214301718,8.568349619068957,6.535437023836198,High_Plateau,0.6592278745314615,0.7050881492475307,25,0.012043479
Acer,Romulea,10,5.5,6.232866988708831,6.766433494354415,4.6198600966126495,7.593146795483532,5.316433494354415,High_Plateau,0.3389524364174949,0.1250255660307777,32,-0.002726754
Acer,Rorippa,10,5.5,5.500273753054763,6.400136876527382,4.400082125916429,7.300109501221906,4.950136876527382,High_Plateau,0.5500240209936081,0.4076701160945862,15,-0.003863795
Acer,Rosa,10,5.5,8.655593312628184,7.9777966563140925,5.346677993788456,8.562237325051274,6.527796656314092,High_Plateau,0.6264368160633058,0.6096478933037913,21,-0.003049388
Acer,Rostraria,10,5.5,4.449905647598578,5.874952823799289,4.084971694279574,6.879962259039431,4.4249528237992894,High_Plateau,0.3642135933177888,0.2740491257411904,44,-0.002082298
Acer,Rubia,10,5.5,6.113071487513485,6.706535743756742,4.583921446254045,7.545228595005394,5.256535743756743,High_Plateau,0.540926315,0.4880886362209324,27,-0.003782773
Acer,Rubus,10,5.5,8.583172539292041,7.94158627,5.324951761787613,8.533269015716817,6.491586269646021,High_Plateau,0.4053234892811502,0.1589800065016443,20,-0.001939112
Acer,Rudbeckia,10,5.5,5.990208839779028,6.645104419889513,4.547062651933708,7.496083535911611,5.195104419889514,High_Plateau,0.4286237806153644,0.4275214993801077,47,-0.002054622
Acer,Ruellia,10,5.5,6.351910545823169,6.825955272911584,4.655573163746951,7.640764218329268,5.375955272911584,High_Plateau,0.3318471101837801,0.085971167,29,-0.00179569
Acer,Rumex,10,5.5,5.951745379908014,6.625872689954007,4.535523613972404,7.480698151963206,5.175872689954007,High_Plateau,0.4960695527962632,0.4061614437425437,28,-0.00161854
Acer,Ruppia,10,5.5,5.905856133,6.6029280667497705,4.5217568400498624,7.462342453399817,5.152928067,High_Plateau,0.4834877273112756,0.323399986,21,-0.00130074
Acer,Ruscus,10,5.5,7.262121229156373,7.281060614578186,4.928636368746911,8.004848492,5.8310606145781865,High_Plateau,0.491048088,0.4292092621464658,32,-0.002688714
Acer,Ruta,10,5.5,6.090810052543145,6.6954050262715725,4.577243015762944,7.536324021017258,5.245405026271573,High_Plateau,0.6128286139507341,0.4971838598277623,7,-0.152153708
Acer,Sagina,10,5.5,5.5242202392095505,6.412110119604775,4.407266071762865,7.309688096,4.962110119604775,High_Plateau,0.5167623366570069,0.4395515431778842,27,-0.002737089
Acer,Salicornia,10,5.5,4.9391233133979275,6.119561656698964,4.2317369940193785,7.075649325359171,4.6695616566989635,High_Plateau,0.4725286564819836,0.3429940414587429,26,-0.003382273
Acer,Salix,10,5.5,8.234132545168354,7.767066272584177,5.220239763550506,8.393653018067342,6.317066272584177,High_Plateau,0.6086720404862456,0.5825275527248918,22,-0.003999551
Acer,Salsola,10,5.5,5.810119446656098,6.555059723328049,4.493035834,7.424047778662439,5.105059723328049,High_Plateau,0.5117972706675267,0.396887581,23,-0.003451502
Acer,Salvia,10,5.5,6.406117131081379,6.853058565540689,4.671835139324413,7.662446852432552,5.4030585655406895,High_Plateau,0.4951114764432532,0.4458011210880981,33,-0.003918238
Acer,Salvinia,10,5.5,4.403258664041084,5.851629332020542,4.070977599212325,6.861303465616434,4.401629332020542,High_Plateau,0.4037568832738499,0.2299136660161912,29,-0.002410456
Acer,Sambucus,10,5.5,8.320268424414616,7.810134212207307,5.246080527324384,8.428107369765847,6.360134212207308,High_Plateau,0.5889205303757495,0.5352038469927992,23,0.076199767
Acer,Samolus,10,5.5,6.109840163040252,6.704920081520125,4.582952048912075,7.543936065216101,5.254920081520126,High_Plateau,0.567585156,0.4901206927755464,21,0.006070016
Acer,Santolina,10,5.5,8.645054003969062,7.972527001984531,5.3435162011907185,8.558021601587624,6.522527001984531,High_Plateau,0.5497874824007961,0.6204619907531707,41,-0.001695404
Acer,Sapindus,10,5.5,8.657114572801353,7.978557286400676,5.347134371840406,8.562845829,6.528557286400677,High_Plateau,0.8802924265241302,0.9173012857723642,5,0.3397055076123579
Acer,Saponaria,10,5.5,5.594331515354021,6.447165757677011,4.428299454606206,7.337732606141609,4.997165757677011,High_Plateau,0.5198739980027288,0.453972712,28,-0.002630427
Acer,Sarcocapnos,10,5.5,6.364225797837507,6.832112898918753,4.659267739351252,7.645690319135003,5.382112898918754,High_Plateau,0.3715099767145586,0.082500478,18,-0.039868376
Acer,Satureja,10,5.5,6.859910035383711,7.079955017691855,4.807973010615113,7.843964014153485,5.629955017691856,High_Plateau,0.4774562355025447,0.4269128510956685,35,-0.003837517
Acer,Saxifraga,10,5.5,6.1503201574511035,6.725160078725551,4.595096047235331,7.560128062980441,5.275160078725552,High_Plateau,0.5458676864709088,0.3990930314741714,16,0.038554173
Acer,Scabiosa,10,5.5,5.7176076535351825,6.508803826767592,4.465282296060555,7.387043061414073,5.058803826767591,High_Plateau,0.6574231557604773,0.7022224457000321,25,0.008324809
Acer,Scandix,10,5.5,5.232639834781256,6.2663199173906285,4.319791950434377,7.193055933912502,4.816319917390628,High_Plateau,0.5511333261151824,0.5577637617840888,33,-0.003512945
Acer,Schinus,10,5.5,8.644566101,7.972283050419184,5.343369830251511,8.557826440335347,6.522283050419185,High_Plateau,0.5312649914897157,0.2663205598461213,6,0.1454306773103858
Acer,Schismus,10,5.5,4.449905647598578,5.874952823799289,4.084971694279574,6.879962259039431,4.4249528237992894,High_Plateau,0.4012259076601957,0.2740491257411904,35,-0.001822169
Acer,Schoenoplectus,10,5.5,5.820479144432551,6.560239572216275,4.496143743329766,7.428191658,5.110239572216276,High_Plateau,0.4519158076133832,0.3675542344202714,34,-0.003544603
Acer,Schoenus,10,5.5,6.039964898707363,6.6699824493536815,4.561989469612209,7.515985959482945,5.219982449353681,High_Plateau,0.4547333048898245,0.3155932521426144,27,-0.003235952
Acer,Scilla,10,5.5,6.348846407705256,6.8244232038526285,4.654653922311577,7.639538563082103,5.374423203852628,High_Plateau,0.4283907152425245,0.295779416,31,-0.003209107
Acer,Scirpus,10,5.5,5.986055139327157,6.6430275696635785,4.545816541798147,7.494422055730864,5.193027569663579,High_Plateau,0.4227497138988763,0.3171197885047547,35,-0.00193742
Acer,Scleranthus,10,5.5,5.226438985,6.263219492,4.3179316953680775,7.190575593824104,4.813219492,High_Plateau,0.5132553308038368,0.4324293079522751,27,-0.002195971
Acer,Scolymus,10,5.5,5.154402973711306,6.227201486855654,4.296320892113392,7.161761189484523,4.777201486855653,High_Plateau,0.4798060060129768,0.4313957552338953,35,-0.002754332
Acer,Scorpiurus,10,5.5,4.355246268007812,5.827623134003906,4.056573880402343,6.842098507203125,4.3776231340039065,High_Plateau,0.3532331932874678,0.1075952745237883,27,0.021752821
Acer,Scorzonera,10,5.5,6.022375281720305,6.6611876408601525,4.556712584516092,7.508950112688122,5.211187640860153,High_Plateau,0.5637356835721374,0.59100902,34,-0.002619769
Acer,Scrophularia,10,5.5,6.206896619234849,6.753448309617424,4.612068985770454,7.5827586476939395,5.3034483096174245,High_Plateau,0.4496455264822852,0.3545187083943334,33,-0.002165674
Acer,Scutellaria,10,5.5,6.209725679950751,6.754862839975376,4.612917703985225,7.583890271980301,5.304862839975376,High_Plateau,0.4823105210451227,0.411750786,32,-0.002772005
Acer,Sedum,10,5.5,5.976119141147637,6.638059570573819,4.542835742344291,7.490447656459056,5.188059570573818,High_Plateau,0.5239871207197642,0.3776883881660366,18,0.008963513
Acer,Selaginella,10,5.5,6.107809129558376,6.703904564779188,4.582342738867513,7.543123652,5.253904564779188,High_Plateau,0.5199188514409538,0.4058330606981116,23,0.03303691
Acer,Senecio,10,5.5,5.963434630521713,6.631717315260857,4.539030389156514,7.485373852208685,5.181717315260856,High_Plateau,0.4434447339032868,0.3671692516690586,36,-0.004138645
Acer,Senna,10,5.5,7.871477958406602,7.585738979203301,5.111443388,8.248591183362642,6.1357389792033015,High_Plateau,0.4671754285030167,0.2896987030736876,21,0.004082687
Acer,Serapias,10,5.5,6.124815195,6.712407597595995,4.587444558557596,7.549926078076796,5.262407597595995,High_Plateau,0.5404259559055095,0.4785604738895433,26,-0.002241441
Acer,Serratula,10,5.5,6.190383825,6.745191912,4.607115147,7.5761535298872005,5.295191912,High_Plateau,0.4600302816450401,0.4246485651358171,39,-0.002392064
Acer,Sesamoides,10,5.5,6.228086134710669,6.764043067355335,4.618425840413201,7.591234453884267,5.3140430673553345,High_Plateau,0.4598157180682938,0.1408878783195685,10,0.2224849123727666
Acer,Seseli,10,5.5,6.0037624316654785,6.651881216,4.551128729499643,7.501504972666192,5.201881215832739,High_Plateau,0.4190074745953077,0.3344549056949425,38,-0.002747728
Acer,Setaria,10,5.5,4.853861391798432,6.076930695899216,4.2061584175395295,7.041544556719373,4.626930695899216,High_Plateau,0.3987840121281626,0.3104591126460151,40,-0.002811606
Acer,Sideritis,10,5.5,6.263429651302854,6.781714825651427,4.6290288953908565,7.605371860521142,5.331714825651427,High_Plateau,0.3123758113686855,0.1129596647300995,37,-0.002684046
Acer,Silene,10,5.5,5.404928595145908,6.352464297572954,4.371478578543773,7.261971438058364,4.902464297572954,High_Plateau,0.5170246811608528,0.4318431998811545,26,-0.002667818
Acer,Silybum,10,5.5,4.4558271868576735,5.877913593428836,4.086748156057302,6.882330875,4.427913593428837,High_Plateau,0.3488353564076879,0.2022202439384316,39,-0.00219971
Acer,Sinapis,10,5.5,4.524204695659257,5.912102347829629,4.107261408697777,6.909681878263703,4.462102347829629,High_Plateau,0.4246622303505173,0.2553954276477907,27,-0.002957574
Acer,Sisymbrium,10,5.5,4.516160745676354,5.908080372838176,4.104848223702906,6.906464298270542,4.458080372838177,High_Plateau,0.4847337635921297,0.3014627501357002,18,-0.002441868
Acer,Smilax,10,5.5,7.155971983917992,7.227985991958995,4.896791595175397,7.962388793567197,5.777985991958996,High_Plateau,0.4044316744662959,0.190313449,24,-0.003140913
Acer,Smyrnium,10,5.5,4.426316808310325,5.863158404155163,4.077895042493098,6.870526723,4.413158404155163,High_Plateau,0.3820760774564334,0.2193126246742575,33,-0.001829746
Acer,Solanum,10,5.5,6.377027305565165,6.8385136527825825,4.663108191669549,7.650810922226066,5.388513652782583,High_Plateau,0.5349959897162676,0.5087855470317739,31,-0.002187016
Acer,Solidago,10,5.5,6.100662022556694,6.700331011278347,4.580198606767008,7.540264809022678,5.250331011278347,High_Plateau,0.4686223149017259,0.4994682678078732,46,-0.002899012
Acer,Sonchus,10,5.5,5.009535104631608,6.154767552315803,4.252860531389482,7.103814041852644,4.704767552315804,High_Plateau,0.4501250847131439,0.3884982837330531,37,-0.002884407
Acer,Sorghum,10,5.5,5.365509899,6.332754949570485,4.3596529697422906,7.246203959656388,4.882754949570485,High_Plateau,0.4709601098760444,0.4054079823415781,34,-0.00237032
Acer,Sparganium,10,5.5,6.154616484969865,6.727308242484932,4.596384945490959,7.561846593987946,5.277308242484933,High_Plateau,0.5368003303405042,0.4465414811865288,23,-0.001690404
Acer,Spergula,10,5.5,4.646391760281818,5.973195880140909,4.143917528084545,6.958556704112727,4.523195880140909,High_Plateau,0.4195088497563543,0.2368737904901076,26,-0.002979085
Acer,Spergularia,10,5.5,5.129329172995654,6.214664586497827,4.288798751898696,7.151731669198261,4.764664586497827,High_Plateau,0.431520806,0.2444967472329735,24,-0.003166086
Acer,Sphaeralcea,10,5.5,6.144403277096965,6.722201638548483,4.5933209831290895,7.557761310838787,5.2722016385484824,High_Plateau,0.5307956474619329,0.4023059165147805,19,-0.004942971
Acer,Spiraea,10,5.5,8.656020748,7.978010374102615,5.346806224461568,8.562408299282092,6.528010374102615,High_Plateau,0.6869274112968203,0.7142328844705321,19,-0.003260172
Acer,Spiranthes,10,5.5,6.316525956440373,6.808262978220187,4.644957786932112,7.626610383,5.3582629782201865,High_Plateau,0.4410817299005363,0.3208525945259587,31,-0.001664852
Acer,Sporobolus,10,5.5,6.005028662083125,6.652514331041562,4.551508598624937,7.5020114648332505,5.202514331041563,High_Plateau,0.4642810797010926,0.3923573888973355,34,-0.003907654
Acer,Stachys,10,5.5,5.965782428897921,6.632891214448961,4.5397347286693766,7.486312971559169,5.1828912144489605,High_Plateau,0.4570664835756857,0.3942603793924191,36,-0.003376787
Acer,Staehelina,10,5.5,8.744238998769424,8.022119499384711,5.373271699630827,8.5976956,6.572119499384712,High_Plateau,0.3705886277381763,0.204699358,34,-0.002542018
Acer,Stellaria,10,5.5,5.535077009864677,6.417538504932338,4.410523102959403,7.314030803945871,4.967538504932339,High_Plateau,0.5011684374109309,0.4164661622695518,28,-0.002153287
Acer,Sternbergia,10,5.5,6.266612631965553,6.7833063159827764,4.629983789589666,7.606645052786222,5.333306315982776,High_Plateau,0.4641877158949069,0.3589498374097568,30,-0.002187097
Acer,Stipa,10,5.5,6.252642001,6.776321000386705,4.625792600232023,7.6010568003093635,5.326321000386705,High_Plateau,0.4663707019410287,0.4045410553286532,35,-0.002833874
Acer,Stipagrostis,10,5.5,6.148849706937346,6.724424853468673,4.594654912081204,7.5595398827749385,5.274424853468673,High_Plateau,0.4047991218453986,0.215912472,27,-0.004173883
Acer,Suaeda,10,5.5,5.733721870437317,6.516860935218658,4.470116561131195,7.393488748174927,5.066860935218658,High_Plateau,0.524350971,0.4384180547995908,25,-0.003375089
Acer,Succisa,10,5.5,6.216566035559895,6.758283017779947,4.614969810667969,7.586626414223958,5.308283017779948,High_Plateau,0.5018546447704739,0.4013622213761292,26,-0.001963289
Acer,Succowia,10,5.5,4.373503056640015,5.836751528320008,4.062050916992004,6.849401222656006,4.386751528320008,High_Plateau,0.4809549293287475,0.2439656386648384,12,0.000680004
Acer,Taeniatherum,10,5.5,6.149515129199784,6.7247575645998925,4.594854538759935,7.559806051679914,5.274757564599892,High_Plateau,0.3472788247705443,0.2155246184559511,41,-0.002095119
Acer,Tagetes,10,5.5,4.252439241467548,5.776219620733774,4.025731772440264,6.800975696587019,4.326219620733774,High_Plateau,0.3056975149736596,0.099485434,37,-0.002095858
Acer,Tamarix,10,5.5,8.652814939161697,7.976407469580849,5.345844481748509,8.561125975664678,6.526407469580849,High_Plateau,0.4527143472925483,0.261418481,21,0.000872985
Acer,Tanacetum,10,5.5,6.020132771976252,6.6600663859881255,4.556039831592876,7.5080531087905005,5.210066385988126,High_Plateau,0.4806624964458305,0.4493052667047017,37,-0.001545205
Acer,Taraxacum,10,5.5,6.245630260002389,6.772815130001194,4.623689078000717,7.598252104000956,5.322815130001194,High_Plateau,0.3240325206185663,0.1198442826581944,35,-0.002731824
Acer,Taxus,10,5.5,8.686549563185341,7.993274781592671,5.355964868955603,8.574619825274137,6.543274781592671,High_Plateau,0.65553769,0.675285731,22,0.000866054
Acer,Terminalia,10,5.5,8.674098292203453,7.987049146101727,5.352229487661036,8.569639316881382,6.537049146101727,High_Plateau,0.4895062293484477,0.2506432297627714,10,-0.029386732
Acer,Teucrium,10,5.5,7.511778060492997,7.405889030246499,5.003533418147899,8.104711224,5.955889030246499,High_Plateau,0.5173929070887793,0.481793219,32,-0.002160309
Acer,Thalictrum,10,5.5,6.149203037255699,6.724601519,4.594760911,7.559681215,5.274601519,High_Plateau,0.5537614053404116,0.4571970052617624,20,-0.008644946
Acer,Thapsia,10,5.5,6.2090590218228865,6.754529510911443,4.612717706546865,7.583623608729155,5.304529510911443,High_Plateau,0.4654393471297769,0.4109134501950128,36,-0.002913506
Acer,Thelypteris,10,5.5,6.225039969659485,6.762519984829742,4.617511990897846,7.590015987863794,5.312519984829743,High_Plateau,0.4695028895427022,0.3943856573533498,33,-0.002926789
Acer,Themeda,10,5.5,6.148849706937346,6.724424853468673,4.594654912081204,7.5595398827749385,5.274424853468673,High_Plateau,0.3597958830501961,0.215912472,38,-0.002151477
Acer,Thesium,10,5.5,5.974516338,6.637258168790795,4.542354901274477,7.489806535032637,5.187258168790795,High_Plateau,0.5679721531009324,0.4625603970405522,19,0.065549683
Acer,Thunbergia,10,5.5,6.272220561869391,6.786110280934695,4.631666168560817,7.608888224747757,5.336110280934696,High_Plateau,0.4714043596555423,0.3568664874100818,28,-0.00179569
Acer,Thymelaea,10,5.5,7.955756021,7.627878010694715,5.136726806416829,8.282302408555772,6.177878010694715,High_Plateau,0.6086686552438487,0.4926034004621999,9,-0.088659217
Acer,Thymus,10,5.5,7.6283337476379005,7.464166874,5.038500124,8.151333499055161,6.014166873818951,High_Plateau,0.5118911742882764,0.5200196597469782,38,-0.001734501
Acer,Tilia,10,5.5,8.734207232,8.017103616,5.370262169519288,8.593682892692383,6.567103616,High_Plateau,0.7793134891823478,0.849574181,13,-0.002681219
Acer,Tolpis,10,5.5,5.359332504460697,6.329666252230348,4.357799751338209,7.243733001784279,4.879666252230349,High_Plateau,0.471949176,0.431993797,37,-0.002121064
Acer,Tordylium,10,5.5,4.417870216309692,5.858935108154846,4.075361064892908,6.867148086523876,4.4089351081548465,High_Plateau,0.3678456681290312,0.2239343172866421,37,-0.002858741
Acer,Torilis,10,5.5,4.385406271027254,5.842703135513627,4.065621881308176,6.8541625084109015,4.392703135513627,High_Plateau,0.3849909446632344,0.2425924809633511,35,-0.006888575
Acer,Trachelium,10,5.5,6.364225797837507,6.832112898918753,4.659267739351252,7.645690319135003,5.382112898918754,High_Plateau,0.3300992947510838,0.082500478,29,-0.001920401
Acer,Tradescantia,10,5.5,6.225623037482003,6.762811518741001,4.617686911244601,7.590249214992801,5.312811518741002,High_Plateau,0.5020643887617026,0.3936378698408371,25,-0.002339982
Acer,Tragopogon,10,5.5,4.643059006061591,5.971529503030796,4.142917701818478,6.957223602424637,4.521529503030796,High_Plateau,0.4332623504106642,0.3300623532326934,34,-0.002619769
Acer,Tragus,10,5.5,4.495612034942574,5.897806017471287,4.098683610482772,6.898244814,4.447806017471287,High_Plateau,0.3769179869804883,0.2504084225968145,38,-0.003410188
Acer,Trifolium,10,5.5,5.110243967929586,6.205121983964792,4.283073190378875,7.144097587171835,4.755121983964793,High_Plateau,0.4546525937396686,0.3484157037625153,31,-0.003771759
Acer,Triglochin,10,5.5,5.943749915798353,6.621874957899177,4.533124974739506,7.477499966319341,5.171874957899177,High_Plateau,0.4700714771145969,0.3052525116432569,22,-0.003629979
Acer,Trigonella,10,5.5,4.36325589,5.8316279451691795,4.058976767101508,6.845302356135344,4.381627945,High_Plateau,0.444096743,0.3515070598743374,34,-0.001499375
Acer,Trisetum,10,5.5,5.9297098016039635,6.614854900801982,4.528912940481189,7.471883920641586,5.164854900801982,High_Plateau,0.4364940181741154,0.4187375990770047,44,-0.002720416
Acer,Triticum,10,5.5,4.442703237578156,5.8713516187890775,4.082810971273447,6.877081295031262,4.421351618789078,High_Plateau,0.3830009340145396,0.295123046,42,-0.001770273
Acer,Tuberaria,10,5.5,5.632110729807547,6.466055364903774,4.439633218942264,7.352844291923018,5.016055364903774,High_Plateau,0.5223619947566723,0.3777786499929276,13,-0.213218508
Acer,Tulipa,10,5.5,6.401377782955407,6.850688891477704,4.670413334886622,7.660551113182163,5.400688891477704,High_Plateau,0.4118307844276626,0.2542090320316158,30,-0.002052384
Acer,Typha,10,5.5,6.185833869791443,6.742916934895721,4.605750160937433,7.574333547916577,5.292916934895722,High_Plateau,0.5218502138832742,0.4166412482720687,23,-0.001690404
Acer,Ulex,10,5.5,8.740689227050698,8.020344614,5.372206768115209,8.596275691,6.570344613525349,High_Plateau,0.637742686,0.6555481237735925,24,0.003795827
Acer,Ulmus,10,5.5,8.591568674798857,7.945784337399429,5.327470602439657,8.536627469919543,6.495784337399429,High_Plateau,0.6347872125097422,0.6098499286735931,19,-0.002747381
Acer,Umbilicus,10,5.5,6.124815195,6.712407597595995,4.587444558557596,7.549926078076796,5.262407597595995,High_Plateau,0.5672548769817206,0.4785604738895433,20,0.019472428
Acer,Urospermum,10,5.5,5.154402973711306,6.227201486855654,4.296320892113392,7.161761189484523,4.777201486855653,High_Plateau,0.4757468529953417,0.4313957552338953,36,-0.002249972
Acer,Urtica,10,5.5,5.407536437,6.353768218349465,4.372260931009679,7.263014574679572,4.903768218349465,High_Plateau,0.4691407113127251,0.3030047115566333,22,-0.001698636
Acer,Utricularia,10,5.5,5.922045296926533,6.611022648463266,4.526613589,7.4688181187706135,5.161022648463266,High_Plateau,0.4966334653955571,0.3909939692923928,26,-0.002333823
Acer,Valantia,10,5.5,4.936373420020823,6.118186710010411,4.230912026006247,7.074549368008329,4.668186710010412,High_Plateau,0.4550297316264313,0.3322948954204973,29,-0.00158812
Acer,Verbascum,10,5.5,4.657387516291767,5.978693758145884,4.147216255,6.962955006516706,4.5286937581458835,High_Plateau,0.4460312818414976,0.3554484166695295,34,-0.001860772
Acer,Verbesina,10,5.5,5.762912933,6.531456466363345,4.478873879818007,7.405165173090676,5.0814564663633455,High_Plateau,0.296515332,0.1385875141716318,44,-0.001756858
Acer,Veronica,10,5.5,5.4364673742714915,6.368233687135746,4.380940212281447,7.274586949708597,4.918233687135746,High_Plateau,0.4619714463539716,0.3709035740093265,32,-0.001926694
Acer,Viburnum,10,5.5,8.763523417154792,8.031761708577395,5.379057025146437,8.605409366861917,6.581761708577396,High_Plateau,0.5781873627428863,0.5137375117270727,23,0.076199767
Acer,Vicia,10,5.5,5.031103543901294,6.165551771950646,4.259331063170388,7.112441417560518,4.715551771950647,High_Plateau,0.4905520837519225,0.4192326974196925,31,0.001138172
Acer,Vigna,10,5.5,5.249044463458617,6.274522231729309,4.324713339037585,7.199617785383447,4.824522231729309,High_Plateau,0.5282716841120831,0.4706825112216738,28,-0.002202564
Acer,Vinca,10,5.5,6.255061517347323,6.777530758673661,4.626518455204197,7.6020246069389295,5.327530758673662,High_Plateau,0.482221318,0.3704521715376231,27,-0.002650418
Acer,Vincetoxicum,10,5.5,6.481606335213192,6.890803167606595,4.694481900563957,7.692642534085277,5.440803167606596,High_Plateau,0.4751054427976993,0.4136285035180223,34,-0.002019596
Acer,Viscum,10,5.5,8.855852870952011,8.077926435476005,5.406755861285603,8.642341148380805,6.627926435476006,High_Plateau,0.4048565219816619,0.1828107824629338,23,-0.002474994
Acer,Wisteria,10,5.5,8.708378756649964,8.004189378324982,5.362513626994989,8.583351502659985,6.554189378324982,High_Plateau,0.6434529272521774,0.6831154234006869,25,-0.035842365
Acer,Withania,10,5.5,8.681073699545973,7.990536849772987,5.354322109863792,8.572429479818389,6.5405368497729865,High_Plateau,0.4612639575065341,0.328644807,27,-0.003187198
Acer,Wolffia,10,5.5,6.305125828069296,6.802562914034648,4.641537748420789,7.622050331227719,5.352562914034648,High_Plateau,0.471070698,0.3318702768993865,25,-0.003438926
Acer,Xanthium,10,5.5,4.421861065093011,5.860930532546505,4.076558319527903,6.868744426037205,4.410930532546505,High_Plateau,0.3376973200980639,0.2210451055077202,44,-0.002224929
Acer,Xeranthemum,10,5.5,4.396010126123905,5.848005063061953,4.068803037837172,6.858404050449562,4.3980050630619525,High_Plateau,0.3854833955865229,0.2346136327799497,34,-0.003165715
Acer,Yucca,10,5.5,7.054105800285888,7.177052900142944,4.866231740085766,7.921642320114355,5.727052900142944,High_Plateau,0.3742720026923154,0.2037342941853012,33,-0.001978841
Acer,Zinnia,10,5.5,4.4535400577322095,5.876770028866105,4.086062017319663,6.881416023092884,4.426770028866105,High_Plateau,0.3331205711948671,0.2036550985855077,43,-0.002138274
Acer,Ziziphora,10,5.5,4.405489786783632,5.852744893391816,4.071646936,6.862195914713453,4.402744893391816,High_Plateau,0.3629986139064923,0.2306105439488646,39,-0.002518635
Acer,Ziziphus,10,5.5,8.648655756175403,7.974327878087701,5.344596726852621,8.559462302,6.524327878087702,High_Plateau,0.4673993111440189,0.2667082321080846,18,-0.002013803
Achillea,Achnatherum,10,5.5,3.790279125293817,5.545139562646908,3.887083737588145,6.616111650117527,4.095139562646908,High_Plateau,0.3951165920179988,0.3438853054899883,45,-0.00113732
Achillea,Achyranthes,10,5.5,4.961600824958068,6.130800412479034,4.238480247,7.084640329983227,4.680800412479034,High_Plateau,0.3994013267080254,0.3032524759213489,39,-0.001701167
Achillea,Adenocarpus,10,5.5,6.2738262975833115,6.786913148791656,4.632147889274993,7.609530519033324,5.3369131487916555,High_Plateau,0.6428121079102296,0.8557860222892745,47,-0.001493964
Achillea,Adiantum,10,5.5,3.8657872109042994,5.582893605452149,3.9097361632712895,6.646314884,4.132893605,High_Plateau,0.4816647703207893,0.549983579,49,-0.001763341
Achillea,Adonis,10,5.5,3.231563488359103,5.265781744179551,3.7194690465077307,6.392625395343641,3.8157817441795516,High_Plateau,0.6335178357512946,0.7714006002382559,39,-0.001276698
Achillea,Aegilops,10,5.5,2.130517655932484,4.715258827966242,3.3891552967797454,5.9522070623729935,3.2652588279662424,High_Plateau,0.3583870505760399,0.3937432288943625,60,-0.001283995
Achillea,Aeluropus,10,5.5,4.003109163342272,5.651554581671136,3.950932749002682,6.701243665336909,4.201554581671136,High_Plateau,0.2880013978099416,0.2038790777016383,54,-0.002395109
Achillea,Aeonium,10,5.5,6.195391775587983,6.747695887793991,4.608617532676394,7.578156710235193,5.297695887793992,High_Plateau,0.319417646,0.1678460018306696,42,-0.001217937
Achillea,Aesculus,10,5.5,6.220176180094205,6.760088090047102,4.616052854028261,7.588070472037682,5.310088090047103,High_Plateau,0.6380632515775413,0.8052321906428997,42,-0.001692821
Achillea,Agave,10,5.5,3.7147011462979322,5.507350573148966,3.8644103438893795,6.585880458519173,4.057350573148966,High_Plateau,0.6560926425929118,0.9152130201401192,51,-0.001440045
Achillea,Ageratina,10,5.5,5.072652521596929,6.186326260798465,4.2717957564790785,7.129061008638772,4.736326260798465,High_Plateau,0.6396111306916132,0.611236084,18,-0.002534864
Achillea,Agrimonia,10,5.5,3.8156471084113908,5.5578235542056955,3.8946941325234175,6.626258843364557,4.107823554205695,High_Plateau,0.6640009045396742,0.865290752,43,-0.001513206
Achillea,Agropyron,10,5.5,3.960296524442527,5.6301482622212635,3.9380889573327584,6.684118609777011,4.180148262221264,High_Plateau,0.2915823250964339,0.2355334827030694,57,-0.00157019
Achillea,Agrostemma,10,5.5,1.9968582342881986,4.648429117144099,3.3490574702864597,5.898743293715279,3.1984291171440997,High_Plateau,0.600353218,0.7050749059755258,39,-0.001294401
Achillea,Agrostis,10,5.5,3.6057679294640983,5.452883964732049,3.8317303788392296,6.542307171785639,4.0028839647320495,High_Plateau,0.4434530325967354,0.5311725440853966,56,-0.002154312
Achillea,Aira,10,5.5,2.0658025261506063,4.682901263075303,3.369740757845182,5.926321010460242,3.2329012630753033,High_Plateau,0.3947528471519008,0.4253685979356854,55,-0.001232326
Achillea,Ajuga,10,5.5,3.563713351047506,5.431856675523753,3.819114005314252,6.525485340419003,3.981856675523753,High_Plateau,0.6623730532477745,0.84552632,41,-0.001161344
Achillea,Albizia,10,5.5,6.148440961212512,6.724220480606256,4.594532288363753,7.559376384485005,5.274220480606257,High_Plateau,0.5723782616701051,0.6984521880371433,45,-0.001355036
Achillea,Alcea,10,5.5,3.881862925094567,5.5909314625472835,3.9145588775283704,6.652745170037827,4.140931462547284,High_Plateau,0.6069197942397109,0.8170876677257098,51,-0.002541766
Achillea,Alchemilla,10,5.5,3.9751764695414757,5.637588234770738,3.9425529408624427,6.6900705878165905,4.187588234770738,High_Plateau,0.5094235856414483,0.5807392185097141,46,-0.001241058
Achillea,Alisma,10,5.5,4.076161845489663,5.688080922744831,3.972848553646899,6.730464738195865,4.238080922744832,High_Plateau,0.4626369669138352,0.4625322433393628,43,-0.001360041
Achillea,Alkanna,10,5.5,3.5763159195790504,5.438157959789525,3.8228947758737153,6.530526368,3.9881579597895254,High_Plateau,0.5763577202954012,0.5998668655025778,32,-0.002880412
Achillea,Allium,10,5.5,3.8802098026821126,5.590104901341056,3.9140629408046337,6.652083921072846,4.140104901341056,High_Plateau,0.6665478396251514,0.8870966030350513,45,-0.002881331
Achillea,Allocasuarina,10,5.5,6.207690061836501,6.753845031,4.6123070185509505,7.583076025,5.303845031,High_Plateau,0.3562021497441225,0.2498789893265048,43,-0.002441942
Achillea,Alnus,10,5.5,6.166453981638664,6.7332269908193325,4.599936194491599,7.566581592655465,5.283226990819332,High_Plateau,0.4994336506482477,0.5362610971352864,43,-0.002037472
Achillea,Aloe,10,5.5,5.2703697439778585,6.285184871988929,4.331110923193357,7.208147897591143,4.835184871988929,High_Plateau,0.3350433340533039,0.2484962104335107,48,-0.001636753
Achillea,Alopecurus,10,5.5,3.3546905288295936,5.327345264414797,3.7564071586488783,6.441876211531838,3.8773452644147968,High_Plateau,0.3993849037712781,0.4758713593989945,60,-0.001946115
Achillea,Alternanthera,10,5.5,3.6296638049124694,5.464831902456234,3.838899141473741,6.551865521964988,4.014831902456235,High_Plateau,0.4189686031951385,0.3506808762370832,40,-0.002074514
Achillea,Althaea,10,5.5,3.1241642527303015,5.212082126365151,3.6872492758190907,6.349665701092121,3.7620821263651507,High_Plateau,0.5888401103749861,0.7808055353105621,51,-0.001927943
Achillea,Alyssum,10,5.5,3.157274772758615,5.228637386379307,3.6971824318275845,6.362909909103446,3.778637386379308,High_Plateau,0.6197183337983007,0.8180085257215088,48,-0.002448332
Achillea,Amaranthus,10,5.5,2.0460005421668708,4.673000271083435,3.3638001626500613,5.918400216866749,3.2230002710834356,High_Plateau,0.5215330047029951,0.5228834422266613,36,-0.00182689
Achillea,Amelanchier,10,5.5,6.188038605270594,6.744019302635297,4.606411581581178,7.575215442108238,5.294019302635297,High_Plateau,0.6579031853955042,0.86959446,45,-0.001817161
Achillea,Ammi,10,5.5,2.0181500349114123,4.659075017455706,3.3554450104734235,5.9072600139645655,3.2090750174557066,High_Plateau,0.6187278308632675,0.7007848522269362,34,-0.001577459
Achillea,Amorpha,10,5.5,6.277565188903947,6.788782594451973,4.633269556671184,7.611026075561579,5.338782594451974,High_Plateau,0.6594563424741798,0.8563043381952743,43,-0.002026759
Achillea,Anabasis,10,5.5,6.1506350927545315,6.725317546377266,4.595190527826359,7.560254037101813,5.275317546377266,High_Plateau,0.3474557211600217,0.1910928720003708,38,-0.001455094
Achillea,Anacyclus,10,5.5,2.535582340465395,4.9177911702326975,3.5106747021396183,6.114232936186158,3.467791170232698,High_Plateau,0.9094224423963182,0.8188448847926364,2,1
Achillea,Anarrhinum,10,5.5,2.914161355,5.107080677,3.624248406446522,6.265664541928696,3.657080677,High_Plateau,0.6374653861890268,0.7793738455155502,39,-0.00166742
Achillea,Anchusa,10,5.5,2.8363084087757855,5.068154204387893,3.6008925226327357,6.2345233635103146,3.618154204387893,High_Plateau,0.649119489,0.7697409886878005,35,-0.001345672
Achillea,Andropogon,10,5.5,3.951846919484761,5.62592346,3.9355540758454284,6.680738767793905,4.17592346,High_Plateau,0.2956255451023604,0.2272544128214111,55,-0.001934421
Achillea,Androsace,10,5.5,2.913968612896308,5.106984306448154,3.6241905838688924,6.265587445158523,3.6569843064481544,High_Plateau,0.7229486708010814,0.901100714,33,-0.002044257
Achillea,Andryala,10,5.5,3.182779522759332,5.241389761379666,3.7048338568277996,6.373111809103733,3.791389761379666,High_Plateau,0.8074618625179222,0.938799031,17,-0.002938172
Achillea,Anemone,10,5.5,3.8646822337140576,5.5823411168570285,3.9094046701142173,6.645872893485623,4.132341116857029,High_Plateau,0.6503308033316926,0.8380511213488465,43,-0.002016067
Achillea,Anthemis,10,5.5,3.0094878106572684,5.154743905328634,3.6528463431971803,6.303795124262908,3.7047439053286344,High_Plateau,0.972786278,0.9557654465349668,3,0.9901314352973644
Achillea,Anthericum,10,5.5,3.937020556600727,5.618510278300363,3.931106166980218,6.674808222640291,4.168510278300364,High_Plateau,0.6148793958479769,0.8164636517992314,49,-0.002017451
Achillea,Anthoxanthum,10,5.5,3.027008210951614,5.163504105475807,3.658102463285484,6.310803284380645,3.713504105475807,High_Plateau,0.3924842016658926,0.4866003820500684,63,-0.001310579
Achillea,Anthriscus,10,5.5,2.6290542611651437,4.964527130582572,3.538716278349543,6.1516217044660575,3.514527130582572,High_Plateau,0.6364190327805529,0.7443705261553079,35,-0.001497919
Achillea,Anthyllis,10,5.5,5.078177195278964,6.189088597639482,4.273453158583689,7.131270878111586,4.739088597639482,High_Plateau,0.6121373316489827,0.8355489769068012,52,-0.001577047
Achillea,Antinoria,10,5.5,2.4911190410268254,4.895559520513412,3.4973357123080477,6.096447616,3.445559520513413,High_Plateau,0.3013460966462395,0.1564181511235608,45,-0.001506501
Achillea,Antirrhinum,10,5.5,3.644986303902812,5.472493151951406,3.8434958911708437,6.557994521561125,4.022493151951406,High_Plateau,0.6505614321944901,0.8301938098654644,42,-0.001519111
Achillea,Aphanes,10,5.5,1.8859736260751458,4.592986813037573,3.315792087822544,5.854389450430059,3.142986813037573,High_Plateau,0.4213236949348197,0.4045394370964568,46,-0.001241058
Achillea,Apium,10,5.5,2.8252862193197092,5.062643109659854,3.5975858657959128,6.230114487727883,3.612643109659855,High_Plateau,0.6911788660483834,0.8128606959847557,30,-0.001829888
Achillea,Arabidopsis,10,5.5,2.0437584323722646,4.671879216186133,3.3631275297116794,5.9175033729489055,3.2218792161861325,High_Plateau,0.5920687367082902,0.7788861200366765,50,-0.001140493
Achillea,Arabis,10,5.5,3.176608453508615,5.238304226754307,3.7029825360525845,6.370643381403446,3.788304226754308,High_Plateau,0.4734404749771468,0.5088329955542111,46,-0.00154105
Achillea,Arbutus,10,5.5,6.145731149486619,6.7228655747433095,4.593719344845986,7.558292459794648,5.272865575,High_Plateau,0.5575300377761927,0.5866089692615566,35,-0.001580085
Achillea,Arceuthobium,10,5.5,3.971764748512549,5.6358823742562745,3.9415294245537646,6.688705899,4.185882374256275,High_Plateau,0.3422653686896595,0.1642983775331589,36,-0.001577927
Achillea,Arenaria,10,5.5,2.9111036592733495,5.105551829636674,3.623331097782005,6.264441464,3.655551829636675,High_Plateau,0.7093535519750594,0.8984358151817767,36,-0.001383282
Achillea,Argyrolobium,10,5.5,5.047577787153887,6.173788893576944,4.264273336146166,7.119031114861555,4.723788893576944,High_Plateau,0.5548917508874344,0.6227310503125949,40,-0.003093907
Achillea,Arisaema,10,5.5,3.856361689869804,5.578180844934902,3.9069085069609413,6.642544675947922,4.128180844934902,High_Plateau,0.5056457389524868,0.5568130286106602,44,-0.001580356
Achillea,Arisarum,10,5.5,3.951012828711957,5.6255064143559785,3.9353038486135867,6.6804051314847825,4.175506414355978,High_Plateau,0.6483279523597161,0.8177181364366991,41,-0.002571433
Achillea,Aristida,10,5.5,2.990367433137697,5.145183716568848,3.647110229941309,6.2961469732550785,3.695183716568849,High_Plateau,0.448959163,0.493059102,50,-0.003101142
Achillea,Aristolochia,10,5.5,4.375560449652459,5.837780224826229,4.062668134895738,6.850224179860984,4.387780225,High_Plateau,0.6700365429910715,0.8197566168490812,36,-0.00115738
Achillea,Armeria,10,5.5,4.567377032975526,5.933688516487763,4.120213109892658,6.926950813,4.483688516487764,High_Plateau,0.6843617739154867,0.8402242250004248,35,-0.001339002
Achillea,Arrhenatherum,10,5.5,3.8288118530253117,5.564405926512656,3.8986435559075936,6.631524741210125,4.1144059265126565,High_Plateau,0.5107349313618817,0.706666138,61,-0.001323841
Achillea,Artemisia,10,5.5,4.281906550150534,5.7909532750752675,4.034571965,6.812762620060214,4.340953275075267,High_Plateau,0.8347517811754825,0.9419918004286684,9,-0.074769958
Achillea,Arum,10,5.5,3.9075018467561438,5.603750923378072,3.922250554026843,6.663000738702458,4.153750923378072,High_Plateau,0.6418804210017591,0.8374679133797828,45,-0.001412069
Achillea,Arundo,10,5.5,3.7169369395818346,5.508468469790917,3.8650810818745502,6.586774775832734,4.058468469790918,High_Plateau,0.376633648,0.3398304909008861,49,-0.001309122
Achillea,Asparagus,10,5.5,3.6336380984424155,5.466819049221208,3.8400914295327246,6.553455239376966,4.016819049221208,High_Plateau,0.6639927516931785,0.9147875446618344,49,-0.002503357
Achillea,Asperula,10,5.5,3.8258447798118085,5.562922389905904,3.8977534339435422,6.630337911924723,4.112922389905904,High_Plateau,0.6865217194086739,0.8528751014473083,36,-0.001898039
Achillea,Asphodeline,10,5.5,3.840387033812466,5.570193516906233,3.90211611,6.636154813524986,4.120193516906233,High_Plateau,0.6465287406162994,0.8552563415991624,46,-0.002775124
Achillea,Asphodelus,10,5.5,3.6521142986341357,5.476057149317068,3.8456342895902407,6.5608457194536545,4.026057149317068,High_Plateau,0.5083674320698575,0.5789337245062786,46,-0.002775124
Achillea,Asplenium,10,5.5,3.875329833394729,5.587664916697364,3.9125989500184186,6.650131933357892,4.137664916697364,High_Plateau,0.6200750030814517,0.8431194463682882,51,-0.001148571
Achillea,Asteriscus,10,5.5,2.763330396653256,5.031665198326628,3.5789991189959767,6.205332158661302,3.581665198326628,High_Plateau,0.7924426231959327,0.9331321464116512,20,-0.001508473
Achillea,Astragalus,10,5.5,3.613584859,5.456792429423145,3.8340754576538867,6.545433943538516,4.006792429423145,High_Plateau,0.6354991692624917,0.874008597,51,-0.001352665
Achillea,Asyneuma,10,5.5,3.998129161802032,5.649064580901015,3.9494387485406097,6.699251664720813,4.199064580901016,High_Plateau,0.5681917573474127,0.5668296910221752,30,-0.00154595
Achillea,Athamanta,10,5.5,3.6630737968123555,5.481536898406178,3.8489221390437063,6.5652295187249425,4.031536898406178,High_Plateau,0.7367905056008721,0.87106451,26,-0.001116126
Achillea,Atractylis,10,5.5,3.319723397452742,5.309861698726371,3.7459170192358227,6.427889358981097,3.8598616987263714,High_Plateau,0.8130672271812083,0.941674419,16,-0.002357358
Achillea,Atriplex,10,5.5,3.1740797838121195,5.2370398919060595,3.702223935143636,6.369631913524848,3.787039892,High_Plateau,0.4785929240914681,0.486261641,42,-0.001543348
Achillea,Atropa,10,5.5,3.8222080006843497,5.561104000342175,3.896662400205305,6.6288832,4.111104000342175,High_Plateau,0.700261455,0.8884338907289964,37,-0.001198739
Achillea,Avena,10,5.5,2.1337156548878693,4.716857827443935,3.3901146964663607,5.953486261955148,3.2668578274439346,High_Plateau,0.3527750592708372,0.390746394,61,-0.001323841
Achillea,Avenula,10,5.5,3.7928782268275527,5.5464391134137765,3.8878634680482658,6.617151290731021,4.096439113413776,High_Plateau,0.5706738469605714,0.6952654472305434,45,-0.002465479
Achillea,Baldellia,10,5.5,3.654250360129126,5.477125180064563,3.8462751080387374,6.561700144051651,4.027125180064563,High_Plateau,0.689703488,0.9166652863540884,43,-0.001360041
Achillea,Ballota,10,5.5,4.2063545791815065,5.753177289590753,4.011906373754452,6.782541831672603,4.303177289590753,High_Plateau,0.6428375092807961,0.8475676629501671,46,-0.001244044
Achillea,Barbarea,10,5.5,2.6377186699025006,4.968859335,3.541315601,6.155087467961001,3.5188593349512507,High_Plateau,0.5921787632745164,0.7463888346563786,46,-0.001937362
Achillea,Bassia,10,5.5,2.5971560717603466,4.948578035880173,3.529146821528104,6.1388624287041385,3.4985780358801737,High_Plateau,0.471255863,0.4224326117858919,36,-0.002344157
Achillea,Bellevalia,10,5.5,4.047723199924421,5.6738616,3.9643169599773262,6.719089279969769,4.223861599962211,High_Plateau,0.2927774229667754,0.1392820528773717,45,-0.001512747
Achillea,Bellis,10,5.5,3.3917596548580735,5.3458798274290364,3.767527896457422,6.456703862,3.895879827429037,High_Plateau,0.8235220468268254,0.9870225750699124,19,-0.00126227
Achillea,Berberis,10,5.5,6.177663928444975,6.738831964222488,4.603299178533493,7.571065571,5.288831964222488,High_Plateau,0.6858250868535075,0.8679240083990237,38,-0.001917119
Achillea,Beta,10,5.5,2.821314978175074,5.060657489087537,3.596394493452522,6.228525991,3.6106574890875374,High_Plateau,0.5296565961919335,0.5391369492085768,36,-0.00185851
Achillea,Biarum,10,5.5,3.824599426017636,5.562299713008818,3.897379827805291,6.629839770407054,4.112299713008818,High_Plateau,0.5243695886535258,0.5613197912423208,40,-0.001259234
Achillea,Bidens,10,5.5,2.5450342092193083,4.922517104609654,3.5135102627657924,6.118013683687724,3.472517104609654,High_Plateau,0.8484912870694808,0.980264913,12,-0.00545279
Achillea,Bifora,10,5.5,2.0181500349114123,4.659075017455706,3.3554450104734235,5.9072600139645655,3.2090750174557066,High_Plateau,0.6146415448895186,0.7007848522269362,35,-0.001344429
Achillea,Biscutella,10,5.5,4.072718580051793,5.686359290025896,3.9718155740155376,6.729087432020718,4.236359290025897,High_Plateau,0.61492136,0.7999718425705372,47,-0.001330549
Achillea,Boerhavia,10,5.5,2.7248141161973307,5.012407058098665,3.5674442348591993,6.189925646478932,3.5624070580986658,High_Plateau,0.6953263463622064,0.8868765417644098,38,-0.00166719
Achillea,Bombycilaena,10,5.5,1.846990744231899,4.573495372,3.3040972232695696,5.838796298,3.1234953721159497,High_Plateau,0.798936149,0.9102436731205542,16,0.013485589
Achillea,Borago,10,5.5,2.705763815339488,5.002881907669744,3.5617291446018466,6.182305526135796,3.552881907669744,High_Plateau,0.7119025843410426,0.89530718,35,-0.001345672
Achillea,Bothriochloa,10,5.5,4.015954040211051,5.657977020105525,3.9547862120633153,6.706381616084421,4.207977020105526,High_Plateau,0.2743178933095052,0.2009597690422384,57,-0.00134594
Achillea,Botrychium,10,5.5,3.7531722523462365,5.526586126173118,3.8759516757038712,6.601268900938495,4.076586126173119,High_Plateau,0.5330583378326994,0.5869706151505271,41,-0.001529971
Achillea,Brachypodium,10,5.5,3.280103194876686,5.290051597438342,3.7340309584630056,6.412041277950674,3.840051597438343,High_Plateau,0.4640661199692826,0.5314009032463238,51,-0.002644686
Achillea,Brassica,10,5.5,2.5867610737427356,4.943380536871368,3.5260283221228206,6.134704429497094,3.493380536871368,High_Plateau,0.6165604742642541,0.8361687917284083,51,-0.001540586
Achillea,Briza,10,5.5,2.4484323800128225,4.874216190006411,3.4845297140038465,6.079372952005129,3.4242161900064114,High_Plateau,0.4217773726016038,0.4384968308730435,50,-0.002107689
Achillea,Bromus,10,5.5,2.7315991808680415,5.015799590434021,3.5694797542604126,6.192639672347217,3.565799590434021,High_Plateau,0.4255307773210383,0.4295623407145352,48,-0.002092971
Achillea,Bryonia,10,5.5,3.8347770970076187,5.567388548503809,3.900433129102286,6.633910838803048,4.1173885485038095,High_Plateau,0.5204475607930412,0.5537327410089342,40,-0.002544261
Achillea,Buddleja,10,5.5,6.167236779524779,6.733618389762389,4.600171033857434,7.566894711809912,5.28361839,High_Plateau,0.669038487,0.8671151361649769,42,-0.00135519
Achillea,Bufonia,10,5.5,3.216188712965451,5.258094356482726,3.7148566138896353,6.386475485,3.8080943564827257,High_Plateau,0.55255106,0.5604371790154635,33,-0.002702693
Achillea,Buglossoides,10,5.5,2.599325839042116,4.949662919521058,3.5297977517126347,6.1397303356168464,3.4996629195210582,High_Plateau,0.7075383182919559,0.8948328957392411,36,-0.001521022
Achillea,Bunium,10,5.5,3.6630737968123555,5.481536898406178,3.8489221390437063,6.5652295187249425,4.031536898406178,High_Plateau,0.7367905056008721,0.87106451,26,-0.001116126
Achillea,Bupleurum,10,5.5,3.140192057,5.220096028,3.692057617,6.356076823,3.770096028,High_Plateau,0.6711136225680203,0.756397173,28,-0.002356489
Achillea,Buxus,10,5.5,6.177726215199735,6.738863107599867,4.603317865,7.571090486079894,5.288863107599868,High_Plateau,0.6678449735624352,0.7991387250871779,34,-0.002175397
Achillea,Cachrys,10,5.5,3.8230202376223974,5.561510118811198,3.896906071286719,6.629208095048959,4.111510118811199,High_Plateau,0.7292464237460827,0.8560473115885145,26,-0.001470951
Achillea,Cakile,10,5.5,1.962469649681821,4.631234825,3.3387408949045465,5.884987859872728,3.1812348248409106,High_Plateau,0.5307483945716729,0.7057975483355569,56,-0.002325714
Achillea,Calamagrostis,10,5.5,3.712739516259567,5.506369758129783,3.863821855,6.585095806503827,4.056369758129784,High_Plateau,0.3132661895885767,0.3283760672220699,63,-0.002369125
Achillea,Calendula,10,5.5,2.254039891690896,4.777019945845447,3.426211967507269,6.001615956676359,3.327019945845448,High_Plateau,0.8235085096770375,0.9624840492490062,16,-0.001992684
Achillea,Calicotome,10,5.5,6.277565188903947,6.788782594451973,4.633269556671184,7.611026075561579,5.338782594451974,High_Plateau,0.6389890195826763,0.8563043381952743,48,-0.001220536
Achillea,Callistemon,10,5.5,6.170169735761172,6.735084867880586,4.601050920728351,7.568067894304469,5.285084867880586,High_Plateau,0.5362416317294942,0.5936416129179407,41,-0.003052021
Achillea,Callitriche,10,5.5,2.377747050740429,4.838873525370214,3.463324115222129,6.051098820296172,3.3888735253702147,High_Plateau,0.4387765562037103,0.3736756071334732,38,-0.001160419
Achillea,Calystegia,10,5.5,3.9167389739909892,5.608369486995494,3.925021692197297,6.6666955895963955,4.158369486995495,High_Plateau,0.7018121926477658,0.8670252628014667,34,-0.001935894
Achillea,Camelina,10,5.5,1.959534210188886,4.629767105094443,3.337860263056666,5.883813684075554,3.1797671050944434,High_Plateau,0.5681281696485603,0.7065703804405875,47,-0.002255137
Achillea,Campanula,10,5.5,3.1985128563775724,5.249256428188787,3.7095538569132716,6.379405142551029,3.7992564281887864,High_Plateau,0.7404265894622966,0.8456411954499036,22,-0.002022274
Achillea,Capsella,10,5.5,2.674837345372972,4.987418672686486,3.5524512036118914,6.169934938149189,3.5374186726864862,High_Plateau,0.5620872320984767,0.7189231108170495,50,-0.001140493
Achillea,Cardamine,10,5.5,3.1571217654647272,5.2285608827323635,3.697136529639418,6.362848706185892,3.778560882732364,High_Plateau,0.6247842065904049,0.8197371361473587,47,-0.001528546
Achillea,Cardiospermum,10,5.5,3.306939790956405,5.3034698954782025,3.7420819372869216,6.422775916382562,3.8534698954782027,High_Plateau,0.5719838749537627,0.6812121533979351,43,-0.001290511
Achillea,Carduncellus,10,5.5,3.694494735699372,5.497247367849686,3.8583484207098113,6.577797894279749,4.047247367849686,High_Plateau,0.832393788,0.9883631035436324,17,-0.001439281
Achillea,Carduus,10,5.5,2.502703385553841,4.901351693,3.5008110156661525,6.101081354221536,3.451351692776921,High_Plateau,0.8016945074947613,0.9844620666983332,24,-0.00125567
Achillea,Carex,10,5.5,3.862882068220912,5.581441034110456,3.9088646204662734,6.645152827288365,4.131441034110456,High_Plateau,0.4478405002857836,0.4577261369299973,46,-0.002006504
Achillea,Carlina,10,5.5,3.0576491007827147,5.178824550391357,3.6672947302348144,6.323059640313086,3.7288245503913577,High_Plateau,0.8353639084794606,0.9864503017982316,16,-0.003269958
Achillea,Carpobrotus,10,5.5,4.724528123,6.012264061368709,4.1673584368212255,6.989811249094968,4.562264061,High_Plateau,0.6061218386703109,0.6919599174944395,36,-0.001320927
Achillea,Carthamus,10,5.5,1.9830937418521297,4.6415468709260645,3.344928122555639,5.893237496740852,3.1915468709260653,High_Plateau,0.8000372395848314,0.9646710890739354,22,-0.001065241
Achillea,Castanea,10,5.5,6.167151318577822,6.7335756592889116,4.600145395573347,7.566860527431129,5.283575659288911,High_Plateau,0.5271093914915944,0.5914626704677611,43,-0.001287931
Achillea,Casuarina,10,5.5,6.128052396493361,6.714026198,4.588415718948008,7.551220958597344,5.264026198246681,High_Plateau,0.3478671208906988,0.2332089316196574,43,-0.002441942
Achillea,Catananche,10,5.5,2.7012833582470304,5.000641679123515,3.560385007474109,6.180513343298812,3.5506416791235154,High_Plateau,0.7974431009469569,0.9843309864576328,25,-0.002018443
Achillea,Catapodium,10,5.5,1.9946700007525326,4.647335000376266,3.348401,5.897868000301013,3.1973350003762664,High_Plateau,0.4098481823184321,0.4884545358754151,59,-0.001325103
Achillea,Cedrus,10,5.5,6.34339522,6.8216976098893145,4.653018565933589,7.637358087911452,5.371697609889315,High_Plateau,0.4487820825245472,0.4184166529121909,41,-0.001522713
Achillea,Celtis,10,5.5,6.145035651,6.722517826,4.593510695342258,7.5580142604563445,5.272517826,High_Plateau,0.317336906,0.1719169820583119,43,-0.001284348
Achillea,Cenchrus,10,5.5,2.551883066,4.925941533,3.5155649198996777,6.120753226532904,3.475941533,High_Plateau,0.2683918324206941,0.1563180195384907,53,-0.001781363
Achillea,Centaurea,10,5.5,3.1105867109057233,5.205293355452861,3.683176013271717,6.344234684,3.755293355452862,High_Plateau,0.8100740949195087,0.9849713807785404,22,-0.002198146
Achillea,Centaurium,10,5.5,2.016577038222861,4.658288519,3.354973111466858,5.9066308152891445,3.2082885191114308,High_Plateau,0.6317910791551098,0.7432791320739932,36,-0.001224595
Achillea,Cephalanthera,10,5.5,3.9806995163874657,5.640349758193732,3.944209855,6.692279806554986,4.190349758193733,High_Plateau,0.6233193269142673,0.808565076,46,-0.001412934
Achillea,Cephalaria,10,5.5,3.6236592484911228,5.461829624245562,3.8370977745473365,6.5494636993964495,4.0118296242455616,High_Plateau,0.7053268732552357,0.832876014,29,-0.001522298
Achillea,Cerastium,10,5.5,2.8523319437560954,5.076165971878048,3.6056995831268286,6.240932777502438,3.6261659718780477,High_Plateau,0.6900832449188621,0.9009813394842716,41,-0.001334522
Achillea,Ceratophyllum,10,5.5,3.8789096063342954,5.589454803167148,3.913672881900289,6.651563842533719,4.139454803167148,High_Plateau,0.4895473676156602,0.4507606483018744,35,-0.002165182
Achillea,Cerinthe,10,5.5,2.2165368492039326,4.758268424601966,3.4149610547611795,5.986614739681573,3.3082684246019665,High_Plateau,0.7060653995036776,0.8755586588756014,34,-0.002070806
Achillea,Cestrum,10,5.5,6.251192772825939,6.775596386412969,4.625357831847781,7.6004771091303756,5.325596386,High_Plateau,0.5680995919494579,0.5913829644378408,33,-0.0019463
Achillea,Chaenomeles,10,5.5,6.187796185,6.743898092555606,4.606338855533363,7.575118474044484,5.293898092555605,High_Plateau,0.6111521165790939,0.8007789679867444,48,-0.001962715
Achillea,Chaenorhinum,10,5.5,2.8541541051879853,5.077077052593992,3.6062462315563955,6.2416616420751945,3.627077052593993,High_Plateau,0.620219435,0.7613801373417133,41,-0.001966609
Achillea,Chaerophyllum,10,5.5,3.0174448481681146,5.158722424084058,3.6552334544504346,6.306977939267246,3.7087224240840575,High_Plateau,0.6700194610545565,0.8115713827033149,35,-0.001497919
Achillea,Chamaecyparis,10,5.5,6.246514752601071,6.773257376300535,4.623954425780321,7.598605901040429,5.3232573763005355,High_Plateau,0.4591225988396014,0.4473225139731845,42,-0.001550965
Achillea,Chamaecytisus,10,5.5,6.313988678,6.806994339233254,4.644196603539953,7.625595471386604,5.356994339233255,High_Plateau,0.4924717783425459,0.5632698557150135,48,-0.001220536
Achillea,Chamaemelum,10,5.5,2.821630326600637,5.060815163300319,3.596489097980191,6.2286521306402545,3.6108151633003187,High_Plateau,0.8356221595892562,0.9553529214573108,7,-0.215063559
Achillea,Cheilanthes,10,5.5,3.932006716372567,5.616003358186283,3.929602015,6.672802686549026,4.166003358186284,High_Plateau,0.463736416,0.5140720394729731,49,-0.00148919
Achillea,Cheirolophus,10,5.5,3.846605745450011,5.573302872725005,3.9039817236350034,6.638642298180004,4.123302872725006,High_Plateau,0.7977239821136431,0.9681489503909062,23,-0.000491232
Achillea,Chenopodium,10,5.5,2.141613446293239,4.7208067231466195,3.3924840338879716,5.956645378517296,3.2708067231466194,High_Plateau,0.5553052434789569,0.5659379997541057,33,-0.002664961
Achillea,Chloris,10,5.5,3.2352631868610677,5.267631593430534,3.7205789560583202,6.394105274744428,3.817631593430534,High_Plateau,0.2540944131511271,0.176920815,59,-0.001194189
Achillea,Chondrilla,10,5.5,3.202724031948952,5.251362015974475,3.7108172095846856,6.381089612779581,3.801362015974476,High_Plateau,0.7322143082864154,0.8456182810822689,24,-0.001838734
Achillea,Christella,10,5.5,4.047203863652202,5.673601932,3.9641611590956605,6.7188815454608815,4.223601931826101,High_Plateau,0.2804721968688354,0.1639289251097969,51,-0.001224027
Achillea,Chrozophora,10,5.5,1.8907737632153798,4.5953868816076895,3.317232128964614,5.856309505286152,3.145386882,High_Plateau,0.3321781252287311,0.234614167,47,-0.001974515
Achillea,Chrysanthemum,10,5.5,2.647267737084051,4.973633868542025,3.544180321125215,6.158907095,3.5236338685420256,High_Plateau,0.6247420171743507,0.5107666372631084,7,-0.100933563
Achillea,Cicer,10,5.5,3.3392864610348227,5.3196432305174115,3.751785938310447,6.435714584,3.8696432305174113,High_Plateau,0.5086498389007552,0.6124403641513121,50,-0.003100692
Achillea,Cichorium,10,5.5,3.124993486869655,5.212496743434827,3.6874980460608966,6.349997394747862,3.762496743434828,High_Plateau,0.8148213989749264,0.9861586460397572,21,-0.001757323
Achillea,Cinnamomum,10,5.5,6.2079851422968835,6.753992571148442,4.612395542689065,7.583194056918753,5.3039925711484415,High_Plateau,0.69165912,0.8712335360255782,37,-0.001220315
Achillea,Circaea,10,5.5,3.832912842,5.566456421239445,3.899873852743667,6.633165136991556,4.116456421239445,High_Plateau,0.6634789575304934,0.8478576953109968,41,-0.001759175
Achillea,Cirsium,10,5.5,2.9422032695347347,5.121101634767367,3.6326609808604204,6.276881307813894,3.6711016347673677,High_Plateau,0.7963577989506903,0.9737886496101912,24,-0.00125567
Achillea,Cistanche,10,5.5,3.9742360118549467,5.637118005927473,3.942270803556484,6.689694404741979,4.1871180059274735,High_Plateau,0.3340303170110451,0.1642496281623795,38,-0.001492916
Achillea,Cistus,10,5.5,6.348437619036352,6.824218809518175,4.654531285710905,7.639375047614541,5.374218809518176,High_Plateau,0.4552904106205864,0.4561200821685732,44,-0.001668907
Achillea,Citrullus,10,5.5,2.4904695231005602,4.895234762,3.497140856930168,6.096187809240224,3.4452347615502803,High_Plateau,0.336249694,0.209823718,43,-0.001690141
Achillea,Citrus,10,5.5,6.315229776500895,6.8076148882504475,4.644568932950269,7.626091910600358,5.357614888250447,High_Plateau,0.4283999751444326,0.4022465084709241,44,-0.001205394
Achillea,Cladanthus,10,5.5,2.0679262794718487,4.6839631397359245,3.3703778838415546,5.927170512,3.2339631397359243,High_Plateau,0.8091392703191417,0.9417954599833164,17,-0.001146241
Achillea,Clematis,10,5.5,5.8527037477831225,6.576351873891561,4.505811124334937,7.441081499113249,5.126351873891561,High_Plateau,0.5229987627163274,0.5997203865388833,45,-0.001491018
Achillea,Cleome,10,5.5,1.8925887255071538,4.596294362753577,3.317776617652146,5.857035490202861,3.146294362753577,High_Plateau,0.4390465056558958,0.3989683460469995,41,-0.001636948
Achillea,Clinopodium,10,5.5,3.3861143779598217,5.343057188979911,3.7658343133879466,6.454445751183929,3.893057188979911,High_Plateau,0.6333006806669146,0.8286368502522161,46,-0.001958267
Achillea,Clypeola,10,5.5,1.959534210188886,4.629767105094443,3.337860263056666,5.883813684075554,3.1797671050944434,High_Plateau,0.5599404176537611,0.7065703804405875,49,-0.001940876
Achillea,Colchicum,10,5.5,3.856829433388431,5.5784147166942155,3.9070488300165294,6.642731773355372,4.128414716694216,High_Plateau,0.647688432,0.8491218415689645,45,-0.001601604
Achillea,Coleostephus,10,5.5,1.846990744231899,4.573495372,3.3040972232695696,5.838796298,3.1234953721159497,High_Plateau,0.7931770860889884,0.9102436731205542,17,-0.003009149
Achillea,Colutea,10,5.5,6.271127812401661,6.785563906200831,4.631338343720499,7.608451124960665,5.335563906,High_Plateau,0.6254305161634216,0.8538712912778027,51,-0.001352665
Achillea,Conopodium,10,5.5,2.7903589734721663,5.0451794867360835,3.587107692,6.216143589388866,3.5951794867360833,High_Plateau,0.7232144084013152,0.8440754973558817,26,-0.001932033
Achillea,Conringia,10,5.5,1.9563818760644767,4.628190938032239,3.336914562819343,5.882552750425791,3.1781909380322384,High_Plateau,0.5451389552410542,0.7016776792122371,52,-0.002204323
Achillea,Convolvulus,10,5.5,3.6456053279093665,5.472802663954683,3.843681598,6.558242131163746,4.022802663954684,High_Plateau,0.7253718877336053,0.9141459340557434,34,-0.0019423
Achillea,Coris,10,5.5,2.7108723626194857,5.005436181309743,3.563261708785846,6.184348945047795,3.555436181309743,High_Plateau,0.7202417240831729,0.8957709005466863,33,-0.002464659
Achillea,Coronilla,10,5.5,3.8481450202748775,5.574072510137439,3.904443506082463,6.639258008109952,4.124072510137439,High_Plateau,0.6316627116928513,0.8582740460049194,50,-0.002140373
Achillea,Corrigiola,10,5.5,2.827976615590484,5.063988307795242,3.598392984677145,6.231190646236193,3.613988307795242,High_Plateau,0.6762592653051827,0.8158447658346953,34,-0.001562683
Achillea,Corydalis,10,5.5,2.9628756991568155,5.131437849578408,3.6388627097470447,6.2851502796627265,3.681437849578408,High_Plateau,0.6570146766939289,0.8101640199329645,38,-0.001221278
Achillea,Corynephorus,10,5.5,2.4686566817653404,4.884328341,3.490597004529602,6.0874626727061365,3.4343283408826704,High_Plateau,0.3776365187088604,0.4487423827760204,62,-0.001593302
Achillea,Cotoneaster,10,5.5,6.401173381734407,6.850586690867203,4.670352014520322,7.660469352693763,5.400586690867204,High_Plateau,0.3832494965135019,0.3531099058976796,49,-0.001547715
Achillea,Cotula,10,5.5,2.7061344890763586,5.003067245,3.5618403467229074,6.182453795630543,3.5530672445381795,High_Plateau,0.8219273638678616,0.967782333,17,-0.003199672
Achillea,Crambe,10,5.5,3.614673205730206,5.457336602865103,3.8344019617190614,6.545869282292083,4.007336602865103,High_Plateau,0.6166874500252482,0.83634163,51,-0.001135021
Achillea,Crassula,10,5.5,2.7070495459205595,5.003524772960279,3.5621148637761677,6.182819818368224,3.553524773,High_Plateau,0.5648476794646942,0.617868566,37,-0.00250987
Achillea,Crataegus,10,5.5,6.187061532225215,6.743530766112608,4.606118459667565,7.574824612890087,5.293530766112608,High_Plateau,0.6237069985134965,0.801265351,45,-0.002133484
Achillea,Crepis,10,5.5,2.9713850950026295,5.135692547501314,3.6414155285007888,6.288554038001052,3.685692547501315,High_Plateau,0.8126362503323968,0.9406376726486868,16,-0.001483394
Achillea,Crocus,10,5.5,3.8638401035700802,5.5819200517850405,3.9091520310710237,6.6455360414280324,4.131920052,High_Plateau,0.6260747119537983,0.8470657811472283,50,-0.001979046
Achillea,Crotalaria,10,5.5,3.3692702563968457,5.334635128198423,3.760781076919054,6.447708102558739,3.884635128198423,High_Plateau,0.6612361218778721,0.8680239475891763,44,-0.001731122
Achillea,Crucianella,10,5.5,2.518743850914858,4.909371925457429,3.5056231552744572,6.1074975403659435,3.459371925457429,High_Plateau,0.6170161757821575,0.7138037980937159,36,-0.001596959
Achillea,Crupina,10,5.5,1.846990744231899,4.573495372,3.3040972232695696,5.838796298,3.1234953721159497,High_Plateau,0.7767138876898767,0.9102436731205542,21,-0.003257571
Achillea,Cucumis,10,5.5,1.8995699292361496,4.599784964618075,3.3198709787708447,5.859827972,3.149784964618075,High_Plateau,0.3400494945854171,0.2174233186879474,43,-0.001690141
Achillea,Cucurbita,10,5.5,2.5148936078908894,4.907446803945445,3.504468082367267,6.105957443156356,3.457446803945445,High_Plateau,0.3198837275413512,0.1688979246669877,42,-0.001816731
Achillea,Cullen,10,5.5,3.9873689061914197,5.643684453,3.946210671857426,6.6949475624765675,4.193684453,High_Plateau,0.6444835474856996,0.8920946211418663,51,-0.001939001
Achillea,Cuphea,10,5.5,3.317770083402047,5.308885041701023,3.745331025020614,6.427108033360819,3.858885041701024,High_Plateau,0.5513650258547336,0.6154715014950374,40,-0.002063413
Achillea,Cupressus,10,5.5,6.328336798232341,6.814168399,4.648501039469702,7.631334719292937,5.364168399116171,High_Plateau,0.3093316441922049,0.155925669,43,-0.001380395
Achillea,Cuscuta,10,5.5,2.4688275519535794,4.884413776,3.4906482655860738,6.087531020781432,3.4344137759767897,High_Plateau,0.7134768935797946,0.8820797274003573,33,-0.001657098
Achillea,Cutandia,10,5.5,2.065802526150606,4.682901263075303,3.369740757845182,5.926321010460242,3.232901263075303,High_Plateau,0.3783052133485672,0.4253685979356854,59,-0.001325103
Achillea,Cyclamen,10,5.5,3.8561204134744895,5.578060206737245,3.906836124042347,6.642448165389796,4.128060206737245,High_Plateau,0.6888332666308689,0.8493026087278979,35,-0.002015994
Achillea,Cymbalaria,10,5.5,3.7691042550850478,5.534552127542524,3.8807312765255144,6.6076417020340195,4.0845521275425245,High_Plateau,0.6649981059194845,0.8426291684999199,40,-0.001520948
Achillea,Cymbopogon,10,5.5,3.770642705522444,5.535321352761222,3.8811928116567334,6.6082570822089775,4.085321352761222,High_Plateau,0.3609407518001882,0.3497090336290095,54,-0.002151349
Achillea,Cynanchum,10,5.5,6.2069675917365785,6.753483796,4.612090277520974,7.582787036694631,5.303483795868289,High_Plateau,0.6791985619009224,0.8711144567632213,40,-0.001942829
Achillea,Cynara,10,5.5,3.660503073077471,5.480251536538735,3.8481509219232413,6.564201229230989,4.030251536538736,High_Plateau,0.7955298007769184,0.9477302724110924,21,-0.002531436
Achillea,Cynodon,10,5.5,3.8778772900140086,5.588938645007004,3.9133631870042027,6.651150916005603,4.138938645007005,High_Plateau,0.4407835807394602,0.5502991500620422,59,-0.001194189
Achillea,Cynoglossum,10,5.5,2.5232053312871643,4.911602665643582,3.506961599386149,6.109282132514866,3.461602665643582,High_Plateau,0.7243288778168743,0.879443257,30,-0.003242576
Achillea,Cynosurus,10,5.5,2.5316037204314683,4.915801860215734,3.5094811161294404,6.112641488172588,3.465801860215734,High_Plateau,0.4813168195779806,0.6150787522158508,57,-0.001951593
Achillea,Cyperus,10,5.5,3.185990918963522,5.242995459481761,3.7057972756890565,6.374396367585409,3.7929954594817614,High_Plateau,0.3807683869832078,0.3810970753356152,53,-0.001911096
Achillea,Cypripedium,10,5.5,4.109474106802025,5.704737053401012,3.9828422320406074,6.7437896427208095,4.254737053401012,High_Plateau,0.6066227313102447,0.7507555554672131,43,-0.002618957
Achillea,Cytinus,10,5.5,3.998129161802032,5.649064580901015,3.9494387485406097,6.699251664720813,4.199064580901016,High_Plateau,0.5228467772954053,0.5668296910221752,41,-0.002940956
Achillea,Cytisus,10,5.5,6.295104594211539,6.797552297105769,4.638531378263462,7.618041837684616,5.347552297,High_Plateau,0.6505970622137265,0.8549244559512442,45,-0.00152837
Achillea,Dactylis,10,5.5,3.8930414923488588,5.596520746174429,3.9179124477046576,6.657216596939543,4.146520746,High_Plateau,0.483774555,0.6118839089088595,56,-0.002495916
Achillea,Dactylorhiza,10,5.5,3.8660167454476806,5.583008372723841,3.909805023634304,6.646406698179073,4.1330083727238405,High_Plateau,0.6258109840290715,0.8546516648376578,51,-0.001449854
Achillea,Daphne,10,5.5,6.415447878399898,6.857723939199949,4.674634363519969,7.666179151359959,5.407723939199949,High_Plateau,0.6110699835890467,0.7429454339196301,41,-0.001287608
Achillea,Dasypyrum,10,5.5,3.0086782996329693,5.154339149816485,3.6526034898898905,6.3034713198531875,3.7043391498164846,High_Plateau,0.2668321410311175,0.1861703639347667,57,-0.002256437
Achillea,Datura,10,5.5,2.2169770107854707,4.7584885053927355,3.415093103235641,5.986790804314189,3.3084885053927353,High_Plateau,0.6893876481470393,0.8669000465849607,37,-0.002267587
Achillea,Daucus,10,5.5,2.0379483075480938,4.668974153774046,3.361384492264428,5.915179323019238,3.218974153774047,High_Plateau,0.6574043226029367,0.8110198017354322,38,-0.001603728
Achillea,Delphinium,10,5.5,3.486148334329022,5.393074167164511,3.7958445002987062,6.4944593337316086,3.943074167164511,High_Plateau,0.6648545182927537,0.8587271511019723,42,-0.001254956
Achillea,Dianthus,10,5.5,3.641062695933122,5.470531347966561,3.8423188087799365,6.556425078373249,4.020531347966561,High_Plateau,0.6916734220067072,0.9123774619035114,42,-0.001317473
Achillea,Dichanthium,10,5.5,3.770642705522444,5.535321352761222,3.8811928116567334,6.6082570822089775,4.085321352761222,High_Plateau,0.3486925256028907,0.3497090336290095,57,-0.00134594
Achillea,Digitalis,10,5.5,3.3473486777786245,5.323674338889312,3.754204603333587,6.438939471,3.8736743388893125,High_Plateau,0.6627905249219622,0.8383018296919735,40,-0.001960064
Achillea,Digitaria,10,5.5,2.442691452917165,4.871345726458582,3.4828074358751495,6.077076581166866,3.4213457264585827,High_Plateau,0.3985719911698439,0.4331430860432789,55,-0.001913327
Achillea,Dioscorea,10,5.5,3.7810855694702687,5.540542784735134,3.8843256708410805,6.612434227788108,4.090542784735135,High_Plateau,0.6711249783844451,0.8465931782466737,39,-0.001168162
Achillea,Diospyros,10,5.5,6.1991280707679985,6.749564035383999,4.609738421,7.579651228307199,5.299564035,High_Plateau,0.6365938068271629,0.7119328571971386,31,-0.001945396
Achillea,Dipcadi,10,5.5,3.7707951874880905,5.535397593744046,3.8812385562464273,6.608318074995236,4.085397593744045,High_Plateau,0.563917369,0.7146998968427127,49,-0.002818942
Achillea,Diplotaxis,10,5.5,2.6322346055982226,4.966117302799111,3.539670381679467,6.152893842239289,3.5161173027991115,High_Plateau,0.5810478753924753,0.7487124233980333,49,-0.001576514
Achillea,Dipsacus,10,5.5,1.9644769383643221,4.632238469182161,3.3393430815092966,5.885790775345729,3.1822384691821615,High_Plateau,0.6686570379711094,0.7595363437668364,29,-0.001522298
Achillea,Dittrichia,10,5.5,3.5266196291564196,5.413309814578209,3.807985888746926,6.5106478516625685,3.963309815,High_Plateau,0.8056956025617267,0.9595877320756168,20,-0.001256607
Achillea,Dodonaea,10,5.5,6.116640236640258,6.708320118320129,4.584992070992078,7.546656094656104,5.258320118320129,High_Plateau,0.5262015916533809,0.5815742104214049,42,-0.002019519
Achillea,Doronicum,10,5.5,3.791224722607048,5.545612361303524,3.8873674167821144,6.616489889042819,4.095612361303524,High_Plateau,0.8284027374661714,0.9805447727416572,17,-0.002258133
Achillea,Draba,10,5.5,3.3402973816485577,5.320148690824279,3.7520892144945672,6.436118952659424,3.870148690824279,High_Plateau,0.4269621181571199,0.4898447646349971,55,-0.00152045
Achillea,Dryopteris,10,5.5,3.9523815831253524,5.626190791562676,3.9357144749376056,6.680952633250142,4.176190791562677,High_Plateau,0.2880750664392145,0.1792249252457603,51,-0.001675332
Achillea,Dysphania,10,5.5,2.1245460152181908,4.712273007609095,3.387363804565457,5.949818406087276,3.2622730076090956,High_Plateau,0.4840034355949679,0.4642183878242829,38,-0.001605528
Achillea,Ebenus,10,5.5,5.028942156901293,6.164471078450646,4.258682647070388,7.111576862760517,4.7144710784506465,High_Plateau,0.6377259496567123,0.8784753618158605,51,-0.001418682
Achillea,Echinochloa,10,5.5,1.9745239789447202,4.637261989472361,3.3423571936834158,5.8898095915778885,3.1872619894723604,High_Plateau,0.3976847994497136,0.4395828859013923,56,-0.001888353
Achillea,Echinophora,10,5.5,3.8230202376223974,5.561510118811198,3.896906071286719,6.629208095048959,4.111510118811199,High_Plateau,0.7291628939770344,0.8560473115885145,26,-0.002306248
Achillea,Echinops,10,5.5,3.5942425945146517,5.4471212972573255,3.8282727783543953,6.537697037805861,3.9971212972573262,High_Plateau,0.8319840532917882,0.987436587,17,-0.000904044
Achillea,Echium,10,5.5,2.481889086432239,4.890944543216119,3.4945667259296718,6.092755634572896,3.4409445432161196,High_Plateau,0.6754969175904426,0.8142548828637929,34,-0.001236745
Achillea,Elaeagnus,10,5.5,6.168866297040669,6.734433148520335,4.600659889112201,7.567546518816268,5.284433148520335,High_Plateau,0.5312750827644107,0.5918745250297521,42,-0.002786181
Achillea,Elatine,10,5.5,2.2202047911950724,4.760102395597536,3.416061437358522,5.988081916478029,3.3101023955975366,High_Plateau,0.6693416034095728,0.8760609849239345,43,-0.001957384
Achillea,Eleocharis,10,5.5,3.546706378329324,5.423353189164661,3.8140119134987973,6.518682551,3.973353189164662,High_Plateau,0.4141680507965918,0.4396112616143995,52,-0.00158128
Achillea,Eleusine,10,5.5,2.8522634504906654,5.076131725245332,3.6056790351471997,6.240905380196266,3.626131725245333,High_Plateau,0.4100844491925808,0.480745242,58,-0.001511853
Achillea,Elymus,10,5.5,4.036325085818194,5.668162542909097,3.960897525745458,6.714530034327278,4.218162542909097,High_Plateau,0.4428253843997837,0.5135566881720572,54,-0.002543295
Achillea,Enarthrocarpus,10,5.5,1.959534210188886,4.629767105094443,3.337860263056666,5.883813684075554,3.1797671050944434,High_Plateau,0.5188911883548263,0.7065703804405875,59,-0.001474265
Achillea,Enneapogon,10,5.5,3.604829788082445,5.4524148940412225,3.8314489364247333,6.541931915232978,4.002414894041223,High_Plateau,0.4522550065260475,0.5241730611152089,53,-0.002424829
Achillea,Ephedra,10,5.5,6.347094674311599,6.823547337,4.6541284022934795,7.6388378697246395,5.373547337,High_Plateau,0.3205470066924381,0.1376105293199084,38,-0.003130525
Achillea,Epilobium,10,5.5,3.6152814102031092,5.4576407051015545,3.8345844230609325,6.546112564081244,4.007640705101554,High_Plateau,0.5458209365771777,0.6126883142462681,41,-0.002492479
Achillea,Epimedium,10,5.5,3.632970734978505,5.466485367489252,3.839891220493551,6.553188293991402,4.016485367489253,High_Plateau,0.6834238480815328,0.8712697219341051,39,-0.001562184
Achillea,Epipactis,10,5.5,3.954003682246305,5.627001841123152,3.9362011046738914,6.681601472898523,4.177001841123152,High_Plateau,0.6280331920677517,0.8179928065755709,46,-0.001412934
Achillea,Equisetum,10,5.5,4.052068078607597,5.676034039303799,3.965620423582279,6.720827231443039,4.226034039303799,High_Plateau,0.4601109295742317,0.4331637503923022,40,-0.003065621
Achillea,Eragrostis,10,5.5,2.8371328755751564,5.068566437787578,3.601139862672547,6.234853150230062,3.618566437787578,High_Plateau,0.2965987140292963,0.1717021719480914,48,-0.002112761
Achillea,Eremopyrum,10,5.5,2.0756178441632573,4.687808922081628,3.3726853532489773,5.930247137665303,3.237808922081629,High_Plateau,0.385103603,0.4225760381254256,57,-0.00157019
Achillea,Erica,10,5.5,6.201330054989213,6.750665027494606,4.610399016496764,7.580532021995685,5.300665027494606,High_Plateau,0.5526368683325277,0.6016070531834492,38,-0.002214528
Achillea,Erigeron,10,5.5,3.4930049684395974,5.396502484219798,3.797901490531879,6.497201987375839,3.946502484219799,High_Plateau,0.8151500587221332,0.9378313688896944,15,-0.003409682
Achillea,Erodium,10,5.5,2.795510795369057,5.047755397684528,3.588653238610717,6.218204318147623,3.5977553976845287,High_Plateau,0.6595360339438094,0.8069933536059749,37,-0.001250264
Achillea,Erucastrum,10,5.5,3.2164379595213397,5.25821898,3.714931387856402,6.386575183808536,3.80821898,High_Plateau,0.575662827,0.8201136577726331,59,-0.001474265
Achillea,Eryngium,10,5.5,3.2664439533393335,5.283221976669667,3.729933186,6.406577581335734,3.833221976669667,High_Plateau,0.5702596264244334,0.5626887688356245,29,-0.001258539
Achillea,Erysimum,10,5.5,2.7981720229370675,5.049086011468534,3.589451607,6.219268809174827,3.599086011468534,High_Plateau,0.5862068067605473,0.7672604650611984,50,-0.001631518
Achillea,Eschscholzia,10,5.5,2.0992692781562474,4.699634639078123,3.3797807834468743,5.939707711262499,3.249634639078124,High_Plateau,0.6387686511289039,0.7654891923802607,37,-0.001403286
Achillea,Eucalyptus,10,5.5,6.247545315708718,6.773772657854359,4.624263594712615,7.599018126283488,5.323772657854359,High_Plateau,0.5258365611993632,0.5892824627524521,43,-0.003115195
Achillea,Eugenia,10,5.5,6.219069231164003,6.759534615582002,4.615720769349201,7.587627692465601,5.309534615582002,High_Plateau,0.4838233607311883,0.5213747741045724,45,-0.001516976
Achillea,Euonymus,10,5.5,6.2829629456721845,6.791481472836092,4.634888883701655,7.613185178268874,5.341481472836092,High_Plateau,0.6432892763143965,0.7746340345615953,37,-0.001921245
Achillea,Eupatorium,10,5.5,3.8197581259234403,5.559879063,3.895927437777032,6.627903250369377,4.109879062961721,High_Plateau,0.8095462304969745,0.97550693,21,-0.001250427
Achillea,Euphorbia,10,5.5,3.215183804798706,5.257591902399353,3.714555141439612,6.386073521919482,3.807591902399353,High_Plateau,0.5303210653554027,0.6309000474269919,47,-0.001974515
Achillea,Fallopia,10,5.5,3.3942313066042185,5.347115653302109,3.7682693919812653,6.457692522641688,3.8971156533021096,High_Plateau,0.4628139569857559,0.4464207324077002,41,-0.001224366
Achillea,Ferula,10,5.5,3.856182563298339,5.5780912816491695,3.9068547689895015,6.642473025319336,4.128091281649169,High_Plateau,0.5152373363692437,0.5022325423608389,35,-0.002624965
Achillea,Ferulago,10,5.5,3.8230202376223974,5.561510118811198,3.896906071286719,6.629208095048959,4.111510118811199,High_Plateau,0.7292596103519268,0.8560473115885145,26,-0.001339085
Achillea,Festuca,10,5.5,3.995059197965912,5.647529598982956,3.9485177593897736,6.698023679186365,4.197529598982956,High_Plateau,0.4497406646974959,0.5273114129147803,54,-0.002164116
Achillea,Fibigia,10,5.5,3.8422321310689966,5.571116065534499,3.902669639320699,6.636892852427598,4.1211160655344985,High_Plateau,0.4485285785348155,0.500063175,51,-0.001331458
Achillea,Filago,10,5.5,1.9206923838927583,4.610346191946379,3.3262077151678273,5.868276953557103,3.1603461919463793,High_Plateau,0.8203612593612635,0.9557343894438578,16,0.000283112
Achillea,Fimbristylis,10,5.5,2.8762095507538983,5.088104775376949,3.6128628652261696,6.250483820301559,3.6381047753769495,High_Plateau,0.2560063742924956,0.1314463953107723,53,-0.001277823
Achillea,Foeniculum,10,5.5,2.9839590555683557,5.141979527784178,3.645187716670507,6.2935836222273425,3.691979527784178,High_Plateau,0.6493893612555023,0.7702679836371392,35,-0.001281922
Achillea,Fragaria,10,5.5,3.8136355292152455,5.556817764607622,3.894090658764574,6.625454211686098,4.106817764607623,High_Plateau,0.6310440428207715,0.8158143853627302,45,-0.001508211
Achillea,Frankenia,10,5.5,5.441274041712683,6.370637020856341,4.3823822125138046,7.276509616685074,4.920637020856342,High_Plateau,0.4773751190193837,0.4100064418852183,33,-0.002308416
Achillea,Fraxinus,10,5.5,6.123525615263879,6.711762807631939,4.587057684579164,7.549410246105552,5.261762807631939,High_Plateau,0.4934196829340946,0.4584899056098618,35,-0.002088315
Achillea,Fritillaria,10,5.5,4.419202992031304,5.859601496015651,4.075760897609391,6.867681196812521,4.409601496015652,High_Plateau,0.4897264335836226,0.5497075622620321,47,-0.001958407
Achillea,Fumana,10,5.5,6.353378450379792,6.826689225189896,4.656013535113938,7.641351380151917,5.376689225189896,High_Plateau,0.6289693188048309,0.7790430236256641,41,-0.002782204
Achillea,Fumaria,10,5.5,1.8903932649476354,4.595196632473818,3.3171179794842907,5.856157305979054,3.1451966324738176,High_Plateau,0.6267993479493862,0.7497333624438791,38,-0.001221278
Achillea,Gagea,10,5.5,3.979067220781505,5.639533610390752,3.9437201662344514,6.691626888312602,4.189533610390753,High_Plateau,0.6154852501186089,0.801175005,47,-0.001707458
Achillea,Galactites,10,5.5,1.846990744231899,4.573495372,3.3040972232695696,5.838796298,3.1234953721159497,High_Plateau,0.7933322654209601,0.9102436731205542,17,-0.001457355
Achillea,Galega,10,5.5,3.824235725480472,5.5621178627402355,3.8972707176441412,6.629694290192189,4.112117862740236,High_Plateau,0.6451554494508265,0.8935928713864547,51,-0.002711232
Achillea,Galinsoga,10,5.5,1.841027667,4.570513833740479,3.302308300244288,5.836411066992384,3.120513834,High_Plateau,0.8234617035397696,0.9788422792558866,18,-0.002060114
Achillea,Galium,10,5.5,3.4616610919998085,5.380830545999904,3.7884983275999424,6.484664436799924,3.9308305459999042,High_Plateau,0.692649869,0.8571222021943206,35,-0.002947934
Achillea,Gastridium,10,5.5,2.1275522727678062,4.713776136383903,3.388265681830342,5.951020909107123,3.2637761363839033,High_Plateau,0.3388500812175165,0.3957912158819959,65,-0.001414171
Achillea,Gaudinia,10,5.5,2.9567513948184048,5.1283756974092025,3.6370254184455213,6.282700557927362,3.6783756974092023,High_Plateau,0.3940858188172771,0.489792437,63,-0.001254681
Achillea,Gazania,10,5.5,4.254240519814671,5.777120259907335,4.026272155944401,6.801696207925868,4.3271202599073355,High_Plateau,0.6698521082164246,0.6551712463277803,16,-0.001992684
Achillea,Genista,10,5.5,6.294622638465776,6.797311319232888,4.638386791539732,7.617849055,5.3473113192328885,High_Plateau,0.6460896349297709,0.8540574637098315,46,-0.001171791
Achillea,Gentianopsis,10,5.5,2.378279410446321,4.839139705,3.4634838231338962,6.051311764178529,3.389139705223161,High_Plateau,0.6453126311297503,0.7623340977103035,35,-0.002379794
Achillea,Geranium,10,5.5,3.1495850231516997,5.224792512,3.694875507,6.359834009,3.774792512,High_Plateau,0.5947565191736337,0.6774343240656235,37,-0.001250264
Achillea,Geum,10,5.5,3.819101928559282,5.559550964279641,3.8957305785677847,6.627640771423713,4.1095509642796415,High_Plateau,0.6618396153941282,0.8609025642094233,43,-0.00118516
Achillea,Gladiolus,10,5.5,3.7926919526938683,5.5463459763469345,3.8878075858081607,6.6170767810775475,4.096345976346934,High_Plateau,0.6398635093751305,0.8419106792366349,46,-0.002699124
Achillea,Glaucium,10,5.5,2.4512665556244024,4.875633277812201,3.485379966687321,6.080506622249761,3.425633277812201,High_Plateau,0.6471971703389816,0.7824693218153956,37,-0.002018741
Achillea,Glinus,10,5.5,1.9033704812260561,4.601685240613028,3.3210111443678167,5.861348192490423,3.1516852406130282,High_Plateau,0.3722354897583185,0.2159494099076607,35,-0.001227768
Achillea,Globularia,10,5.5,4.7835613795220215,6.04178069,4.185068413856606,7.013424551808809,4.591780689761011,High_Plateau,0.6598139873589894,0.8159418179672557,38,-0.002117161
Achillea,Glyceria,10,5.5,3.929416469888052,5.614708234944025,3.9288249409664155,6.671766588,4.164708234944026,High_Plateau,0.4875404941868725,0.561681953,49,-0.001497973
Achillea,Glycine,10,5.5,3.863663618938378,5.581831809469189,3.9090990856815133,6.645465447575352,4.1318318094691895,High_Plateau,0.5030703346046281,0.6011702625022967,50,-0.002545227
Achillea,Gomphocarpus,10,5.5,6.2069675917365785,6.753483796,4.612090277520974,7.582787036694631,5.303483795868289,High_Plateau,0.6710359716141059,0.8711144567632213,42,-0.001376951
Achillea,Gypsophila,10,5.5,3.1594259634788053,5.229712981739403,3.6978277890436413,6.363770385391522,3.7797129817394026,High_Plateau,0.6998061252030726,0.9041448478638198,39,-0.002115042
Achillea,Halimione,10,5.5,4.837995714943634,6.0689978574718175,4.201398714483091,7.0351982859774544,4.618997857471817,High_Plateau,0.3661173205230803,0.1955809326119297,34,-0.001662965
Achillea,Halimium,10,5.5,6.236570213898578,6.768285106949289,4.620971064169574,7.594628085559432,5.318285107,High_Plateau,0.4744754759770156,0.502679541,45,-0.001519658
Achillea,Halopeplis,10,5.5,1.9105837991910093,4.605291899595505,3.3231751397573026,5.864233519676404,3.155291899595505,High_Plateau,0.3234414822995785,0.1513806848530906,39,-0.001940656
Achillea,Haplophyllum,10,5.5,3.815603094632901,5.557801547,3.894680928,6.6262412378531605,4.107801547,High_Plateau,0.5265800376621768,0.5986066335064124,44,-0.001205394
Achillea,Hedera,10,5.5,6.356448564156878,6.828224282078439,4.656934569247063,7.642579425662751,5.378224282078439,High_Plateau,0.6775039176286513,0.7691181245239502,28,-0.002058296
Achillea,Hedypnois,10,5.5,2.0083663568488213,4.654183178424411,3.3525099070546465,5.903346542739529,3.204183178424411,High_Plateau,0.7930431932215515,0.942473749,21,-0.001114895
Achillea,Hedysarum,10,5.5,3.454723111813478,5.377361555906739,3.7864169335440434,6.481889244725391,3.927361555906739,High_Plateau,0.6561088815812237,0.9152412256648838,51,-0.001418682
Achillea,Helianthemum,10,5.5,5.341121291524253,6.320560645762127,4.352336387457276,7.236448516609702,4.870560645762127,High_Plateau,0.6273688952499233,0.783992931,42,-0.002440088
Achillea,Helianthus,10,5.5,3.3228377496141213,5.311418875,3.7468513248842363,6.429135099845649,3.861418874807061,High_Plateau,0.8150803766314544,0.9866371798467756,21,-0.001560215
Achillea,Helichrysum,10,5.5,3.5266658888208564,5.413332944410428,3.807999766646257,6.510666355528343,3.9633329444104284,High_Plateau,0.8435925588233157,0.9866169680008912,14,-0.004008567
Achillea,Helictotrichon,10,5.5,4.034741492971546,5.667370746485773,3.960422447891464,6.713896597188619,4.2173707464857735,High_Plateau,0.4331024617750916,0.5105792795979529,56,-0.002693698
Achillea,Heliotropium,10,5.5,2.523638412671504,4.9118192063357515,3.507091523801451,6.109455365068602,3.4618192063357522,High_Plateau,0.718184162,0.8832567129506476,32,-0.001565234
Achillea,Heracleum,10,5.5,3.394482045661897,5.347241022830948,3.768344613698569,6.457792818264759,3.897241022830949,High_Plateau,0.6611885674143102,0.8185673652117325,38,-0.001499097
Achillea,Herniaria,10,5.5,2.822171512905159,5.061085756452579,3.596651453871548,6.228868605162064,3.611085756,High_Plateau,0.7160120620627515,0.8954806795514603,34,-0.002214284
Achillea,Hibiscus,10,5.5,4.426106146329366,5.863053073164683,4.077831844,6.8704424585317465,4.413053073164683,High_Plateau,0.6487290927638969,0.8595559072564386,46,-0.002269431
Achillea,Hippocrepis,10,5.5,4.625037954502885,5.962518977251442,4.137511386350865,6.950015181801154,4.5125189772514425,High_Plateau,0.6371724453915262,0.8527800994459643,48,-0.001765084
Achillea,Hohenackeria,10,5.5,2.0181500349114123,4.659075017455706,3.3554450104734235,5.9072600139645655,3.2090750174557066,High_Plateau,0.6516416803853456,0.7007848522269362,26,-0.001206087
Achillea,Holcus,10,5.5,3.556655701117114,5.428327850558556,3.8169967103351343,6.522662280446846,3.978327850558557,High_Plateau,0.4533906332174955,0.5673657191955992,58,-0.001552401
Achillea,Hordeum,10,5.5,2.737064425866558,5.018532212933279,3.5711193277599675,6.194825770346624,3.5685322129332793,High_Plateau,0.4063761023607548,0.4405607600209038,54,-0.002056475
Achillea,Hornungia,10,5.5,1.953058938607967,4.626529469303984,3.335917682,5.881223575443187,3.1765294693039836,High_Plateau,0.5871155116059421,0.7033010687732699,42,-0.001514611
Achillea,Humulus,10,5.5,3.739009683293722,5.519504841646861,3.8717029049881164,6.595603873317489,4.069504841646861,High_Plateau,0.5489979511903293,0.6352390733049845,43,-0.001284348
Achillea,Hyacinthoides,10,5.5,4.022390974014967,5.661195487007483,3.956717292,6.708956389605987,4.211195487007483,High_Plateau,0.6030477225180277,0.8009478391447984,50,-0.001659231
Achillea,Hydrocotyle,10,5.5,3.3793281969092384,5.3396640984546195,3.7637984590727713,6.451731278763695,3.8896640984546194,High_Plateau,0.7617069930128866,0.904655951,24,-0.002100238
Achillea,Hyoscyamus,10,5.5,2.240411792877988,4.770205896438994,3.4221235378633965,5.996164717151196,3.320205896438994,High_Plateau,0.6742582541160216,0.8364274889462057,37,-0.001198739
Achillea,Hyoseris,10,5.5,3.304133220162352,5.302066610081176,3.7412399660487057,6.421653288064941,3.8520666100811765,High_Plateau,0.7527895174308412,0.8538067301492486,20,-0.001412449
Achillea,Hypecoum,10,5.5,1.846343217257604,4.573171608628802,3.303902965177281,5.838537286903042,3.123171608628802,High_Plateau,0.5499933311678038,0.5797500134483765,36,-0.001556482
Achillea,Hypericum,10,5.5,4.153503167390807,5.726751583695403,3.996050950217242,6.761401266956323,4.276751583695404,High_Plateau,0.5623478926986392,0.6455551045974773,41,-0.00155687
Achillea,Hypochaeris,10,5.5,3.5684776972146612,5.434238848607331,3.8205433091643983,6.527391078885865,3.9842388486073306,High_Plateau,0.8211577387415889,0.9824694379972818,19,-0.002139666
Achillea,Hypolepis,10,5.5,3.9151538262703673,5.607576913135183,3.9245461478811103,6.666061530508147,4.157576913135184,High_Plateau,0.31641257,0.2193894169427576,49,-0.001314537
Achillea,Iberis,10,5.5,2.7917858363060537,5.045892918153027,3.587535750891816,6.216714334522422,3.595892918153027,High_Plateau,0.5906238937644746,0.7596262464972756,48,-0.001481336
Achillea,Ilex,10,5.5,6.221434708050387,6.760717354025193,4.616430412415116,7.588573883220155,5.3107173540251935,High_Plateau,0.6077327258407147,0.6049139397456784,25,-0.002036961
Achillea,Indigofera,10,5.5,5.709306804163554,6.504653402081777,4.462792041249067,7.383722721665421,5.054653402081778,High_Plateau,0.5270167612772645,0.6079779619858898,45,-0.002598909
Achillea,Inula,10,5.5,3.7520935513984424,5.526046775699221,3.8756280654195328,6.600837420559377,4.076046775699221,High_Plateau,0.8269289123025846,0.9856821919134632,18,-0.00158759
Achillea,Ionopsidium,10,5.5,1.9752730729742065,4.637636536487103,3.342581921892262,5.890109229189683,3.1876365364871035,High_Plateau,0.5905958352162544,0.7101772648450225,42,-0.001092356
Achillea,Ipomoea,10,5.5,3.085570480890025,5.192785240445012,3.6756711442670076,6.334228192,3.742785240445013,High_Plateau,0.5182059440414044,0.5161208396146288,36,-0.001284484
Achillea,Iris,10,5.5,3.8328545535097325,5.566427276754866,3.8998563660529197,6.633141821403893,4.116427276754866,High_Plateau,0.6559490354943556,0.8656609990113541,45,-0.001691352
Achillea,Isatis,10,5.5,2.334183487553614,4.817091743776807,3.450255046266084,6.033673395021445,3.367091743776807,High_Plateau,0.5674314058953515,0.7297892238339233,50,-0.00202932
Achillea,Isoetes,10,5.5,3.872015911189021,5.586007955594511,3.9116047733567063,6.648806364475608,4.136007956,High_Plateau,0.5145430233816966,0.5501750567092959,41,-0.002705324
Achillea,Isolepis,10,5.5,3.140808420130364,5.2204042100651815,3.6922425260391094,6.356323368052146,3.7704042100651822,High_Plateau,0.3960403829913347,0.4035140105182953,52,-0.002371702
Achillea,Jasione,10,5.5,2.9216101752031576,5.1108050876015785,3.626483052560947,6.268644070081264,3.660805087601579,High_Plateau,0.7474931723477191,0.9008974223791436,27,-0.002158128
Achillea,Jasminum,10,5.5,6.335698555303423,6.817849277651711,4.6507095665910265,7.634279422121369,5.367849277651711,High_Plateau,0.4828883726985323,0.4129859958513001,32,-0.00316954
Achillea,Jatropha,10,5.5,4.9776893880174065,6.138844694008704,4.243306816405222,7.091075755206963,4.688844694008703,High_Plateau,0.5427185263210048,0.6556340500122937,47,-0.001669918
Achillea,Juglans,10,5.5,6.136897673,6.718448836710705,4.591069302026423,7.554759069368564,5.268448836710705,High_Plateau,0.5233422403961384,0.583920302,43,-0.0012476
Achillea,Juncus,10,5.5,3.6229468771166458,5.461473438558323,3.8368840631349936,6.549178750846659,4.011473438558323,High_Plateau,0.4412671975747694,0.4198175819758467,43,-0.001484427
Achillea,Juniperus,10,5.5,6.338646515348246,6.819323257674123,4.651593954604474,7.635458606139299,5.369323257674123,High_Plateau,0.4492252375063078,0.435712855,43,-0.001380395
Achillea,Jurinea,10,5.5,3.6514179298011693,5.475708964900584,3.8454253789403507,6.560567171920468,4.025708964900585,High_Plateau,0.8362098731857662,0.9877623719765316,16,-0.001370662
Achillea,Kalanchoe,10,5.5,3.7707951874880905,5.535397593744046,3.8812385562464273,6.608318074995236,4.085397593744045,High_Plateau,0.6132978316481874,0.7146998968427127,37,-0.002165003
Achillea,Kickxia,10,5.5,2.506084103511162,4.903042052,3.5018252310533486,6.102433641404465,3.453042051755581,High_Plateau,0.6175947062987511,0.7396324857349988,39,-0.00166742
Achillea,Knautia,10,5.5,3.591720912890045,5.445860456445022,3.8275162738670137,6.536688365156018,3.9958604564450226,High_Plateau,0.7104122742824295,0.8348704765349911,28,-0.001736489
Achillea,Koeleria,10,5.5,3.880483234328534,5.590241617164267,3.91414497,6.652193293731414,4.140241617164267,High_Plateau,0.4147775795886356,0.531175958,63,-0.001254681
Achillea,Lactuca,10,5.5,2.4336171328555087,4.866808566427754,3.4800851398566524,6.073446853142204,3.4168085664277545,High_Plateau,0.8471274744661674,0.9840928684273862,13,0.002865197
Achillea,Lamium,10,5.5,2.5756841678769202,4.937842084,3.5227052503630762,6.130273667150768,3.4878420839384603,High_Plateau,0.6250537416633534,0.803833599,45,-0.001507292
Achillea,Lappula,10,5.5,1.9923521135926543,4.646176056796327,3.3477056340777964,5.8969408454370615,3.196176056796327,High_Plateau,0.6247594164014555,0.7047728530574082,33,-0.002297499
Achillea,Lapsana,10,5.5,2.6215845987454625,4.960792299372731,3.5364753796236386,6.148633839498185,3.5107922993727314,High_Plateau,0.805978171,0.9518899111644142,19,-0.001037706
Achillea,Laserpitium,10,5.5,3.5438779618512313,5.421938980925615,3.8131633885553695,6.517551184740492,3.971938980925616,High_Plateau,0.7185579842550994,0.9169582278959684,36,-0.001951023
Achillea,Lathyrus,10,5.5,3.2301742984816304,5.265087149240815,3.7190522895444893,6.392069719392652,3.8150871492408154,High_Plateau,0.6379681627732909,0.9035986859955252,54,-0.001325501
Achillea,Launaea,10,5.5,4.748212120641538,6.024106060320769,4.174463636192462,6.9992848482566155,4.574106060320769,High_Plateau,0.7527249040473507,0.8618371706167761,21,-0.001114895
Achillea,Laurus,10,5.5,6.4523844552230765,6.876192227611538,4.685715336566923,7.680953782089231,5.426192227611539,High_Plateau,0.4986879406145274,0.4852911770166111,37,-0.001220315
Achillea,Lavandula,10,5.5,6.327824932674702,6.813912466337351,4.6483474798024105,7.631129973,5.363912466337351,High_Plateau,0.6418724212281995,0.780182368,38,-0.002735575
Achillea,Leersia,10,5.5,3.7106734447861465,5.505336722393073,3.8632020334358437,6.584269377914459,4.055336722393074,High_Plateau,0.5588586379176234,0.6960463801475304,48,-0.001234563
Achillea,Legousia,10,5.5,2.0704656964166266,4.685232848208313,3.371139708924988,5.928186278566651,3.2352328482083132,High_Plateau,0.638481677,0.7074095311642898,30,-0.00154595
Achillea,Lemna,10,5.5,3.820687459939063,5.5603437299695315,3.896206237981719,6.628274983975626,4.110343729969531,High_Plateau,0.6437662477890866,0.8165992068214061,42,-0.00149794
Achillea,Leontodon,10,5.5,3.4852079777329497,5.392603988866474,3.7955623933198845,6.494083191,3.942603988866475,High_Plateau,0.8103556189669235,0.9770986,21,-0.001114895
Achillea,Lepidium,10,5.5,2.8240689550332827,5.062034477516641,3.597220686509985,6.229627582013313,3.6120344775166418,High_Plateau,0.6212863523942308,0.78807742,44,-0.001496178
Achillea,Leucanthemum,10,5.5,3.6809432822271537,5.490471641113577,3.854282984668146,6.572377312890861,4.040471641113577,High_Plateau,0.8664086833502812,0.9855479058248908,6,-0.099269134
Achillea,Leuzea,10,5.5,2.7012833582470304,5.000641679123515,3.560385007474109,6.180513343298812,3.5506416791235154,High_Plateau,0.8303777294658183,0.9843309864576328,17,-0.001439281
Achillea,Ligusticum,10,5.5,3.873697952359584,5.586848976179792,3.9121093857078755,6.649479180943834,4.136848976179792,High_Plateau,0.6872127773681955,0.8132368771087041,31,-0.00227579
Achillea,Ligustrum,10,5.5,6.320965177630474,6.810482588815237,4.646289553289142,7.628386071,5.360482588815238,High_Plateau,0.6431354497986952,0.7660228294517075,36,-0.001499375
Achillea,Lilium,10,5.5,4.188439480903204,5.7442197404516016,4.006531844270961,6.775375792361282,4.294219740451602,High_Plateau,0.5696211199974073,0.7094969350896014,47,-0.001958407
Achillea,Limonium,10,5.5,3.900990498779696,5.600495249389848,3.9202971496339085,6.660396199511879,4.150495249389849,High_Plateau,0.6820312084017066,0.8355630939728649,35,-0.001339002
Achillea,Linaria,10,5.5,2.7096108028249426,5.004805401412471,3.5628832408474826,6.183844321129977,3.5548054014124713,High_Plateau,0.6525198551535775,0.8178168517089859,40,-0.002241871
Achillea,Linum,10,5.5,3.1407133438048485,5.220356671902424,3.6922140031414545,6.356285337521939,3.7703566719024244,High_Plateau,0.6894588983996575,0.8915512877832766,40,-0.001523619
Achillea,Lithodora,10,5.5,6.221518099030958,6.760759049515479,4.616455429709287,7.588607239612383,5.310759049515479,High_Plateau,0.7128726140625758,0.8727889236686471,32,-0.002341765
Achillea,Lobularia,10,5.5,2.891054711343536,5.095527355671768,3.617316413403061,6.256421884537414,3.645527355671768,High_Plateau,0.5567043620574663,0.7657344474013347,57,-0.001354644
Achillea,Loeflingia,10,5.5,1.9960583616925245,4.648029180846262,3.348817508507757,5.898423345,3.1980291808462624,High_Plateau,0.6252920333208378,0.7057436026537068,33,-0.001825077
Achillea,Logfia,10,5.5,1.9619379666770607,4.630968983,3.3385813900031183,5.884775186670824,3.1809689833385306,High_Plateau,0.5879247829152209,0.5009258980513357,17,-0.008943305
Achillea,Lolium,10,5.5,2.476085975888837,4.888042987944418,3.4928257927666513,6.090434390355535,3.438042987944419,High_Plateau,0.4928968023342183,0.6299355112181709,56,-0.001531451
Achillea,Lonicera,10,5.5,6.348846711731891,6.824423355865946,4.6546540135195675,7.639538684692757,5.374423355865946,High_Plateau,0.6773553865016908,0.7604472243188534,27,-0.001284996
Achillea,Lotononis,10,5.5,6.404208161335037,6.852104080667518,4.671262448400511,7.661683264534014,5.4021040806675185,High_Plateau,0.3279335216299729,0.2014187470933782,44,-0.001731122
Achillea,Lotus,10,5.5,3.2271845985707612,5.2635922992853805,3.718155379571228,6.390873839428305,3.813592299285381,High_Plateau,0.629282146,0.8780154610325241,53,-0.00136543
Achillea,Lupinus,10,5.5,3.2928736375663674,5.296436818783183,3.737862091,6.417149455026547,3.846436818783184,High_Plateau,0.6543811591502828,0.8544848830018441,44,-0.002585426
Achillea,Luzula,10,5.5,3.6379670198727196,5.4689835099363595,3.841390105961816,6.555186807949088,4.01898351,High_Plateau,0.4553089665998588,0.4479011200260255,43,-0.001484427
Achillea,Lycium,10,5.5,6.267673200619552,6.783836600309776,4.630301960185866,7.607069280247821,5.333836600309777,High_Plateau,0.6966335172054359,0.873025967,36,-0.001534387
Achillea,Lycopus,10,5.5,3.7984126529915203,5.549206326,3.889523795897456,6.619365061196609,4.099206326495761,High_Plateau,0.6457208173135751,0.8452786957963014,45,-0.002062018
Achillea,Lysimachia,10,5.5,4.351652423,5.8258262112564605,4.055495726753876,6.840660969005168,4.375826211,High_Plateau,0.5002683648944399,0.4802736264944017,36,-0.00142421
Achillea,Lythrum,10,5.5,2.7260270729419784,5.013013536470989,3.5678081218825937,6.190410829176791,3.563013536470989,High_Plateau,0.6842226555779181,0.8974689245347749,42,-0.00128245
Achillea,Magnolia,10,5.5,6.397600477385326,6.848800238692663,4.669280143215598,7.659040191,5.3988002386926635,High_Plateau,0.4803465518649041,0.4323450258243358,35,-0.002095227
Achillea,Malope,10,5.5,2.435461892780499,4.867730946,3.480638568,6.074184757112199,3.4177309463902494,High_Plateau,0.388595117,0.3884666798660265,52,-0.001587707
Achillea,Malva,10,5.5,2.3328839153376473,4.8164419576688235,3.4498651746012943,6.033153566135059,3.366441957668824,High_Plateau,0.5922678501248662,0.8039998492761241,53,-0.001430334
Achillea,Mandragora,10,5.5,3.838997306142486,5.569498653071243,3.901699191842746,6.635598922456994,4.119498653071243,High_Plateau,0.4185891603382866,0.3171621423037231,36,-0.002658834
Achillea,Marrubium,10,5.5,3.8130187299964136,5.556509364998207,3.8939056189989243,6.625207491998566,4.106509364998207,High_Plateau,0.6458739109484584,0.8536404662854916,46,-0.001244044
Achillea,Marsilea,10,5.5,3.6764459881739797,5.488222994,3.852933796452194,6.570578395269592,4.038222994,High_Plateau,0.5727013478738467,0.7155720284193731,47,-0.001531595
Achillea,Matricaria,10,5.5,2.4860096918835732,4.893004845941786,3.495802907565072,6.094403877,3.443004845941787,High_Plateau,0.954936039,0.9530707272804296,4,0.8661985298528091
Achillea,Matthiola,10,5.5,2.807728010033232,5.0538640050166155,3.5923184030099695,6.223091204013293,3.603864005016616,High_Plateau,0.6031459380982999,0.7601212929261549,45,-0.002023796
Achillea,Medicago,10,5.5,2.6072423278347467,4.953621163917373,3.532172698350424,6.142896931133899,3.5036211639173738,High_Plateau,0.5818297887767941,0.7995816413450032,55,-0.001528127
Achillea,Melaleuca,10,5.5,6.154057317663679,6.7270286588318395,4.596217195299104,7.561622927065471,5.277028659,High_Plateau,0.3095048464135799,0.1645587080498527,44,-0.001717679
Achillea,Melampyrum,10,5.5,2.0704656964166266,4.685232848208313,3.371139708924988,5.928186278566651,3.2352328482083132,High_Plateau,0.6095941298240097,0.7074095311642898,37,-0.002750193
Achillea,Melica,10,5.5,3.7106734447861465,5.505336722393073,3.8632020334358437,6.584269377914459,4.055336722393074,High_Plateau,0.5547227078102632,0.6960463801475304,49,-0.001497973
Achillea,Melilotus,10,5.5,2.050319599424471,4.675159799712235,3.3650958798273414,5.920127839769789,3.2251597997122357,High_Plateau,0.5789669635426765,0.8020336498744143,56,-0.001320532
Achillea,Mentha,10,5.5,3.731379580253094,5.515689790126547,3.869413874075928,6.592551832101238,4.065689790126547,High_Plateau,0.634896776,0.8236674658531018,45,-0.002246277
Achillea,Mercurialis,10,5.5,3.361687276389271,5.330843638194636,3.758506182916781,6.444674910555708,3.8808436381946354,High_Plateau,0.4832344738862628,0.5448382295692545,48,-0.00143545
Achillea,Mesembryanthemum,10,5.5,1.9559232213856546,4.627961610692827,3.3367769664156963,5.882369288554262,3.1779616106928277,High_Plateau,0.6156331871722468,0.7028053442911868,35,-0.001530466
Achillea,Micromeria,10,5.5,5.211610933504922,6.255805466752461,4.313483280051477,7.184644373401969,4.805805466752461,High_Plateau,0.3066961103774189,0.167131016,45,-0.001570687
Achillea,Milium,10,5.5,2.8270966788409715,5.063548339420485,3.5981290036522915,6.230838671536389,3.613548339420486,High_Plateau,0.4850401980608878,0.6470376540830878,60,-0.001224646
Achillea,Minuartia,10,5.5,3.3586779896048413,5.329338994802421,3.7576033968814526,6.443471195841937,3.8793389948024206,High_Plateau,0.4759332228450956,0.431595157,36,-0.001383282
Achillea,Mirabilis,10,5.5,3.8137734959487704,5.556886747974385,3.8941320487846314,6.625509398379508,4.106886747974386,High_Plateau,0.601405406,0.6908412769849483,37,-0.001796164
Achillea,Miscanthus,10,5.5,3.7340065913745777,5.517003295687289,3.870201977412373,6.593602636549831,4.0670032956872895,High_Plateau,0.3665894082453687,0.3445054763349722,52,-0.001838779
Achillea,Misopates,10,5.5,1.8949568817549218,4.597478440877461,3.318487064526477,5.857982752701969,3.147478440877461,High_Plateau,0.6072089110674002,0.7516607095341189,43,-0.00128293
Achillea,Moehringia,10,5.5,3.5482615778865267,5.4241307889432635,3.8144784733659582,6.519304631154611,3.9741307889432633,High_Plateau,0.705543143,0.9155827595346792,39,-0.001934426
Achillea,Moenchia,10,5.5,1.996858234288199,4.648429117144099,3.3490574702864597,5.898743293715279,3.1984291171440997,High_Plateau,0.5921300281644892,0.7050749059755258,41,-0.001334522
Achillea,Montia,10,5.5,2.2637719520288253,4.781885976014412,3.4291315856086477,6.005508781,3.331885976014413,High_Plateau,0.6572945450647085,0.810772798,38,-0.001466486
Achillea,Moricandia,10,5.5,3.8317760629631796,5.565888031,3.8995328188889538,6.632710425185272,4.115888031,High_Plateau,0.4164232461269929,0.4934486445433645,58,-0.001640898
Achillea,Morus,10,5.5,6.1222260650669895,6.711113032533495,4.5866678195200965,7.548890426026796,5.261113032533495,High_Plateau,0.3570570837255585,0.2431845012883078,42,-0.001516053
Achillea,Muehlenbeckia,10,5.5,5.445352536592905,6.372676268296452,4.383605760977871,7.278141014637162,4.922676268296453,High_Plateau,0.5582681801171102,0.637329179,41,-0.001224366
Achillea,Muscari,10,5.5,3.7217137248128145,5.510856862406407,3.8665141174438444,6.588685489925126,4.060856862406407,High_Plateau,0.6635856817483247,0.922023758,50,-0.001659231
Achillea,Myoporum,10,5.5,6.179661783350015,6.739830891675007,4.603898535005005,7.571864713340006,5.289830891675008,High_Plateau,0.5367832663491782,0.5946103230489579,41,-0.002479226
Achillea,Myosotis,10,5.5,2.734558140252047,5.0172790701260235,3.570367442075614,6.193823256100819,3.5672790701260237,High_Plateau,0.6414996511512121,0.7464732941035546,34,-0.002301466
Achillea,Myriophyllum,10,5.5,3.743179689083831,5.521589844541915,3.872953906725149,6.597271875633533,4.071589844541916,High_Plateau,0.4815239268227079,0.4510214268399037,37,-0.001511702
Achillea,Najas,10,5.5,2.0906117224454537,4.695305861222726,3.377183516733636,5.9362446889781815,3.245305861222727,High_Plateau,0.4098744458168192,0.3487702280467719,42,-0.001271066
Achillea,Narcissus,10,5.5,3.9147197849623536,5.607359892481177,3.924415935488706,6.665887913984942,4.1573598924811765,High_Plateau,0.6341322391017283,0.8384742556694148,47,-0.001733819
Achillea,Nasturtium,10,5.5,3.7873481635643107,5.5436740817821555,3.886204449069293,6.614939265425725,4.093674081782155,High_Plateau,0.633848954,0.8460444519249948,48,-0.001321758
Achillea,Nepeta,10,5.5,3.6551468747568077,5.477573437378403,3.846544062427042,6.562058749902723,4.027573437378404,High_Plateau,0.6622020427624061,0.8699545621008191,44,-0.001724986
Achillea,Nicotiana,10,5.5,2.921503967829582,5.110751983914791,3.6264511903488748,6.268601587131833,3.6607519839147913,High_Plateau,0.689444369,0.8503873668119922,35,-0.001328762
Achillea,Nigella,10,5.5,2.1134382505391076,4.7067191252695535,3.3840314751617324,5.945375300215643,3.256719125269554,High_Plateau,0.5825081448822641,0.6858805380952879,41,-0.001581516
Achillea,Nonea,10,5.5,2.1969226478232553,4.748461323911627,3.4090767943469764,5.978769059129302,3.298461323911628,High_Plateau,0.6275274435635632,0.7184653065755984,34,-0.001983604
Achillea,Nuphar,10,5.5,3.8215797621111363,5.560789881055568,3.8964739286333407,6.628631904844455,4.1107898810555685,High_Plateau,0.6810193781327694,0.8499787521978445,37,-0.001343815
Achillea,Nymphaea,10,5.5,3.6178611272757815,5.458930563637891,3.8353583381827345,6.547144450910313,4.008930563637891,High_Plateau,0.7126798157734467,0.9132996274791996,37,-0.001343815
Achillea,Nymphoides,10,5.5,3.4782227977386944,5.389111398869347,3.793466839321608,6.4912891190954785,3.9391113988693474,High_Plateau,0.780845166,0.9099212434033112,20,-0.001428528
Achillea,Ocimum,10,5.5,2.8377027537472665,5.068851376873633,3.601310826,6.235081101498906,3.6188513768736335,High_Plateau,0.497433671,0.5239108738041368,42,-0.001382042
Achillea,Odontites,10,5.5,2.462904055136295,4.881452027568147,3.4888712165408884,6.085161622054518,3.431452027568148,High_Plateau,0.5973064473952093,0.7154582947093209,41,-0.001487274
Achillea,Oenanthe,10,5.5,3.5662360158287933,5.433118007914397,3.8198708047486383,6.526494406331517,3.983118007914397,High_Plateau,0.7243209634870313,0.903820919,33,-0.00192236
Achillea,Onobrychis,10,5.5,3.649561637490208,5.474780818745104,3.8448684912470625,6.559824654996083,4.024780818745104,High_Plateau,0.6400264695091403,0.8831087570470456,51,-0.00158046
Achillea,Ononis,10,5.5,3.631897363722216,5.465948681861108,3.8395692091166644,6.552758945488886,4.015948681861108,High_Plateau,0.6035422746492484,0.8348738551758266,54,-0.001960228
Achillea,Onopordum,10,5.5,1.8790328903414624,4.589516445170731,3.3137098671024385,5.851613156136585,3.1395164451707314,High_Plateau,0.8105648142660261,0.9611507343637375,19,-0.001475392
Achillea,Ophioglossum,10,5.5,4.406864199628813,5.853432099814406,4.072059259888643,6.862745679851525,4.403432099814406,High_Plateau,0.3502215688623606,0.2212970772098495,41,-0.001529971
Achillea,Ophrys,10,5.5,3.9040919762192567,5.602045988109628,3.921227592865777,6.661636790487703,4.152045988109629,High_Plateau,0.6328135823905932,0.8441675397355815,48,-0.002290916
Achillea,Opuntia,10,5.5,5.692196972539064,6.496098486269532,4.457659092,7.376878789015626,5.046098486269532,High_Plateau,0.5697024140088027,0.6439669839213571,39,-0.002262834
Achillea,Orchis,10,5.5,4.073278464203813,5.686639232101907,3.971983539261144,6.729311385681525,4.236639232101907,High_Plateau,0.59461393,0.7677446392257535,48,-0.002172941
Achillea,Origanum,10,5.5,5.1276226122647675,6.213811306132383,4.288286784,7.151049044905907,4.763811306132384,High_Plateau,0.621127531,0.8041502802375327,46,-0.001256916
Achillea,Ornithogalum,10,5.5,3.8203255805711365,5.560162790285569,3.896097674171341,6.628130232228455,4.110162790285568,High_Plateau,0.6567014427588587,0.9002680437811941,49,-0.002818942
Achillea,Ornithopus,10,5.5,1.9764433333085685,4.638221666654284,3.3429329999925708,5.890577333323428,3.188221666654284,High_Plateau,0.6169964979333249,0.8371200244283328,51,-0.001936513
Achillea,Orobanche,10,5.5,3.8067758947748462,5.553387947387423,3.892032768432454,6.622710357909939,4.103387947387423,High_Plateau,0.6814730185597196,0.8591350312597288,38,-0.001492916
Achillea,Osmunda,10,5.5,3.943710960949574,5.621855480474787,3.933113288284872,6.677484384,4.171855480474787,High_Plateau,0.5132774315942386,0.5476605899219623,41,-0.002788908
Achillea,Osyris,10,5.5,6.703374620262156,7.001687310131078,4.761012386078646,7.781349848104862,5.5516873101310775,High_Plateau,0.360309001,0.1921106219479354,35,-0.001298712
Achillea,Oxalis,10,5.5,3.7491744928050963,5.5245872464025485,3.874752347841529,6.599669797122038,4.074587246402548,High_Plateau,0.5606889014456837,0.6176853238354202,38,-0.00208555
Achillea,Oxytropis,10,5.5,3.844510931,5.572255465477495,3.903353279286497,6.637804372381996,4.122255465477496,High_Plateau,0.651057276,0.905166109,51,-0.00155916
Achillea,Paeonia,10,5.5,4.022314813169756,5.661157406584878,3.956694443950927,6.708925925267902,4.211157406584878,High_Plateau,0.6665563003416528,0.7885356116317435,33,-0.003142452
Achillea,Pancratium,10,5.5,3.921114686253275,5.610557343126637,3.9263344058759824,6.668445874501311,4.160557343126637,High_Plateau,0.6478125145350173,0.8740223309031149,48,-0.00157555
Achillea,Panicum,10,5.5,2.9217623991570987,5.110881199578549,3.6265287197471294,6.2687049596628395,3.6608811995785495,High_Plateau,0.4393491688657059,0.4818474021714888,51,-0.002046692
Achillea,Papaver,10,5.5,2.568999785690488,4.934499892845244,3.5206999357071465,6.127599914276195,3.4844998928452444,High_Plateau,0.6244245442842078,0.753204873,39,-0.001230979
Achillea,Parapholis,10,5.5,2.1275522727678062,4.713776136383903,3.388265681830342,5.951020909107123,3.2637761363839033,High_Plateau,0.3676059177185514,0.3957912158819958,58,-0.001527039
Achillea,Parentucellia,10,5.5,2.0704656964166266,4.685232848208313,3.371139708924988,5.928186278566651,3.2352328482083132,High_Plateau,0.5973734861542069,0.7074095311642898,40,-0.001668959
Achillea,Parietaria,10,5.5,2.5614148390756704,4.9307074195378355,3.518424451722701,6.124565935630268,3.4807074195378354,High_Plateau,0.4250056173931456,0.3954428646271875,44,-0.001130752
Achillea,Paronychia,10,5.5,3.2146732862818697,5.257336643140935,3.7144019858845607,6.385869314512748,3.807336643140935,High_Plateau,0.4829364912098728,0.4292691371087885,34,-0.00191228
Achillea,Paspalum,10,5.5,3.718527503068352,5.509263751534176,3.8655582509205058,6.587411001227341,4.059263751534176,High_Plateau,0.298910149,0.2173361359929147,53,-0.001688783
Achillea,Passiflora,10,5.5,5.1330376429852205,6.216518821,4.289911292895566,7.153215057194089,4.766518821,High_Plateau,0.5524530203773823,0.6340949980563589,42,-0.00210917
Achillea,Pelargonium,10,5.5,5.095621132960338,6.197810566480169,4.278686339888101,7.1382484531841355,4.747810566480169,High_Plateau,0.4969077914358561,0.4735687159216887,36,-0.001505391
Achillea,Periploca,10,5.5,6.2069675917365785,6.753483796,4.612090277520974,7.582787036694631,5.303483795868289,High_Plateau,0.6751494747168343,0.8711144567632213,41,-0.001337811
Achillea,Persicaria,10,5.5,2.546708097259976,4.923354048629988,3.514012429177993,6.118683238903991,3.473354048629988,High_Plateau,0.695742968,0.8794578917012751,37,-0.001503612
Achillea,Petasites,10,5.5,3.7467722224980293,5.523386111249015,3.874031666749409,6.598708888999212,4.073386111249015,High_Plateau,0.7916818946164241,0.9070865437074824,17,-0.002175416
Achillea,Petrorhagia,10,5.5,2.3982949254894415,4.849147462744721,3.4694884776468324,6.059317970195776,3.399147462744721,High_Plateau,0.6118184430753955,0.7444935891935416,41,-0.001543789
Achillea,Petroselinum,10,5.5,2.0181500349114123,4.659075017455706,3.3554450104734235,5.9072600139645655,3.2090750174557066,High_Plateau,0.6146477955504007,0.7007848522269362,35,-0.001281922
Achillea,Phacelia,10,5.5,2.2683780492250105,4.784189024612505,3.4305134147675034,6.007351219690005,3.334189024612505,High_Plateau,0.6113849207663488,0.7189409056112804,38,-0.001403266
Achillea,Phagnalon,10,5.5,6.203933869,6.751966934252184,4.611180160551311,7.581573547401748,5.301966934252185,High_Plateau,0.8016723338971133,0.88165319,12,0.019416292
Achillea,Phalaris,10,5.5,2.8019759423556514,5.050987971177825,3.5905927827066955,6.220790376942261,3.600987971177826,High_Plateau,0.4075497331661044,0.4759275180192405,58,-0.002770395
Achillea,Phillyrea,10,5.5,6.160442986061741,6.730221493030871,4.598132895818522,7.564177194424697,5.280221493,High_Plateau,0.6933291344000978,0.8663585893169082,36,-0.001241329
Achillea,Phlomis,10,5.5,5.626997774783982,6.4634988873919905,4.438099332435194,7.350799109913593,5.013498887391991,High_Plateau,0.461774418,0.4691655970364569,44,-0.002056407
Achillea,Phoenix,10,5.5,6.1844137457465775,6.742206872873289,4.605324123723973,7.573765498298631,5.2922068728732885,High_Plateau,0.3633051330961564,0.2474584500917297,41,-0.001501193
Achillea,Physalis,10,5.5,3.241956423168104,5.270978211584052,3.7225869269504313,6.396782569267241,3.8209782115840523,High_Plateau,0.7110939222349768,0.926614467,39,-0.001585169
Achillea,Physospermum,10,5.5,3.8230202376223974,5.561510118811198,3.896906071286719,6.629208095048959,4.111510118811199,High_Plateau,0.7168523385825272,0.8560473115885145,29,-0.002124131
Achillea,Phytolacca,10,5.5,4.0801055749639294,5.690052787481965,3.974031672489179,6.732042229985572,4.2400527874819645,High_Plateau,0.7231875954670153,0.9100248811469708,34,-0.003179958
Achillea,Picris,10,5.5,2.456810427485686,4.878405213742843,3.4870431282457055,6.0827241709942745,3.428405213742843,High_Plateau,0.8170296576168999,0.982287011,20,-0.001412449
Achillea,Pilosella,10,5.5,3.940335439583293,5.620167719791646,3.932100631874988,6.676134175833317,4.170167719791647,High_Plateau,0.78027298,0.8844212650644494,17,-0.002938172
Achillea,Pilularia,10,5.5,3.998129161802032,5.649064580901015,3.9494387485406097,6.699251664720813,4.199064580901016,High_Plateau,0.4983301791752478,0.5668296910221752,47,-0.001531595
Achillea,Pimpinella,10,5.5,3.314434047523688,5.307217023761844,3.7443302142571064,6.425773619009475,3.8572170237618444,High_Plateau,0.7420943044427988,0.914737207,30,-0.00205806
Achillea,Pinus,10,5.5,6.421378711262857,6.860689355631429,4.676413613378857,7.668551484505143,5.410689355631429,High_Plateau,0.421027829,0.3711098103669432,42,-0.001435148
Achillea,Piptatherum,10,5.5,3.770642705522444,5.535321352761222,3.8811928116567334,6.6082570822089775,4.085321352761222,High_Plateau,0.3610033781340787,0.3497090336290095,54,-0.001525085
Achillea,Pistacia,10,5.5,6.164226060968754,6.732113030484377,4.599267818290626,7.565690424387501,5.282113030484377,High_Plateau,0.3651599813819588,0.259337758,42,-0.001253358
Achillea,Pistorinia,10,5.5,1.846343217257604,4.573171608628802,3.303902965177281,5.838537286903042,3.123171608628802,High_Plateau,0.5458461625075224,0.5797500134483765,37,-0.001932278
Achillea,Pittosporum,10,5.5,6.197770141981272,6.748885070990636,4.609331042594381,7.579108056792509,5.298885070990636,High_Plateau,0.603911439,0.6054171080227173,26,-0.001669783
Achillea,Plantago,10,5.5,3.059374615,5.179687307639335,3.667812384583601,6.323749846111468,3.729687307639335,High_Plateau,0.4951978145548951,0.5031164089578394,40,-0.001960064
Achillea,Platanthera,10,5.5,3.8956436063946107,5.597821803197306,3.9186930819183834,6.6582574425578445,4.1478218031973055,High_Plateau,0.6216155939639345,0.83807614,50,-0.001622019
Achillea,Platycapnos,10,5.5,1.846343217257604,4.573171608628802,3.303902965177281,5.838537286903042,3.123171608628802,High_Plateau,0.5499011323902581,0.5797500134483765,36,-0.002478469
Achillea,Poa,10,5.5,3.7458246815773495,5.522912340788674,3.873747404473205,6.598329873,4.072912340788675,High_Plateau,0.276713508,0.2141163548039796,58,-0.002076833
Achillea,Polycarpon,10,5.5,2.432404988907006,4.866202494453503,3.4797214966721017,6.072961995562803,3.416202494453503,High_Plateau,0.4645733735369015,0.4009105738481689,35,-0.00265475
Achillea,Polycnemum,10,5.5,1.9020948820212937,4.601047441010647,3.320628464606388,5.8608379528085175,3.151047441010647,High_Plateau,0.6596083497048685,0.7907571381757321,35,-0.00153781
Achillea,Polygala,10,5.5,4.023821962080636,5.661910981040318,3.957146588624191,6.709528784832255,4.211910981040319,High_Plateau,0.6574057620182958,0.8109757818419038,38,-0.001369234
Achillea,Polygonatum,10,5.5,3.929071084268739,5.6145355421343695,3.9287213252806215,6.671628433707496,4.164535542,High_Plateau,0.6134096730310539,0.8298644489437749,51,-0.001526884
Achillea,Polygonum,10,5.5,2.6673319035528684,4.983665951776434,3.5501995710658605,6.1669327614211475,3.5336659517764346,High_Plateau,0.6341996303799793,0.7482660924845923,36,-0.002073885
Achillea,Polypodium,10,5.5,3.9592456071012547,5.629622803550627,3.937773682130376,6.683698242840502,4.179622803550627,High_Plateau,0.5995531613450024,0.8186702395320237,53,-0.001929173
Achillea,Polypogon,10,5.5,3.0432546399275395,5.17162732,3.662976391978262,6.3173018559710155,3.72162732,High_Plateau,0.3900401095447141,0.4981712725363911,65,-0.001414171
Achillea,Polystichum,10,5.5,3.8997800563714007,5.599890028,3.9199340169114203,6.659912022548561,4.149890028,High_Plateau,0.4652159678313374,0.5334748403621621,51,-0.001515893
Achillea,Populus,10,5.5,5.5975849156793975,6.448792457839699,4.429275474703819,7.339033966271759,4.9987924578396985,High_Plateau,0.4669248772765222,0.4793022355870144,44,-0.001235008
Achillea,Portulaca,10,5.5,2.4982581924141227,4.899129096207061,3.499477457724237,6.0993032769656494,3.4491290962070615,High_Plateau,0.699444483,0.8787172757140383,36,-0.001881272
Achillea,Potamogeton,10,5.5,3.735737795374625,5.517868897687313,3.8707213386123875,6.594295118,4.067868897687313,High_Plateau,0.5864784558949014,0.6855193211102794,40,-0.001168211
Achillea,Potentilla,10,5.5,3.7577944766240337,5.528897238312017,3.877338343,6.6031177906496135,4.078897238312017,High_Plateau,0.4638659709202888,0.4733302745580014,44,-0.001964266
Achillea,Primula,10,5.5,3.684583215313823,5.492291607656911,3.855374964594147,6.573833286125529,4.042291607656912,High_Plateau,0.7046406488504526,0.8725980411977244,34,-0.001515224
Achillea,Prosopis,10,5.5,6.2251306314557375,6.762565315727869,4.617539189436721,7.590052252582295,5.312565315727869,High_Plateau,0.4086108029796519,0.3627423906195997,44,-0.001576526
Achillea,Prunella,10,5.5,3.7404183195270866,5.520209159763543,3.8721254958581257,6.596167327810835,4.070209159763543,High_Plateau,0.6559654421493976,0.8574813608748019,44,-0.001724986
Achillea,Prunus,10,5.5,6.238744031,6.769372016,4.621623209377982,7.595497612503976,5.319372016,High_Plateau,0.6661190872216016,0.8695791982241381,43,-0.001773612
Achillea,Psidium,10,5.5,6.208916488339345,6.7544582441696726,4.612674946501803,7.583566595335738,5.304458244169673,High_Plateau,0.6591337213832128,0.8719954954086213,45,-0.001516976
Achillea,Pteris,10,5.5,3.990154759698286,5.645077379849143,3.947046427909486,6.696061903879315,4.195077379849144,High_Plateau,0.2844589660267693,0.1555171398959837,49,-0.00148919
Achillea,Ptilostemon,10,5.5,3.946584413879288,5.623292206939643,3.9339753241637863,6.678633765551716,4.173292206939644,High_Plateau,0.629059176,0.6228994426517935,22,-0.001987649
Achillea,Puccinellia,10,5.5,3.569799701773121,5.434899850886561,3.820939910531936,6.5279198807092484,3.9848998508865607,High_Plateau,0.4334620675053756,0.5274343482210223,58,-0.001181203
Achillea,Pulicaria,10,5.5,2.6576451482941073,4.9788225741470535,3.547293544488232,6.163058059317643,3.528822574147054,High_Plateau,0.8176375398199199,0.9834716065920032,20,-0.001256607
Achillea,Quercus,10,5.5,6.111718952482998,6.705859476241499,4.583515685744899,7.544687581,5.255859476241499,High_Plateau,0.525425647,0.5799215218876295,42,-0.001515519
Achillea,Ranunculus,10,5.5,3.4913273662270043,5.3956636831135025,3.797398209868101,6.496530946490802,3.9456636831135024,High_Plateau,0.5330480031349477,0.6035591553630286,43,-0.002384239
Achillea,Raphanus,10,5.5,2.096589546813896,4.698294773406948,3.378976864044169,5.938635818725558,3.2482947734069483,High_Plateau,0.554146681,0.7444143692308323,55,-0.002522844
Achillea,Rapistrum,10,5.5,2.4366621498533543,4.868331074926677,3.4809986449560064,6.0746648599413415,3.4183310749266775,High_Plateau,0.5423010397657553,0.7370381531530035,57,-0.001906396
Achillea,Reichardia,10,5.5,2.9477792334166737,5.123889616708337,3.6343337700250022,6.279111693366669,3.673889616708337,High_Plateau,0.8142264917949199,0.9848403461119144,21,-0.001114895
Achillea,Reseda,10,5.5,2.5970107200147763,4.948505360007388,3.529103216004433,6.138804288005911,3.498505360007388,High_Plateau,0.6482093887805466,0.8091039065089362,40,-0.001781809
Achillea,Rhamnus,10,5.5,6.2968089738279724,6.798404486913986,4.639042692148392,7.618723589531189,5.348404486913987,High_Plateau,0.4475299323959447,0.4240761921584683,42,-0.00124602
Achillea,Rhus,10,5.5,6.232627550735924,6.766313775367962,4.619788265220777,7.59305102,5.316313775367963,High_Plateau,0.5442832063691423,0.6094127381531277,41,-0.001491901
Achillea,Rhynchospora,10,5.5,3.9322150970992547,5.6161075485496275,3.9296645291297763,6.672886038839702,4.166107548549627,High_Plateau,0.4601192573154325,0.4986469349796955,48,-0.001631143
Achillea,Ribes,10,5.5,6.170108087114588,6.7350540435572945,4.601032426134377,7.5680432348458355,5.285054043557294,High_Plateau,0.6976149569014072,0.8668623207275489,35,-0.001997651
Achillea,Robinia,10,5.5,6.238578824956182,6.769289412478091,4.621573647486855,7.5954315299824735,5.319289412478091,High_Plateau,0.6487832006793202,0.8677822652418399,47,-0.001764251
Achillea,Romulea,10,5.5,3.878477036921363,5.589238518460681,3.913543111076409,6.651390814768545,4.139238518460681,High_Plateau,0.5401779745768551,0.675272306,50,-0.001979046
Achillea,Rorippa,10,5.5,3.0819669522790867,5.190983476139543,3.674590085683726,6.3327867809116345,3.7409834761395437,High_Plateau,0.6415576553294291,0.8370242803641559,45,-0.002421561
Achillea,Rosa,10,5.5,6.208807430514315,6.754403715257157,4.612642229154295,7.583522972205726,5.304403715257157,High_Plateau,0.6672790431632302,0.87198914,43,-0.002223762
Achillea,Rostraria,10,5.5,2.065802526150606,4.682901263075303,3.369740757845182,5.926321010460242,3.232901263075303,High_Plateau,0.3659579020662188,0.4253685979356854,62,-0.001510544
Achillea,Rubia,10,5.5,3.6640072499589817,5.482003624979491,3.8492021749876946,6.565602899983593,4.032003624979491,High_Plateau,0.7228383858110111,0.9173897898377176,35,-0.002400708
Achillea,Rubus,10,5.5,6.151578084792352,6.725789042396176,4.595473425437706,7.560631233916941,5.275789042396176,High_Plateau,0.4775229135028219,0.484117882,42,-0.001524656
Achillea,Rudbeckia,10,5.5,3.603442494435681,5.451721247,3.8310327483307045,6.541376997774273,4.001721247217841,High_Plateau,0.7904872086404254,0.9867518276734346,27,-0.001489792
Achillea,Ruellia,10,5.5,3.9796148328727297,5.639807416436365,3.9438844498618186,6.691845933149092,4.189807416436365,High_Plateau,0.5449413982422013,0.577843199,37,-0.00144585
Achillea,Rumex,10,5.5,3.5553650613273193,5.427682531,3.816609518398196,6.522146024530928,3.977682531,High_Plateau,0.5194588836149561,0.5514840782561382,40,-0.00118772
Achillea,Ruppia,10,5.5,3.5031405255918577,5.401570262795929,3.8009421576775573,6.501256210236743,3.9515702627959293,High_Plateau,0.4788340171515607,0.4620817826589917,39,-0.001520797
Achillea,Ruscus,10,5.5,4.905203726612919,6.102601863306459,4.2215611179838755,7.062081490645168,4.652601863,High_Plateau,0.610796197,0.8165030311724647,50,-0.001950446
Achillea,Ruta,10,5.5,3.620669116921213,5.460334558460606,3.836200735076364,6.548267646768485,4.010334558460607,High_Plateau,0.6880024893730042,0.9133049001281406,43,-0.0015681
Achillea,Sagina,10,5.5,3.1035364373950594,5.201768219,3.681060931218518,6.341414574958024,3.7517682186975296,High_Plateau,0.6763633998907476,0.8572340662956599,39,-0.001988387
Achillea,Salicornia,10,5.5,2.5268984347183485,4.913449217359174,3.5080695304155043,6.110759374,3.4634492173591744,High_Plateau,0.4742359586803091,0.4448520340439457,38,-0.002448529
Achillea,Salix,10,5.5,5.804034425580276,6.552017212790138,4.491210327674082,7.42161377,5.1020172127901375,High_Plateau,0.4790300666181901,0.503512614,44,-0.001235008
Achillea,Salsola,10,5.5,3.389820934389353,5.344910467194676,3.766946280316806,6.455928373755741,3.8949104671946766,High_Plateau,0.4846764979106854,0.4410873761114853,35,-0.002507518
Achillea,Salvia,10,5.5,3.9834993921612774,5.641749696080638,3.9450498176483833,6.693399756864511,4.191749696080639,High_Plateau,0.6527817828941742,0.8266845839225583,41,-0.002865365
Achillea,Salvinia,10,5.5,2.0016509478710267,4.650825473935513,3.350495284361308,5.900660379148411,3.2008254739355135,High_Plateau,0.389719341,0.3496080140277656,47,-0.001531595
Achillea,Sambucus,10,5.5,5.961521702551938,6.630760851275969,4.538456510765581,7.4846086810207755,5.180760851275969,High_Plateau,0.7427376583574039,0.8748972107678215,25,-0.001903991
Achillea,Samolus,10,5.5,3.654250360129126,5.477125180064563,3.8462751080387374,6.561700144051651,4.027125180064563,High_Plateau,0.7389317835141463,0.9166652863540884,31,-0.002227775
Achillea,Santolina,10,5.5,6.169599922605091,6.734799961302546,4.600879976781528,7.567839969042037,5.284799961302546,High_Plateau,0.8477556791334112,0.9796199605456208,7,-0.215063559
Achillea,Sapindus,10,5.5,6.225431448271633,6.762715724135816,4.617629434,7.590172579308653,5.312715724135817,High_Plateau,0.6340557030718588,0.8054089519084268,43,-0.001556222
Achillea,Saponaria,10,5.5,3.1510222832693833,5.2255111416346915,3.6953066849808147,6.3604089133077535,3.775511141634692,High_Plateau,0.6970150979019636,0.9067439699563552,40,-0.001925035
Achillea,Sarcocapnos,10,5.5,3.998129161802032,5.649064580901015,3.9494387485406097,6.699251664720813,4.199064580901016,High_Plateau,0.5435673701589361,0.5668296910221752,36,-0.00121448
Achillea,Satureja,10,5.5,4.4465177253814705,5.873258862690735,4.083955317614441,6.878607090152588,4.423258862690735,High_Plateau,0.6365713647156648,0.8106861996270073,43,-0.002785844
Achillea,Saxifraga,10,5.5,3.7348198693538937,5.517409934676946,3.870445960806168,6.593927947741557,4.067409934676947,High_Plateau,0.6778353428262226,0.8354579579589094,36,-0.001676088
Achillea,Scabiosa,10,5.5,3.301833722904436,5.300916861452218,3.7405501168713307,6.420733489161774,3.8509168614522182,High_Plateau,0.5334444761171775,0.4729023403663043,27,-0.00266968
Achillea,Scandix,10,5.5,2.7903589734721663,5.0451794867360835,3.587107692,6.216143589388866,3.5951794867360833,High_Plateau,0.694408908,0.8440754973558817,33,-0.002315808
Achillea,Schinus,10,5.5,6.173847933343313,6.7369239666716565,4.602154380002994,7.569539173337326,5.286923966671656,High_Plateau,0.5402113478798183,0.5931682200585113,40,-0.002083786
Achillea,Schismus,10,5.5,2.065802526150606,4.682901263075303,3.369740757845182,5.926321010460242,3.232901263075303,High_Plateau,0.4029630639764103,0.4253685979356854,53,-0.001321939
Achillea,Schoenoplectus,10,5.5,3.4009899140738895,5.350494957036945,3.770296974222167,6.460395965629556,3.900494957036945,High_Plateau,0.4407044907037613,0.4928843040637921,52,-0.002582093
Achillea,Schoenus,10,5.5,3.632029422044682,5.466014711022341,3.8396088266134045,6.5528117688178735,4.016014711022342,High_Plateau,0.4473066331325469,0.4484841894842458,45,-0.002231328
Achillea,Scilla,10,5.5,4.010250948780125,5.655125474390062,3.9530752846340373,6.704100379512051,4.205125474390062,High_Plateau,0.6003983213984538,0.7875630536413286,49,-0.002325205
Achillea,Scirpus,10,5.5,3.565489044093082,5.432744522046541,3.8196467132279244,6.526195617637233,3.9827445220465414,High_Plateau,0.4088432849092273,0.4371296066034452,53,-0.001324773
Achillea,Scleranthus,10,5.5,2.779827660057462,5.0399138300287305,3.583948298017239,6.211931064022985,3.589913830028731,High_Plateau,0.6965556464247672,0.897547572,39,-0.001633449
Achillea,Scolymus,10,5.5,2.7012833582470304,5.000641679123515,3.560385007474109,6.180513343298812,3.5506416791235154,High_Plateau,0.8221178198206647,0.9843309864576328,19,-0.001846597
Achillea,Scorpiurus,10,5.5,1.9421142157116607,4.6210571078558305,3.3326342647134983,5.876845686284664,3.1710571078558303,High_Plateau,0.443453477,0.473599927,49,-0.001958014
Achillea,Scorzonera,10,5.5,3.6103089297823914,5.455154464891196,3.833092678934717,6.544123571912957,4.005154464891196,High_Plateau,0.8329178574969619,0.9809468106477424,16,-0.000213013
Achillea,Scrophularia,10,5.5,3.7841425449771076,5.5420712724885535,3.885242763493132,6.613657017990843,4.092071272488554,High_Plateau,0.6368658429082561,0.7945945458500533,41,-0.001574574
Achillea,Scutellaria,10,5.5,3.7888109119947355,5.544405455997367,3.8866432735984207,6.615524364797894,4.094405455997368,High_Plateau,0.6623230367324148,0.8373758200961291,40,-0.002004898
Achillea,Sedum,10,5.5,3.5611958552384464,5.430597927619223,3.818358756571534,6.524478342095379,3.9805979276192236,High_Plateau,0.661186314,0.8186293792065569,38,-0.001831703
Achillea,Selaginella,10,5.5,3.6881789707921113,5.494089485396056,3.8564536912376335,6.575271588316845,4.044089485396055,High_Plateau,0.6577455681638672,0.8365801462736371,41,-0.002705324
Achillea,Senecio,10,5.5,3.587364626036389,5.443682313018194,3.8262093878109167,6.534945850414555,3.9936823130181947,High_Plateau,0.8063602334467926,0.928266021,16,-0.002385305
Achillea,Senna,10,5.5,5.441891872022694,6.370945936011347,4.382567561606808,7.276756748809078,4.920945936011347,High_Plateau,0.5299179100965805,0.5973145494083218,43,-0.002462139
Achillea,Serapias,10,5.5,3.6883370057822518,5.494168502891126,3.8565011017346755,6.575334802,4.044168502891126,High_Plateau,0.6862608375475123,0.9180441338672428,44,-0.001584897
Achillea,Serratula,10,5.5,3.796466516254705,5.548233258127352,3.8889399548764114,6.618586606501882,4.098233258127353,High_Plateau,0.806553521,0.9858080279791062,23,-0.000491232
Achillea,Sesamoides,10,5.5,3.8616131705623293,5.580806585281165,3.908483951168699,6.644645268224932,4.130806585281165,High_Plateau,0.3653202148350559,0.2433255586179549,40,-0.001781809
Achillea,Seseli,10,5.5,3.5948881773485044,5.447444088674252,3.8284664532045514,6.537955270939402,3.9974440886742526,High_Plateau,0.6506243201586888,0.7975348257974713,38,-0.001978873
Achillea,Setaria,10,5.5,2.4416818518070995,4.870840926,3.4825045555421297,6.076672741,3.420840926,High_Plateau,0.3868706089406292,0.4344230973186194,58,-0.002039534
Achillea,Sideritis,10,5.5,3.8541230181701414,5.577061509085071,3.9062369054510424,6.641649207268056,4.127061509,High_Plateau,0.4594799322347133,0.4727737298346694,45,-0.001946039
Achillea,Silene,10,5.5,2.9842739597417003,5.14213698,3.645282188,6.293709584,3.6921369798708503,High_Plateau,0.5913867063114594,0.679053182,38,-0.001946794
Achillea,Silybum,10,5.5,2.0679262794718483,4.6839631397359245,3.3703778838415546,5.927170512,3.2339631397359243,High_Plateau,0.7844461254154914,0.9417954599833164,23,-0.001502347
Achillea,Sinapis,10,5.5,2.109882586667602,4.704941293333801,3.3829647760002803,5.943953034667041,3.2549412933338013,High_Plateau,0.5332869881705128,0.7190601004307037,57,-0.002156648
Achillea,Sisymbrium,10,5.5,2.1026867402990184,4.701343370149509,3.3808060220897054,5.941074696119608,3.2513433701495096,High_Plateau,0.5923113163711959,0.7630550591482652,48,-0.001751173
Achillea,Smilax,10,5.5,4.774265488685553,6.0371327443427765,4.182279646605666,7.009706195474221,4.587132744342776,High_Plateau,0.4016587620141889,0.3325402312277052,42,-0.00227792
Achillea,Smyrnium,10,5.5,2.0289713800640037,4.664485690032002,3.358691414019201,5.911588552025602,3.214485690032002,High_Plateau,0.6213842284249096,0.6978312064932184,33,-0.001341145
Achillea,Solanum,10,5.5,3.962478414215044,5.631239207107522,3.9387435242645132,6.684991365686018,4.181239207107522,High_Plateau,0.6753931417567287,0.855212906,39,-0.001585169
Achillea,Solidago,10,5.5,3.629829520113572,5.464914760056786,3.8389488560340714,6.551931808045429,4.0149147600567865,High_Plateau,0.7948964090927523,0.987475812,26,-0.0021136
Achillea,Sonchus,10,5.5,2.598119890642406,4.949059945321203,3.529435967192722,6.139247956256963,3.4990599453212035,High_Plateau,0.8216373481672307,0.9834286568485652,19,-0.002139666
Achillea,Sorghum,10,5.5,2.961524087459576,5.130762043729788,3.6384572262378727,6.2846096349838305,3.6807620437297883,High_Plateau,0.4682861175267521,0.5478750165212578,52,-0.001719387
Achillea,Sparganium,10,5.5,3.7336203067661122,5.516810153383056,3.8700860920298337,6.5934481227064445,4.066810153383056,High_Plateau,0.5267422461019475,0.5743441847916959,41,-0.001558737
Achillea,Spergula,10,5.5,2.2315298649793087,4.765764932489654,3.4194589594937925,5.992611945991724,3.3157649324896545,High_Plateau,0.6020032081880292,0.7003413802078075,38,-0.002222764
Achillea,Spergularia,10,5.5,2.7341922166518318,5.017096108325916,3.5702576649955495,6.193676886660732,3.567096108325916,High_Plateau,0.6243239654029196,0.728548501,36,-0.002242576
Achillea,Sphaeralcea,10,5.5,3.734458512044742,5.517229256022371,3.870337553613423,6.593783404817897,4.0672292560223715,High_Plateau,0.4682485491762335,0.5398326984061835,51,-0.00297937
Achillea,Spiraea,10,5.5,6.224320723768358,6.762160361884179,4.617296217130507,7.5897282895073435,5.312160361884179,High_Plateau,0.6429542947222483,0.806942374,41,-0.002429198
Achillea,Spiranthes,10,5.5,3.9760569351115542,5.6380284675557775,3.942817080533466,6.690422774044622,4.188028467555777,High_Plateau,0.6100138099192061,0.8065781404350454,49,-0.001245754
Achillea,Sporobolus,10,5.5,3.598546037521562,5.449273018760781,3.8295638112564685,6.539418415008625,3.999273018760781,High_Plateau,0.4605570507301268,0.5326399241792018,52,-0.002834593
Achillea,Stachys,10,5.5,3.562390106573515,5.431195053286757,3.8187170319720547,6.524956042629406,3.9811950532867577,High_Plateau,0.6458121689941877,0.8373178846776806,44,-0.002440336
Achillea,Staehelina,10,5.5,6.311018385480027,6.805509192740013,4.643305515644008,7.6244073541920105,5.355509192740014,High_Plateau,0.7538013057214945,0.8393015358450117,18,-0.000960375
Achillea,Stellaria,10,5.5,3.1180143819329373,5.209007190966469,3.6854043145798814,6.347205752773175,3.759007190966469,High_Plateau,0.6653828748216606,0.8434036563945522,40,-0.001545698
Achillea,Sternbergia,10,5.5,3.936916865084059,5.618458432542029,3.9310750595252175,6.674766746033624,4.168458433,High_Plateau,0.4696298593413687,0.5176570205158175,48,-0.00157555
Achillea,Stipa,10,5.5,3.833998828082361,5.566999414041181,3.9001996484247083,6.633599531232944,4.116999414041181,High_Plateau,0.4576542521456561,0.5348977203734449,53,-0.002055669
Achillea,Stipagrostis,10,5.5,3.770642705522444,5.535321352761222,3.8811928116567334,6.6082570822089775,4.085321352761222,High_Plateau,0.3978383209033658,0.3497090336290095,45,-0.003038671
Achillea,Suaeda,10,5.5,3.315244875187119,5.307622438,3.7445734625561355,6.426097950074848,3.8576224375935597,High_Plateau,0.5032095564058024,0.4945783018791235,37,-0.002439781
Achillea,Succisa,10,5.5,3.8197948042293834,5.559897402114691,3.895938441268815,6.627917921691754,4.109897402114692,High_Plateau,0.7162696454306328,0.8466369277146945,28,-0.001995034
Achillea,Succowia,10,5.5,1.959534210188886,4.629767105094443,3.337860263056666,5.883813684075554,3.1797671050944434,High_Plateau,0.5886968061527799,0.7065703804405875,42,-0.002048224
Achillea,Taeniatherum,10,5.5,3.7726217455049267,5.5363108727524635,3.8817865236514777,6.6090486982019705,4.086310872752463,High_Plateau,0.340658494,0.3501140796782304,59,-0.001519703
Achillea,Tagetes,10,5.5,1.8409678521025667,4.570483926051283,3.302290356,5.836387140841027,3.1204839260512838,High_Plateau,0.6936905043927983,0.6943754699484731,15,-0.00072573
Achillea,Tamarix,10,5.5,6.198230673880428,6.749115336940214,4.609469202164128,7.579292269552171,5.299115336940214,High_Plateau,0.3567659159842711,0.1687880358149932,33,-0.002308416
Achillea,Tanacetum,10,5.5,3.619111066,5.4595555328994845,3.835733319739691,6.547644426319588,4.009555532899485,High_Plateau,0.8631889729404545,0.9876605487953158,7,-0.100933563
Achillea,Taraxacum,10,5.5,3.8312366718299864,5.565618335914993,3.899371001548996,6.632494668731995,4.115618335914993,High_Plateau,0.7809498488412278,0.885602271,17,-0.002074509
Achillea,Taxus,10,5.5,6.292542904651731,6.796271452325866,4.637762871,7.6170171618606926,5.346271452325865,High_Plateau,0.4636870814721119,0.4402263497948547,40,-0.002617099
Achillea,Terminalia,10,5.5,6.293663233724119,6.796831616862059,4.638098970117236,7.617465293489648,5.346831617,High_Plateau,0.5677542428115552,0.6320613310679473,38,-0.003312172
Achillea,Teucrium,10,5.5,5.086018427969194,6.193009213984597,4.275805528390758,7.134407371187677,4.743009213984597,High_Plateau,0.4692389223316222,0.4511128775777717,40,-0.001531329
Achillea,Thalictrum,10,5.5,3.731133447221191,5.515566723610595,3.869340034166357,6.592453378888477,4.065566723610596,High_Plateau,0.6029941832618202,0.7021098496947519,38,-0.001155361
Achillea,Thapsia,10,5.5,3.8230202376223974,5.561510118811198,3.896906071286719,6.629208095048959,4.111510118811199,High_Plateau,0.6881025261013725,0.8560473115885145,36,-0.001951023
Achillea,Thelypteris,10,5.5,3.853789852517497,5.576894926258748,3.906136955755249,6.641515941006999,4.126894926258749,High_Plateau,0.4793659944452451,0.5618963216105171,51,-0.002123033
Achillea,Themeda,10,5.5,3.770642705522444,5.535321352761222,3.8811928116567334,6.6082570822089775,4.085321352761222,High_Plateau,0.352780633,0.3497090336290095,56,-0.001560761
Achillea,Thesium,10,5.5,3.5569413051499343,5.428470652574967,3.8170823915449805,6.522776522059974,3.978470652574967,High_Plateau,0.636653082,0.7120893110227406,31,-0.002134908
Achillea,Thunbergia,10,5.5,3.871236515914146,5.585618257957073,3.911370954774244,6.6484946063656585,4.1356182579570735,High_Plateau,0.5106333906006734,0.5010080058966745,36,-0.00144585
Achillea,Thymelaea,10,5.5,5.526067858322446,6.413033929161223,4.407820357496734,7.310427143328979,4.963033929161224,High_Plateau,0.4475760132780487,0.4160028600858855,41,-0.001514442
Achillea,Thymus,10,5.5,5.20160188,6.25080094,4.310480563959776,7.180640751946369,4.8008009399329605,High_Plateau,0.6294074494522119,0.8207101176313588,46,-0.001256916
Achillea,Tilia,10,5.5,6.367800422463333,6.833900211231667,4.6603401267389994,7.647120168985333,5.3839002112316665,High_Plateau,0.4609793832271978,0.4756831608312898,45,-0.001498684
Achillea,Tolpis,10,5.5,2.9368511146176712,5.118425557308836,3.6310553343853016,6.274740445847069,3.6684255573088356,High_Plateau,0.8146254541597138,0.9857667564093318,21,-0.001757323
Achillea,Tordylium,10,5.5,2.0181500349114123,4.659075017455706,3.3554450104734235,5.9072600139645655,3.2090750174557066,High_Plateau,0.6063495594157393,0.7007848522269362,37,-0.002072503
Achillea,Torilis,10,5.5,1.9787921648032711,4.639396082401635,3.343637649440981,5.891516865921309,3.1893960824016356,High_Plateau,0.6214045712590117,0.7145334228071938,35,-0.002457018
Achillea,Trachelium,10,5.5,3.998129161802032,5.649064580901015,3.9494387485406097,6.699251664720813,4.199064580901016,High_Plateau,0.5805407448677231,0.5668296910221752,27,-0.001343746
Achillea,Tradescantia,10,5.5,3.847248925282053,5.5736244626410265,3.9041746775846162,6.638899570112821,4.123624462641027,High_Plateau,0.6774478303323315,0.8921879276307473,43,-0.001529828
Achillea,Tragopogon,10,5.5,2.258471591174839,4.779235796,3.4275414773524515,6.003388636469936,3.3292357955874197,High_Plateau,0.8272446365751158,0.969600369,16,-0.000213013
Achillea,Tragus,10,5.5,2.1275522727678062,4.713776136383903,3.388265681830342,5.951020909107123,3.2637761363839033,High_Plateau,0.3757304181192232,0.3957912158819959,56,-0.002473816
Achillea,Trifolium,10,5.5,2.693158789427662,4.996579394713831,3.5579476368282985,6.177263515771065,3.546579394713831,High_Plateau,0.5895836335986261,0.7988350841199978,53,-0.002448674
Achillea,Triglochin,10,5.5,3.5333024367221935,5.416651218361096,3.809990731016658,6.513320974688877,3.966651218361097,High_Plateau,0.4606355605032834,0.4341224927725625,40,-0.002613023
Achillea,Trigonella,10,5.5,1.949098974347136,4.624549487173568,3.334729692304141,5.879639589738854,3.174549487173568,High_Plateau,0.5788374674904715,0.8017746577700042,56,-0.001320532
Achillea,Trisetum,10,5.5,3.554220181908964,5.427110090954482,3.816266054572689,6.5216880727635855,3.977110090954482,High_Plateau,0.4459835289264129,0.5855124305950605,62,-0.001973439
Achillea,Triticum,10,5.5,2.0877469495697825,4.693873474784891,3.3763240848709346,5.935098779827913,3.243873474784891,High_Plateau,0.5546681271601384,0.7863053820625594,60,-0.001283995
Achillea,Tuberaria,10,5.5,3.2447881997702415,5.272394099885121,3.7234364599310723,6.397915279908097,3.8223940998851207,High_Plateau,0.6198248844975145,0.7933783581205547,45,-0.001519658
Achillea,Tulipa,10,5.5,4.108740762549096,5.704370381274548,3.982622228764729,6.743496305019638,4.254370381274548,High_Plateau,0.5860805842433147,0.75054147,48,-0.00149055
Achillea,Typha,10,5.5,3.765375640655837,5.532687820327919,3.8796126921967513,6.606150256262335,4.082687820327918,High_Plateau,0.5711838057738237,0.6632273041354482,41,-0.001558737
Achillea,Ulex,10,5.5,6.358246717214275,6.829123358607138,4.657474015164283,7.643298686885711,5.379123358607138,High_Plateau,0.646805744,0.8554896824266998,46,-0.001171791
Achillea,Ulmus,10,5.5,6.117735198862977,6.708867599431489,4.585320559658893,7.547094079545191,5.258867599431489,High_Plateau,0.4685485537084854,0.4580609630076027,41,-0.002079552
Achillea,Umbilicus,10,5.5,3.6883370057822518,5.494168502891126,3.8565011017346755,6.575334802,4.044168502891126,High_Plateau,0.7026895597571056,0.9180441338672428,40,-0.001681236
Achillea,Urospermum,10,5.5,2.7012833582470304,5.000641679123515,3.560385007474109,6.180513343298812,3.5506416791235154,High_Plateau,0.8262689704834872,0.9843309864576328,18,-0.001430981
Achillea,Urtica,10,5.5,2.9883237682948027,5.144161884147401,3.6464971304884406,6.295329507317922,3.6941618841474018,High_Plateau,0.4380469614350562,0.4215255527110089,44,-0.001130752
Achillea,Utricularia,10,5.5,3.5029970021078327,5.401498501053917,3.800899101,6.501198800843133,3.9514985010539165,High_Plateau,0.6823116161229068,0.8279379925604567,34,-0.001505308
Achillea,Valantia,10,5.5,2.5326962195993037,4.916348109799651,3.509808865879791,6.113078487839721,3.466348109799652,High_Plateau,0.6555971650661192,0.7991559048322433,37,-0.001451709
Achillea,Verbascum,10,5.5,2.2435286048171177,4.771764302408559,3.4230585814451353,5.997411441926847,3.321764302408559,High_Plateau,0.6372375706648088,0.8035133026840885,42,-0.00135519
Achillea,Verbesina,10,5.5,3.359954279593936,5.329977139796968,3.757986283878181,6.443981711837575,3.879977139796968,High_Plateau,0.7398224961245712,0.8936124516760606,28,-0.001344146
Achillea,Veronica,10,5.5,3.0173627781032546,5.158681389051627,3.6552088334309762,6.306945111241302,3.7086813890516277,High_Plateau,0.651359594,0.8153129564120535,40,-0.001325008
Achillea,Viburnum,10,5.5,6.394965104269188,6.8474825521345934,4.668489531280756,7.657986041707675,5.397482552134594,High_Plateau,0.6918661251785081,0.773154144,25,-0.001903991
Achillea,Vicia,10,5.5,2.6536205840695266,4.976810292034763,3.546086175220858,6.1614482336278105,3.5268102920347637,High_Plateau,0.622165628,0.8638307447704634,53,-0.001607029
Achillea,Vigna,10,5.5,2.8308095145325876,5.065404757266293,3.599242854359776,6.232323805813035,3.615404757266294,High_Plateau,0.6372190639543684,0.8693669627743659,50,-0.002041435
Achillea,Vinca,10,5.5,3.840092792008389,5.570046396004194,3.9020278376025166,6.636037116803356,4.120046396004195,High_Plateau,0.6739438024456081,0.8194656439108167,35,-0.001725812
Achillea,Vincetoxicum,10,5.5,4.059663960274547,5.679831980137273,3.967899188082364,6.723865584109818,4.2298319801372735,High_Plateau,0.648244704,0.8255319213322175,42,-0.001376951
Achillea,Viscum,10,5.5,6.703374620262156,7.001687310131078,4.761012386078646,7.781349848104862,5.5516873101310775,High_Plateau,0.3602345715901562,0.1921106219479359,35,-0.00204301
Achillea,Wisteria,10,5.5,6.277565188903947,6.788782594451973,4.633269556671184,7.611026075561579,5.338782594451974,High_Plateau,0.6429139821317394,0.8563043381952743,47,-0.003066801
Achillea,Withania,10,5.5,6.314913812092288,6.807456906046144,4.644474143627686,7.625965524836916,5.357456906046144,High_Plateau,0.3943277732786104,0.260342569,35,-0.002270729
Achillea,Wolffia,10,5.5,3.885862735186126,5.592931367593063,3.915758820555838,6.654345094074451,4.1429313675930635,High_Plateau,0.4600986093298892,0.457428609,43,-0.001225446
Achillea,Xanthium,10,5.5,2.0249777130171607,4.662488857,3.357493313905148,5.9099910852068644,3.2124888565085805,High_Plateau,0.714683908,0.7940683338682594,22,-0.001584782
Achillea,Xeranthemum,10,5.5,1.9913223063047318,4.645661153152366,3.3473966918914195,5.896528922521893,3.195661153152366,High_Plateau,0.8075917490429154,0.9470670842004448,18,-0.001883684
Achillea,Yucca,10,5.5,4.603399970341613,5.951699985170807,4.131019991102484,6.941359988136645,4.501699985170807,High_Plateau,0.4748662022323535,0.5527601394190028,51,-0.001440045
Achillea,Zinnia,10,5.5,2.066987537125782,4.683493768562891,3.3700962611377347,5.926795014850313,3.2334937685628913,High_Plateau,0.7146735646321991,0.7858235558482649,21,-0.001560215
Achillea,Ziziphora,10,5.5,1.9987593013425562,4.649379650671278,3.3496277904027667,5.899503720537023,3.199379650671278,High_Plateau,0.5652714332767934,0.7007712594265534,47,-0.001826896
Achillea,Ziziphus,10,5.5,6.184159848,6.742079924,4.605247954524164,7.573663939365552,5.292079924,High_Plateau,0.3684655192498593,0.2496837382180457,40,-0.002119663
Achnatherum,Achyranthes,10,5.5,5.007657074556039,6.153828537278019,4.252297122366811,7.103062829822416,4.703828537278019,High_Plateau,0.4089668869871568,0.2483885944339008,30,-0.001589171
Achnatherum,Adenocarpus,10,5.5,6.291970657157254,6.795985328578627,4.637591197147176,7.616788262862902,5.345985328578627,High_Plateau,0.3875361493983816,0.2219266509411675,32,-0.001395048
Achnatherum,Adiantum,10,5.5,3.901116005,5.600558002536485,3.920334801521891,6.660446402029188,4.150558002536485,High_Plateau,0.4364678494506532,0.2869636743896646,28,-0.001646727
Achnatherum,Adonis,10,5.5,3.2753034766052136,5.287651738302607,3.7325910429815643,6.410121390642086,3.8376517383026068,High_Plateau,0.4209567083709327,0.2065356797132141,22,-0.001193507
Achnatherum,Aegilops,10,5.5,2.1718941472138606,4.735947074,3.4015682441641584,5.968757658885544,3.2859470736069305,High_Plateau,0.596443314,0.5329594683120294,19,-0.001734063
Achnatherum,Aeluropus,10,5.5,4.049432918592644,5.674716459296322,3.9648298755777933,6.719773167437058,4.224716459296323,High_Plateau,0.6888284519649477,0.6684906055681723,13,-0.002113714
Achnatherum,Aeonium,10,5.5,6.211211760454156,6.755605880227078,4.613363528136247,7.584484704181662,5.305605880227079,High_Plateau,0.4067956251387385,0.2192977643615891,27,-0.00113531
Achnatherum,Aesculus,10,5.5,6.238555423877485,6.769277711938742,4.621566627163245,7.595422169550995,5.319277711938742,High_Plateau,0.4091698155774955,0.224133625,27,-0.00157271
Achnatherum,Agave,10,5.5,3.7571735781293962,5.528586789064698,3.8771520734388187,6.602869431251759,4.0785867890646985,High_Plateau,0.4845888773896667,0.3338125286980892,22,-0.001256061
Achnatherum,Ageratina,10,5.5,5.0939622412604555,6.196981120630228,4.278188672378136,7.137584896504182,4.7469811206302275,High_Plateau,0.3462837122837982,0.2299578143688015,43,-0.002020442
Achnatherum,Agrimonia,10,5.5,3.841585730216329,5.570792865108165,3.9024757190648987,6.636634292086532,4.1207928651081644,High_Plateau,0.4485982324551029,0.3111776849844003,28,-0.00141295
Achnatherum,Agropyron,10,5.5,4.006312062,5.653156031164199,3.951893619,6.702524825,4.203156031,High_Plateau,0.6964823763876337,0.7081722181473059,16,-0.000694861
Achnatherum,Agrostemma,10,5.5,2.0260278266151492,4.663013913307575,3.3578083479845446,5.910411131,3.2130139133075746,High_Plateau,0.3563789714532512,0.143136759,30,-0.00120915
Achnatherum,Agrostis,10,5.5,3.644301135951522,5.472150567975761,3.8432903407854564,6.557720454380609,4.022150567975761,High_Plateau,0.6754476458623039,0.6582493195921272,15,-0.002523564
Achnatherum,Aira,10,5.5,2.0960074820342904,4.698003741017145,3.378802244610287,5.9384029928137165,3.248003741017145,High_Plateau,0.6223846699462036,0.5433022405040897,14,0.000486182
Achnatherum,Ajuga,10,5.5,3.589086402337351,5.444543201168676,3.826725920701205,6.535634560934941,3.9945432011686757,High_Plateau,0.3973662234677418,0.2744014359158336,36,-0.001084671
Achnatherum,Albizia,10,5.5,6.164354751038708,6.732177375519354,4.599306425311612,7.565741900415484,5.282177375519354,High_Plateau,0.4002768164976507,0.2309436942932091,30,-0.001265375
Achnatherum,Alcea,10,5.5,3.906141739,5.603070869,3.9218425215838577,6.662456695445144,4.153070869,High_Plateau,0.3770891322785116,0.2341050126956544,36,-0.002373467
Achnatherum,Alchemilla,10,5.5,4.009400507425856,5.654700253712928,3.9528201522277566,6.703760202970343,4.204700253712929,High_Plateau,0.3886388092830504,0.2158655608559841,31,-0.00115889
Achnatherum,Alisma,10,5.5,4.122294058683391,5.711147029341696,3.986688217605017,6.748917623473357,4.2611470293416955,High_Plateau,0.448756276,0.2292762393721212,18,-0.001284188
Achnatherum,Alkanna,10,5.5,3.5992125008723663,5.449606250436183,3.82976375,6.539685000348946,3.9996062504361833,High_Plateau,0.4558938275385282,0.3178039645321828,27,-0.002684287
Achnatherum,Allium,10,5.5,3.922675939628208,5.6113379698141035,3.9268027818884623,6.669070375851284,4.161337969814104,High_Plateau,0.4758533156557166,0.2672568395621275,16,-0.002408576
Achnatherum,Allocasuarina,10,5.5,6.223489370486672,6.761744685243336,4.617046811146002,7.589395748194669,5.311744685243337,High_Plateau,0.4138899150160623,0.2419345124999068,28,-0.002280262
Achnatherum,Alnus,10,5.5,6.182310504914259,6.741155252,4.604693151474278,7.572924201965703,5.291155252,High_Plateau,0.4004512183933716,0.2149815706180201,28,-0.001902518
Achnatherum,Aloe,10,5.5,5.316642455783978,6.308321227891989,4.344992736735193,7.2266569823135915,4.858321228,High_Plateau,0.4477928277847258,0.2356541534140949,19,-0.001712352
Achnatherum,Alopecurus,10,5.5,3.3993154973004356,5.349657748650218,3.7697946491901306,6.459726198920174,3.8996577486502177,High_Plateau,0.6372889246524257,0.6146804986276001,19,-0.00188311
Achnatherum,Alternanthera,10,5.5,3.6549128991148376,5.477456449557419,3.846473869734451,6.561965159645935,4.027456449557419,High_Plateau,0.4169725778853197,0.2726887876979544,31,-0.001937338
Achnatherum,Althaea,10,5.5,3.1503901505599363,5.225195075279968,3.695117045167981,6.360156060223975,3.775195075279968,High_Plateau,0.3580810819550679,0.1959742735811599,36,-0.001800274
Achnatherum,Alyssum,10,5.5,3.183564853754072,5.241782426877036,3.7050694561262216,6.373425941501629,3.7917824268770364,High_Plateau,0.39058831,0.2364283804499696,33,-0.002286202
Achnatherum,Amaranthus,10,5.5,2.074990283752599,4.687495141876299,3.3724970851257794,5.929996114,3.2374951418762996,High_Plateau,0.3696521569404395,0.1451249324693782,27,-0.001705833
Achnatherum,Amelanchier,10,5.5,6.203879524403262,6.751939762201631,4.611163857320978,7.581551809761304,5.301939762201631,High_Plateau,0.3942739911852784,0.2190243254715235,30,-0.001696784
Achnatherum,Ammi,10,5.5,2.0472504517249765,4.673625225862488,3.3641751355174927,5.918900180689991,3.2236252258624885,High_Plateau,0.3257549271055975,0.1394756681609361,37,-0.001472905
Achnatherum,Amorpha,10,5.5,6.295710538487638,6.7978552692438186,4.638713161546291,7.618284215395056,5.347855269243819,High_Plateau,0.4042883341792531,0.2226537768891906,28,-0.001892392
Achnatherum,Anabasis,10,5.5,6.166553131610995,6.733276565805498,4.599965939483298,7.566621252644398,5.283276565805497,High_Plateau,0.3946781540722411,0.211545854,29,-0.00135869
Achnatherum,Anacyclus,10,5.5,2.5780096948046287,4.939004847402314,3.5234029084413887,6.131203877921852,3.4890048474023145,High_Plateau,0.3104478117625276,0.174547745,45,-0.00113732
Achnatherum,Anarrhinum,10,5.5,2.9409441627060238,5.120472081353012,3.632283248811807,6.276377665,3.670472081353012,High_Plateau,0.3657973742041453,0.1949198525183919,34,-0.001557027
Achnatherum,Anchusa,10,5.5,2.8633805214994466,5.081690260749723,3.6090141564498337,6.245352208599779,3.6316902607497235,High_Plateau,0.3794838018383771,0.1893553674215613,30,-0.001253887
Achnatherum,Andropogon,10,5.5,3.9786640617398197,5.639332031,3.943599218521946,6.691465624695928,4.189332031,High_Plateau,0.6904141605157379,0.6798662518237286,14,-0.002038969
Achnatherum,Androsace,10,5.5,2.938538810043232,5.119269405021615,3.6315616430129696,6.275415524017292,3.669269405021616,High_Plateau,0.439690251,0.2770228280358168,26,-0.001910263
Achnatherum,Andryala,10,5.5,3.209266471048137,5.254633235524068,3.712779941314441,6.383706588419255,3.8046332355240686,High_Plateau,0.3933072107815777,0.2827985349492509,38,-0.001468512
Achnatherum,Anemone,10,5.5,3.907179032576112,5.603589516288056,3.9221537097728336,6.662871613030445,4.153589516288056,High_Plateau,0.4430302934333082,0.2836973563643098,26,-0.001882478
Achnatherum,Anthemis,10,5.5,3.053120285394043,5.176560142697022,3.665936085618213,6.321248114157617,3.7265601426970214,High_Plateau,0.3192737897921125,0.1840317598338395,44,-0.001393504
Achnatherum,Anthericum,10,5.5,3.982948248629545,5.641474124314772,3.9448844745888634,6.693179299451819,4.191474124314773,High_Plateau,0.4535677666276334,0.2554592914457296,20,-0.001892764
Achnatherum,Anthoxanthum,10,5.5,3.0691430516191938,5.184571525809597,3.670742915485758,6.327657220647678,3.734571525809597,High_Plateau,0.6289686385356307,0.6225637298804513,22,-0.001214456
Achnatherum,Anthriscus,10,5.5,2.656570288337459,4.978285144,3.546971086501238,6.162628115334984,3.5282851441687297,High_Plateau,0.335774411,0.1677190399883252,38,-0.001399033
Achnatherum,Anthyllis,10,5.5,5.099412467346143,6.199706233673071,4.279823740203843,7.139764986938458,4.749706233673072,High_Plateau,0.3541562695544722,0.1962782363585951,37,-0.001472322
Achnatherum,Antinoria,10,5.5,2.5189293401869866,4.909464670093493,3.505678802056096,6.107571736074795,3.4594646700934932,High_Plateau,0.7840887244629051,0.5694677342476696,2,0.9935485733907028
Achnatherum,Antirrhinum,10,5.5,3.6702192001912626,5.485109600095631,3.851065760057379,6.568087680076506,4.035109600095631,High_Plateau,0.3814739822409689,0.250902896,37,-0.001418491
Achnatherum,Aphanes,10,5.5,1.9156099008043417,4.607804950402171,3.3246829702413025,5.866243960321737,3.157804950402171,High_Plateau,0.3684192616017462,0.1754264654933757,31,-0.00115889
Achnatherum,Apium,10,5.5,2.8525153720178054,5.076257686008903,3.6057546116053416,6.241006148807122,3.626257686008903,High_Plateau,0.3880047899710815,0.2311458976770303,33,-0.001708986
Achnatherum,Arabidopsis,10,5.5,2.0730393944175702,4.6865196972087855,3.371911818325271,5.929215757767029,3.2365196972087853,High_Plateau,0.3619148952928266,0.1952756688554366,35,-0.001065008
Achnatherum,Arabis,10,5.5,3.2028659477782755,5.251432973889138,3.7108597843334827,6.3811463791113106,3.801432973889138,High_Plateau,0.4018439605773635,0.2423318851684949,31,-0.001438998
Achnatherum,Arbutus,10,5.5,6.161674965362366,6.730837482681183,4.59850249,7.5646699861449465,5.280837482681183,High_Plateau,0.446497401,0.3069884100084523,28,-0.00147489
Achnatherum,Arceuthobium,10,5.5,4.017893979728529,5.658946989864265,3.9553681939185585,6.707157591891412,4.208946989864264,High_Plateau,0.4138308499314242,0.2334355703618925,27,-0.001472092
Achnatherum,Arenaria,10,5.5,2.935618392977442,5.117809196488721,3.6306855178932325,6.274247357190977,3.6678091964887214,High_Plateau,0.432702812,0.2711435458447824,27,-0.001292345
Achnatherum,Argyrolobium,10,5.5,5.068997533111749,6.184498766555874,4.270699259933525,7.127599013,4.734498766555875,High_Plateau,0.4363410901492471,0.2623016752305916,25,-0.002891995
Achnatherum,Arisaema,10,5.5,3.890020295,5.595010147,3.917006088,6.656008118,4.145010147,High_Plateau,0.4754976625381958,0.291023696,19,-0.001511717
Achnatherum,Arisarum,10,5.5,3.9966798697432564,5.648339934871628,3.949003960922977,6.698671947897303,4.198339934871628,High_Plateau,0.4707643723744253,0.2570590742269959,16,-0.002309182
Achnatherum,Aristida,10,5.5,3.016869884689134,5.158434942344567,3.655060965,6.306747953875654,3.7084349423445673,High_Plateau,0.674738285,0.6075531467260389,9,-0.002711652
Achnatherum,Aristolochia,10,5.5,4.398587539346362,5.8492937696731815,4.069576261803909,6.859435015738545,4.399293769673181,High_Plateau,0.4588258493788246,0.241154386,17,-0.001075081
Achnatherum,Armeria,10,5.5,4.592373929635489,5.946186964817745,4.127712178890647,6.936949571854196,4.496186964817745,High_Plateau,0.4364636487738771,0.2704365649412034,26,-0.001244967
Achnatherum,Arrhenatherum,10,5.5,3.874261388056012,5.587130694028006,3.912278416416804,6.649704555222405,4.137130694028006,High_Plateau,0.7304678603982344,0.8091300936366139,20,-0.001245837
Achnatherum,Artemisia,10,5.5,4.309139416778898,5.804569708389449,4.042741825033669,6.823655766711559,4.354569708389449,High_Plateau,0.4010553611447676,0.298416792,38,-0.002078292
Achnatherum,Arum,10,5.5,3.9531535144329153,5.626576757216458,3.9359460543298743,6.681261405773166,4.176576757216457,High_Plateau,0.4681138790182514,0.2844464294773126,20,-0.00136733
Achnatherum,Arundo,10,5.5,3.7394684475536413,5.519734223776821,3.8718405342660924,6.5957873790214565,4.069734223776821,High_Plateau,0.7672640905526915,0.7846582390932406,8,-0.004074947
Achnatherum,Asparagus,10,5.5,3.6562828320257257,5.478141416012862,3.8468848496077177,6.562513133,4.028141416012863,High_Plateau,0.4813142821344527,0.3110428256063478,20,-0.002345279
Achnatherum,Asperula,10,5.5,3.8575175739992296,5.5787587869996145,3.9072552721997686,6.643007029599692,4.128758786999615,High_Plateau,0.4281832632133657,0.2950771896047662,31,-0.001772494
Achnatherum,Asphodeline,10,5.5,3.868339833433779,5.584169916716889,3.9105019500301337,6.647335933373512,4.134169917,High_Plateau,0.4858658816070715,0.2953972311455997,17,-0.001888983
Achnatherum,Asphodelus,10,5.5,3.6772402835804723,5.488620141790236,3.8531720850741413,6.570896113432189,4.038620141790236,High_Plateau,0.4888154607645691,0.3012963894605949,17,-0.001888983
Achnatherum,Asplenium,10,5.5,3.921052052887096,5.610526026443548,3.9263156158661285,6.668420821154839,4.160526026443549,High_Plateau,0.4313488598275216,0.293049226,30,-0.001072599
Achnatherum,Asteriscus,10,5.5,2.790889771330156,5.045444885665078,3.587266931399047,6.216355908532062,3.5954448856650782,High_Plateau,0.3798107876168812,0.2640095344452038,39,-0.001391851
Achnatherum,Astragalus,10,5.5,3.638538526499732,5.469269263249866,3.8415615579499196,6.555415410599893,4.019269263249866,High_Plateau,0.3851751081642253,0.2500548927531264,36,-0.001263108
Achnatherum,Asyneuma,10,5.5,4.044499159294114,5.6722495796470564,3.963349747788234,6.717799663717646,4.222249579647057,High_Plateau,0.3718833310473739,0.2152869687329441,35,-0.00143715
Achnatherum,Athamanta,10,5.5,3.6856358867052705,5.492817943352636,3.8556907660115813,6.574254354682108,4.0428179433526354,High_Plateau,0.4473898463156132,0.316907956,29,-0.001052274
Achnatherum,Atractylis,10,5.5,3.3459328654893485,5.322966432744674,3.7537798596468046,6.438373146195739,3.8729664327446747,High_Plateau,0.4273111162341445,0.2933210511683807,31,-0.001713272
Achnatherum,Atriplex,10,5.5,3.200364551009922,5.250182275504961,3.7101093653029764,6.380145820403969,3.8001822755049615,High_Plateau,0.3697944554846216,0.1946716832922136,33,-0.001441259
Achnatherum,Atropa,10,5.5,3.8467533085336703,5.573376654266835,3.904025992560101,6.638701323413468,4.123376654266835,High_Plateau,0.4150041382763417,0.276807489,32,-0.00111935
Achnatherum,Avena,10,5.5,2.1751099108369933,4.737554955418497,3.402532973251098,5.970043964334797,3.287554955418497,High_Plateau,0.5908153294522392,0.5298250317446237,20,-0.001245837
Achnatherum,Avenula,10,5.5,3.8299408069970906,5.564970403498545,3.898982242099127,6.631976322798836,4.114970403498545,High_Plateau,0.8882046320696401,0.9452373625780665,2,0.1558595078060681
Achnatherum,Baldellia,10,5.5,3.676893603880603,5.488446801940301,3.8530680811641806,6.570757441552241,4.038446801940301,High_Plateau,0.4922587016933861,0.3162810902878274,18,-0.001284188
Achnatherum,Ballota,10,5.5,4.2438159028816465,5.771907951440824,4.023144770864494,6.797526361152659,4.321907951440823,High_Plateau,0.3844001862204425,0.2895806413757487,41,-0.001161619
Achnatherum,Barbarea,10,5.5,2.6651513156085085,4.982575657804254,3.5495453946825526,6.166060526243403,3.532575657804254,High_Plateau,0.3649236246629915,0.1685652272791626,31,-0.001809068
Achnatherum,Bassia,10,5.5,2.6248040332280373,4.962402016614019,3.537441209968411,6.149921613291215,3.512402016614019,High_Plateau,0.3757476994985872,0.1574126267083298,27,-0.002188878
Achnatherum,Bellevalia,10,5.5,4.093862710624667,5.6969313553123335,3.978158813,6.7375450842498665,4.246931355312334,High_Plateau,0.4425374264875839,0.2004410693291717,16,-0.001488616
Achnatherum,Bellis,10,5.5,3.4150612959169107,5.3575306479584555,3.774518388775073,6.466024518366765,3.9075306479584553,High_Plateau,0.3865324198723963,0.3021013923005896,42,-0.001347146
Achnatherum,Berberis,10,5.5,6.193535740868814,6.746767870434407,4.608060722260644,7.577414296347525,5.296767870434407,High_Plateau,0.4299996233412132,0.2165222425674007,21,-0.001793062
Achnatherum,Beta,10,5.5,2.8485601959289863,5.074280097964493,3.604568058778696,6.239424078371595,3.624280097964493,High_Plateau,0.4121048336305879,0.2300361821170622,27,-0.001735314
Achnatherum,Biarum,10,5.5,3.8493033838703177,5.574651691935159,3.904791015161095,6.639721353548127,4.124651691935159,High_Plateau,0.4895112699978323,0.2860716407006883,15,-0.000998928
Achnatherum,Bidens,10,5.5,2.573090435892837,4.936545217946419,3.521927130767851,6.129236174357135,3.4865452179464187,High_Plateau,0.3667445090099365,0.221728668,37,-0.002842088
Achnatherum,Bifora,10,5.5,2.0472504517249765,4.673625225862488,3.3641751355174927,5.918900180689991,3.2236252258624885,High_Plateau,0.3216671102548273,0.1394756681609361,38,-0.001255183
Achnatherum,Biscutella,10,5.5,4.0964941570507305,5.698247078525365,3.978948247115219,6.738597662820292,4.248247078525365,High_Plateau,0.3845859254884601,0.21599568,32,-0.001242431
Achnatherum,Boerhavia,10,5.5,2.752426212833665,5.026213106416833,3.5757278638500996,6.200970485133466,3.5762131064168328,High_Plateau,0.4121567748211744,0.2465425714303803,29,-0.001556068
Achnatherum,Bombycilaena,10,5.5,1.8769381153191724,4.588469057659586,3.3130814345957518,5.850775246127669,3.138469057659586,High_Plateau,0.3346834844973838,0.206779765,43,-0.002132472
Achnatherum,Borago,10,5.5,2.730881953,5.015440976,3.569264585817092,6.192352781089456,3.5654409763618204,High_Plateau,0.4170612622389004,0.2645102882226079,30,-0.001253887
Achnatherum,Bothriochloa,10,5.5,4.062185949,5.681092975,3.968655784776092,6.724874379701456,4.231092975,High_Plateau,0.6745825060309318,0.6644711813474774,16,-0.001188381
Achnatherum,Botrychium,10,5.5,3.7956704217072357,5.547835210853618,3.8887011265121707,6.618268168682894,4.097835210853618,High_Plateau,0.4897386027753609,0.3277122719839673,20,-0.001449305
Achnatherum,Brachypodium,10,5.5,3.305830518622021,5.3029152593110105,3.7417491555866063,6.422332207448809,3.8529152593110108,High_Plateau,0.6879626697186257,0.6435200248594346,10,-0.009206304
Achnatherum,Brassica,10,5.5,2.6144602693745314,4.957230134687266,3.5343380808123595,6.1457841077498125,3.5072301346872656,High_Plateau,0.3480150117584523,0.1757697918618908,36,-0.001438568
Achnatherum,Briza,10,5.5,2.490684784597323,4.895342392298661,3.497205435379197,6.096273914,3.4453423922986617,High_Plateau,0.6594488851310125,0.5784284605663903,9,-0.009982219
Achnatherum,Bromus,10,5.5,2.774612188981281,5.037306094,3.5823836566943843,6.209844875592513,3.587306094490641,High_Plateau,0.663536851,0.5695351096190643,7,-0.00682759
Achnatherum,Bryonia,10,5.5,3.859276623236151,5.579638311618075,3.9077829869708456,6.643710649,4.129638311618075,High_Plateau,0.4335968767016543,0.2567102890218559,25,-0.002377199
Achnatherum,Buddleja,10,5.5,6.183119537650988,6.7415597688254945,4.604935861295297,7.5732478150603955,5.291559768825494,High_Plateau,0.3637060430764068,0.2153364080554581,37,-0.001265445
Achnatherum,Bufonia,10,5.5,3.2426015807534903,5.2713007903767455,3.722780474226047,6.397040632301396,3.8213007903767453,High_Plateau,0.4520064775671527,0.2853403118191641,24,-0.002527194
Achnatherum,Buglossoides,10,5.5,2.624757289732994,4.962378644866497,3.5374271869198983,6.149902915893198,3.512378644866497,High_Plateau,0.412444796,0.2635290266564424,31,-0.001416351
Achnatherum,Bunium,10,5.5,3.6856358867052705,5.492817943352636,3.8556907660115813,6.574254354682108,4.0428179433526354,High_Plateau,0.447389846,0.3169079556816359,29,-0.001052274
Achnatherum,Bupleurum,10,5.5,3.166449005787908,5.233224502893954,3.6999347017363724,6.366579602315163,3.783224502893954,High_Plateau,0.3690396331070479,0.1768753616028141,31,-0.002199655
Achnatherum,Buxus,10,5.5,6.193584840114327,6.746792420057163,4.6080754520342975,7.577433936045731,5.296792420057164,High_Plateau,0.4462607586513382,0.216213099,17,-0.002019552
Achnatherum,Cachrys,10,5.5,3.8477605513090776,5.573880275654538,3.904328165392723,6.639104220523631,4.123880275654539,High_Plateau,0.4346797645068077,0.2915539533998444,29,-0.001383081
Achnatherum,Cakile,10,5.5,1.9916769504446705,4.645838475222336,3.3475030851334013,5.896670780177868,3.1958384752223354,High_Plateau,0.3104213521743555,0.1418249906285089,41,-0.002171705
Achnatherum,Calamagrostis,10,5.5,3.7516914302756246,5.525845715137812,3.8755074290826874,6.600676572,4.075845715137812,High_Plateau,0.712421669,0.7896691937489745,22,-0.00221147
Achnatherum,Calendula,10,5.5,2.2827637543456443,4.791381877172822,3.4348291263036934,6.0131055017382575,3.3413818771728225,High_Plateau,0.361868739,0.1952539636497144,35,-0.001418043
Achnatherum,Calicotome,10,5.5,6.295710538487638,6.7978552692438186,4.638713161546291,7.618284215395056,5.347855269243819,High_Plateau,0.3838156559568365,0.2226537768891906,33,-0.001139722
Achnatherum,Callistemon,10,5.5,6.186043015403116,6.743021507701558,4.605812904620935,7.574417206161247,5.2930215077015585,High_Plateau,0.4085359808011746,0.2149022336797909,26,-0.002849991
Achnatherum,Callitriche,10,5.5,2.405906957137381,4.852953479,3.4717720871412143,6.062362782854953,3.4029534785686906,High_Plateau,0.3499026145295052,0.1548163879265549,33,-0.001083192
Achnatherum,Calystegia,10,5.5,3.9410429094872383,5.620521454743619,3.9323128728461714,6.676417163794896,4.170521455,High_Plateau,0.4228302296167329,0.2679400056460029,29,-0.001808691
Achnatherum,Camelina,10,5.5,1.9887505288112084,4.644375264405604,3.3466251586433624,5.8955002115244834,3.1943752644056045,High_Plateau,0.3476412202793806,0.1422789321410613,32,-0.002105746
Achnatherum,Campanula,10,5.5,3.2249186869836635,5.262459343491832,3.717475606095099,6.389967474793465,3.812459343491832,High_Plateau,0.4354944369166813,0.2768291801990531,27,-0.001804272
Achnatherum,Capsella,10,5.5,2.702017729306983,5.001008864653492,3.5606053187920947,6.1808070917227935,3.5510088646534914,High_Plateau,0.3391923982830676,0.1498306748359186,35,-0.001065008
Achnatherum,Cardamine,10,5.5,3.1834313834919863,5.241715691745993,3.705029415047596,6.373372553396795,3.7917156917459933,High_Plateau,0.3958397205645351,0.2385402509351421,32,-0.001427337
Achnatherum,Cardiospermum,10,5.5,3.3331386514061676,5.3165693257030835,3.7499415954218502,6.433255460562467,3.866569325703084,High_Plateau,0.4373790579927212,0.2886987114182427,28,-0.001209826
Achnatherum,Carduncellus,10,5.5,3.717098197570816,5.508549098785408,3.8651294592712446,6.586839279028327,4.0585490987854085,High_Plateau,0.4477316599590555,0.3258702339702346,30,-0.001349639
Achnatherum,Carduus,10,5.5,2.5321265154296997,4.916063258,3.509637955,6.112850606,3.466063258,High_Plateau,0.3653866750466834,0.2680083572451186,43,-0.001243529
Achnatherum,Carex,10,5.5,3.8869996355882366,5.593499817794118,3.9160998906764712,6.654799854235295,4.143499817794119,High_Plateau,0.4675433041184457,0.2090668470640467,11,-3.82E-05
Achnatherum,Carlina,10,5.5,3.083555773,5.191777886465565,3.6750667318793386,6.333422309172452,3.741777886465565,High_Plateau,0.4280988445133534,0.2949407672683722,31,-0.001934569
Achnatherum,Carpobrotus,10,5.5,4.747058559,6.023529279,4.174117567585844,6.998823423447792,4.573529279,High_Plateau,0.4466809928013408,0.2990879819026689,27,-0.001232721
Achnatherum,Carthamus,10,5.5,2.0126489282938955,4.656324464146948,3.3537946784881685,5.905059571317558,3.206324464146948,High_Plateau,0.3421910809928761,0.2052337711811563,41,-0.00151832
Achnatherum,Castanea,10,5.5,6.183017267,6.741508633,4.604905180094864,7.573206906793152,5.291508633,High_Plateau,0.4002158855055452,0.2143708399955106,28,-0.001202194
Achnatherum,Casuarina,10,5.5,6.143966557468466,6.721983278734233,4.593189967,7.557586622987387,5.271983278734233,High_Plateau,0.4057328802878432,0.2256204430434688,28,-0.002280262
Achnatherum,Catananche,10,5.5,2.7263998684692163,5.013199934234608,3.567919960540765,6.190559947387687,3.5631999342346083,High_Plateau,0.3588899861003027,0.2633719804736972,44,-0.001932644
Achnatherum,Catapodium,10,5.5,2.023997992415488,4.661998996207744,3.3571993977246466,5.909599196966195,3.211998996207744,High_Plateau,0.63577594,0.6033346632357519,18,-0.001379668
Achnatherum,Cedrus,10,5.5,6.392605538129031,6.846302769064515,4.667781661438709,7.657042215251613,5.396302769064516,High_Plateau,0.4237624456733943,0.1957574114578891,20,-0.001436573
Achnatherum,Celtis,10,5.5,6.160958744222417,6.730479372111208,4.5982876232667245,7.564383497688967,5.280479372111209,High_Plateau,0.398323327,0.2105850946837081,28,-0.001199052
Achnatherum,Cenchrus,10,5.5,2.5795559489315583,4.939777974465779,3.5238667846794676,6.131822379572624,3.4897779744657793,High_Plateau,0.6434293436934405,0.5692816251124065,12,-0.001155785
Achnatherum,Centaurea,10,5.5,3.1345681927423756,5.217284096371188,3.690370457822713,6.353827277096951,3.767284096371188,High_Plateau,0.3753754197114963,0.271676439,41,-0.001888273
Achnatherum,Centaurium,10,5.5,2.045814749161055,4.672907374580527,3.3637444247483166,5.918325899664422,3.2229073745805277,High_Plateau,0.3648433166139269,0.1682703557571473,31,-0.001137791
Achnatherum,Cephalanthera,10,5.5,4.026386909438133,5.6631934547190665,3.957916073,6.710554763775253,4.213193454719066,High_Plateau,0.4610565310323994,0.2457522641994807,17,-0.001757655
Achnatherum,Cephalaria,10,5.5,3.658267823632679,5.479133911816339,3.8474803470898036,6.563307129453072,4.029133912,High_Plateau,0.4184550131167427,0.2673319571654565,30,-0.001424723
Achnatherum,Cerastium,10,5.5,2.8770990792620728,5.088549539631036,3.6131297237786217,6.250839631704829,3.6385495396310366,High_Plateau,0.4149658379858954,0.2767561856305229,32,-0.001245836
Achnatherum,Ceratophyllum,10,5.5,3.9029694636418517,5.601484731820926,3.9208908390925554,6.661187785456741,4.151484731820926,High_Plateau,0.4527239344837898,0.2044584543277851,14,-0.001902242
Achnatherum,Cerinthe,10,5.5,2.2455185252483756,4.772759262624188,3.423655557574513,5.998207410099351,3.3227592626241877,High_Plateau,0.4036946521517753,0.2296952588661262,29,-0.001940732
Achnatherum,Cestrum,10,5.5,6.269528316,6.784764158,4.630858495,7.607811326,5.3347641578030505,High_Plateau,0.4118026441383285,0.2376674114144376,28,-0.001817465
Achnatherum,Chaenomeles,10,5.5,6.203613896,6.7518069478915255,4.611084168734915,7.581445558,5.301806947891525,High_Plateau,0.3813970464089799,0.2179551644338591,33,-0.001832755
Achnatherum,Chaenorhinum,10,5.5,2.881081015679073,5.0905405078395365,3.6143243047037217,6.252432406271629,3.6405405078395368,High_Plateau,0.3497789353968191,0.1793772025181294,36,-0.001836385
Achnatherum,Chaerophyllum,10,5.5,3.0441288348690394,5.172064417,3.6632386504607117,6.3176515339476165,3.722064417,High_Plateau,0.366726789,0.2296237946672092,38,-0.001399033
Achnatherum,Chamaecyparis,10,5.5,6.295644088956345,6.797822044478172,4.638693226686904,7.6182576355825375,5.347822044478173,High_Plateau,0.4282370946596155,0.2129305259140399,21,-0.001459765
Achnatherum,Chamaecytisus,10,5.5,6.332041295808828,6.8160206479044145,4.649612388742648,7.632816518323532,5.366020647904414,High_Plateau,0.381204422,0.2174313081600315,33,-0.001139722
Achnatherum,Chamaemelum,10,5.5,2.8578283599041043,5.0789141799520525,3.6073485079712313,6.243131343961641,3.6289141799520523,High_Plateau,0.3154165531190897,0.1762530888816226,44,-0.001072516
Achnatherum,Cheilanthes,10,5.5,3.977652385763797,5.638826192881899,3.943295715729139,6.691060954305518,4.188826192881899,High_Plateau,0.4268999950084001,0.2677767972785463,28,-0.001390886
Achnatherum,Cheirolophus,10,5.5,3.870853352538247,5.585426676269123,3.911256005761474,6.648341341015299,4.135426676269123,High_Plateau,0.3471179243772818,0.2232641342466856,42,-0.001305811
Achnatherum,Chenopodium,10,5.5,2.170518162018929,4.735259081009464,3.4011554486056785,5.968207264807572,3.285259081009465,High_Plateau,0.3933534363454294,0.1680267007360461,24,-0.002489551
Achnatherum,Chloris,10,5.5,3.2609807957893264,5.280490397894663,3.728294238736798,6.404392318315731,3.830490397894663,High_Plateau,0.636771678,0.6052702344261517,18,-0.001100144
Achnatherum,Chondrilla,10,5.5,3.228735997,5.264367998537755,3.718620799122653,6.391494398830204,3.8143679985377554,High_Plateau,0.3255308711269594,0.1884030020754844,43,-0.001774792
Achnatherum,Christella,10,5.5,4.092777688058011,5.696388844029006,3.9778333064174034,6.737111075223204,4.246388844029006,High_Plateau,0.401389769,0.2331451177756415,30,-0.00114297
Achnatherum,Chrozophora,10,5.5,1.9205902979113485,4.610295148955674,3.3261770893734046,5.868236119164539,3.1602951489556745,High_Plateau,0.3756906760733932,0.1983254507033316,32,-0.00184378
Achnatherum,Chrysanthemum,10,5.5,2.6897453385673336,4.994872669283667,3.556923602,6.175898135426934,3.544872669283667,High_Plateau,0.3335019952708182,0.1795792184294878,40,-0.001232304
Achnatherum,Cicer,10,5.5,3.3650700710999715,5.332535035549986,3.7595210213299914,6.446028028439988,3.882535035549986,High_Plateau,0.3910729001180853,0.2539577624874053,35,-0.002895428
Achnatherum,Cichorium,10,5.5,3.149017100141103,5.224508550070551,3.694705130042331,6.359606840056442,3.7745085500705517,High_Plateau,0.3879388901866858,0.2885090432671691,40,-0.001512479
Achnatherum,Cinnamomum,10,5.5,6.223767950301636,6.761883975150818,4.617130385090491,7.589507180120655,5.311883975150819,High_Plateau,0.4448868597234836,0.221510919,18,-0.00115175
Achnatherum,Circaea,10,5.5,3.857440085421965,5.578720042710982,3.9072320256265893,6.642976034168786,4.128720042710983,High_Plateau,0.4414295082434368,0.2804469608572561,26,-0.001638352
Achnatherum,Cirsium,10,5.5,2.9692532212933704,5.134626610646685,3.640775966388011,6.287701288517348,3.6846266106466854,High_Plateau,0.3613749109414808,0.2599848290347134,43,-0.001243529
Achnatherum,Cistanche,10,5.5,4.020328070358183,5.660164035179092,3.956098421107455,6.708131228143273,4.210164035179092,High_Plateau,0.3891631182987908,0.2333990572594627,33,-0.001391501
Achnatherum,Cistus,10,5.5,6.366364834955013,6.833182417477506,4.659909450486504,7.646545933982005,5.3831824174775065,High_Plateau,0.3890213004900714,0.2002722397051616,29,-0.001559153
Achnatherum,Citrullus,10,5.5,2.5182914603331232,4.9091457301665615,3.505487438099937,6.107316584133249,3.459145730166562,High_Plateau,0.3766578453143284,0.1673297142364911,28,-0.001576967
Achnatherum,Citrus,10,5.5,6.333074672448879,6.816537336224439,4.649922401734663,7.6332298689795515,5.3665373362244395,High_Plateau,0.3759544855278479,0.174052566,29,-0.001128932
Achnatherum,Cladanthus,10,5.5,2.0968814092253494,4.698440704612675,3.3790644227676045,5.938752564,3.248440704612675,High_Plateau,0.3511533581894242,0.1327067120884044,30,-0.001315047
Achnatherum,Clematis,10,5.5,5.9007127857148225,6.600356392857411,4.520213835714447,7.460285114285929,5.150356392857411,High_Plateau,0.4118274188608206,0.2376319777241244,28,-0.001392549
Achnatherum,Cleome,10,5.5,1.9221568610175506,4.611078430508775,3.326647058305265,5.8688627444070205,3.1610784305087756,High_Plateau,0.3855977097688033,0.1687604927075651,26,-0.001523996
Achnatherum,Clinopodium,10,5.5,3.411803239010677,5.355901619505339,3.773540971703203,6.464721295604271,3.9059016195053387,High_Plateau,0.3647395856796657,0.2503928345872049,41,-0.00182859
Achnatherum,Clypeola,10,5.5,1.9887505288112084,4.644375264405604,3.3466251586433624,5.8955002115244834,3.1943752644056045,High_Plateau,0.3394513816402863,0.1422789321410613,34,-0.001812351
Achnatherum,Colchicum,10,5.5,3.8876701536254896,5.593835076812745,3.916301046087647,6.655068061450196,4.143835076812745,High_Plateau,0.486407946,0.2882034419544515,16,-0.001595285
Achnatherum,Coleostephus,10,5.5,1.8769381153191724,4.588469057659586,3.3130814345957518,5.850775246127669,3.138469057659586,High_Plateau,0.3880782425695673,0.206779765,30,-0.002431466
Achnatherum,Colutea,10,5.5,6.289255043,6.794627522,4.636776513043136,7.6157020173908485,5.344627521738561,High_Plateau,0.3697845544306426,0.2192737852859611,36,-0.001263108
Achnatherum,Conopodium,10,5.5,2.815271215574556,5.057635607787278,3.5945813646723668,6.226108486229823,3.6076356077872784,High_Plateau,0.4243612468863897,0.2710005602870096,29,-0.001801291
Achnatherum,Conringia,10,5.5,1.9855735973726985,4.642786798686349,3.3456720792118095,5.894229438949079,3.1927867986863494,High_Plateau,0.3256769921264335,0.1394368878424222,37,-0.002058354
Achnatherum,Convolvulus,10,5.5,3.670705708,5.485352854,3.8512117124095457,6.568282283212728,4.035352854,High_Plateau,0.4218875040943765,0.2660569476395579,29,-0.001820656
Achnatherum,Coris,10,5.5,2.735979552163569,5.017989776081785,3.5707938656490708,6.194391820865428,3.5679897760817845,High_Plateau,0.4338752645593361,0.2654757701060489,26,-0.002324835
Achnatherum,Coronilla,10,5.5,3.872672288500825,5.586336144250413,3.9118016865502474,6.649068915,4.1363361442504125,High_Plateau,0.3769100450205125,0.2254527726691741,35,-0.00199903
Achnatherum,Corrigiola,10,5.5,2.8551204276629294,5.077560213831465,3.606536128298879,6.242048171065171,3.627560213831465,High_Plateau,0.414040567,0.2174139848277456,25,-0.001458771
Achnatherum,Corydalis,10,5.5,2.9896995994285915,5.1448497997142955,3.6469098798285775,6.295879839771437,3.694849799714296,High_Plateau,0.4366557295644431,0.2297038551564671,21,-0.001140062
Achnatherum,Corynephorus,10,5.5,2.4964735074010425,4.898236753700521,3.498942052220313,6.0985894029604175,3.448236753700521,High_Plateau,0.603971066,0.5644029013229456,21,-0.001481926
Achnatherum,Cotoneaster,10,5.5,6.418635047870284,6.859317523935141,4.675590514361085,7.6674540191481135,5.409317523935142,High_Plateau,0.3413407708470694,0.1459842899573432,34,-0.001445248
Achnatherum,Cotula,10,5.5,2.7337083136975373,5.016854156848769,3.570112494109261,6.193483325479015,3.566854156848769,High_Plateau,0.3543258652903129,0.2212204683547584,40,-0.001199853
Achnatherum,Crambe,10,5.5,3.6398070021885167,5.469903501094258,3.841942100656555,6.555922800875407,4.019903501094259,High_Plateau,0.3903556720133501,0.260375371,36,-0.00105986
Achnatherum,Crassula,10,5.5,2.7348208333642336,5.017410416682116,3.57044625,6.193928333345694,3.567410416682117,High_Plateau,0.4350504961058139,0.2349534457595863,22,-0.00234446
Achnatherum,Crataegus,10,5.5,6.2029078150371015,6.751453907518551,4.610872345,7.581163126014841,5.301453907518551,High_Plateau,0.3939730630338482,0.2184815453566896,30,-0.001992165
Achnatherum,Crepis,10,5.5,2.9963666988383526,5.148183349419176,3.6489100096515057,6.298546679535341,3.6981833494191765,High_Plateau,0.4004257399986091,0.2889105000809713,37,-0.001938936
Achnatherum,Crocus,10,5.5,3.9049025750453876,5.602451287522694,3.921470772513616,6.661961030018155,4.152451287522694,High_Plateau,0.4691362132764454,0.2948103225751401,21,-0.001867562
Achnatherum,Crotalaria,10,5.5,3.395073099699761,5.34753655,3.7685219299099284,6.458029239879904,3.897536549849881,High_Plateau,0.4089782401307408,0.2401974557558022,29,-0.001615836
Achnatherum,Crucianella,10,5.5,2.5465420031624375,4.923271001581218,3.513962600948731,6.1186168012649755,3.473271001581219,High_Plateau,0.3548776630092414,0.1484095672826965,31,-0.001490384
Achnatherum,Crupina,10,5.5,1.8769381153191724,4.588469057659586,3.3130814345957518,5.850775246127669,3.138469057659586,High_Plateau,0.3469986264923348,0.206779765,40,-0.002268723
Achnatherum,Cucumis,10,5.5,1.9291708715412295,4.614585435770614,3.3287512614623687,5.871668348616492,3.164585435770615,High_Plateau,0.3798416018946687,0.1736972273971718,28,-0.001576967
Achnatherum,Cucurbita,10,5.5,2.542863659,4.9214318296397455,3.512859097783847,6.117145463711796,3.4714318296397453,High_Plateau,0.3982101197581399,0.2022388284178483,27,-0.001695684
Achnatherum,Cullen,10,5.5,4.011557314387456,5.6557786571937285,3.9534671943162367,6.7046229257549825,4.205778657193728,High_Plateau,0.402278774,0.2843717214288197,36,-0.001810595
Achnatherum,Cuphea,10,5.5,3.3438326939059033,5.321916346952952,3.753149808171771,6.437533077562362,3.871916346952952,High_Plateau,0.4218545495932297,0.2331356066391447,25,-0.001927058
Achnatherum,Cupressus,10,5.5,6.377590206326464,6.838795103163232,4.663277061897939,7.651036082530586,5.388795103163233,High_Plateau,0.4260326889836771,0.2167093924991787,22,-0.001302264
Achnatherum,Cuscuta,10,5.5,2.510788803646658,4.905394401823329,3.5032366410939972,6.1043155214586635,3.4553944018233294,High_Plateau,0.4027090970068429,0.2194280852644017,28,-0.001556306
Achnatherum,Cutandia,10,5.5,2.0960074820342904,4.698003741017145,3.378802244610287,5.9384029928137165,3.248003741017145,High_Plateau,0.6057597287841527,0.5433022405040896,18,-0.001379668
Achnatherum,Cyclamen,10,5.5,3.8898624420016192,5.5949312210008095,3.9169587326004858,6.655944976800647,4.144931221,High_Plateau,0.4386077368074537,0.2912910330172468,28,-0.001884646
Achnatherum,Cymbalaria,10,5.5,3.7937706535551654,5.546885326777582,3.8881311960665497,6.617508261422066,4.096885326777583,High_Plateau,0.3984261924879664,0.2683693243031749,35,-0.001420313
Achnatherum,Cymbopogon,10,5.5,3.797664091286196,5.548832045643098,3.889299227385859,6.619065636514478,4.098832045643098,High_Plateau,0.7523632125575785,0.795614816,13,-0.002387161
Achnatherum,Cynanchum,10,5.5,6.222747590286608,6.761373795143304,4.616824277085982,7.589099036114643,5.311373795143304,High_Plateau,0.3748661537775416,0.2213280046388923,35,-0.001814102
Achnatherum,Cynara,10,5.5,3.6830644432983206,5.491532221649161,3.854919332989496,6.573225777319328,4.0415322216491605,High_Plateau,0.4017282722495037,0.316232513,40,-0.002236008
Achnatherum,Cynodon,10,5.5,3.9019711532603747,5.600985576630187,3.9205913459781123,6.660788461304151,4.1509855766301875,High_Plateau,0.6645166168984524,0.6607601118529104,18,-0.001100144
Achnatherum,Cynoglossum,10,5.5,2.551362064019618,4.925681032009809,3.5154086192058855,6.120544825607848,3.4756810320098093,High_Plateau,0.423257307,0.2361549814350099,25,-0.002996362
Achnatherum,Cynosurus,10,5.5,2.5572132245993964,4.928606612299698,3.517163967379819,6.1228852898397585,3.478606612299698,High_Plateau,0.7003949658226256,0.7162189962671901,16,-0.001802857
Achnatherum,Cyperus,10,5.5,3.2118066811616335,5.255903340580817,3.713542004,6.384722672464654,3.8059033405808167,High_Plateau,0.4148876317390144,0.1616564282550902,18,-0.001871577
Achnatherum,Cypripedium,10,5.5,4.155089091818405,5.727544545909202,3.9965267275455214,6.7620356367273615,4.277544545909203,High_Plateau,0.4448168451962608,0.1885293719862345,14,-0.001327723
Achnatherum,Cytinus,10,5.5,4.044499159294114,5.6722495796470564,3.963349747788234,6.717799663717646,4.222249579647057,High_Plateau,0.408738819,0.2152869687329441,26,-0.002745281
Achnatherum,Cytisus,10,5.5,6.313212427739136,6.806606213869568,4.643963728,7.625284971095654,5.3566062138695685,High_Plateau,0.3951527758900766,0.220728016,30,-0.001427388
Achnatherum,Dactylis,10,5.5,3.9174410163257196,5.608720508162859,3.925232304897716,6.666976406530289,4.158720508,High_Plateau,0.7039335230619068,0.7151407939435831,15,-0.002122164
Achnatherum,Dactylorhiza,10,5.5,3.901648589911091,5.600824294955546,3.9204945769733275,6.660659435964437,4.150824294955545,High_Plateau,0.4687880915611248,0.3021356635874617,22,-0.000879594
Achnatherum,Daphne,10,5.5,6.4331067697568685,6.866553384878435,4.679932030927061,7.673242707902748,5.416553384878434,High_Plateau,0.3852633689757709,0.1680273905319954,26,-0.001201893
Achnatherum,Dasypyrum,10,5.5,3.052310662768028,5.176155331384014,3.6656931988304082,6.3209242651072115,3.726155331384014,High_Plateau,0.6638017876555653,0.6430212137783422,16,-0.001745727
Achnatherum,Datura,10,5.5,2.2455529946494526,4.772776497324726,3.4236658983948356,5.998221197859781,3.3227764973247265,High_Plateau,0.3562908214481136,0.1595804690400677,32,-0.002117418
Achnatherum,Daucus,10,5.5,2.0648218108190717,4.682410905409536,3.3694465432457212,5.925928724327629,3.232410905409536,High_Plateau,0.3533886020168418,0.2276247876693304,41,-0.001498192
Achnatherum,Delphinium,10,5.5,3.527417925997964,5.413708962998982,3.8082253777993893,6.510967170399185,3.9637089629989823,High_Plateau,0.4631059177945041,0.3154872053812313,25,-0.00117137
Achnatherum,Dianthus,10,5.5,3.6636653794699394,5.481832689734969,3.849099613840982,6.565466151787976,4.03183269,High_Plateau,0.4247492888451689,0.3045390979495229,33,-0.001229999
Achnatherum,Dichanthium,10,5.5,3.797664091286196,5.548832045643098,3.889299227385859,6.619065636514478,4.098832045643098,High_Plateau,0.7401543235036607,0.795614816,16,-0.001188381
Achnatherum,Digitalis,10,5.5,3.3732793679328075,5.336639683966403,3.761983810379842,6.449311747173123,3.886639683966404,High_Plateau,0.3952462143628308,0.2620913524623353,35,-0.001830235
Achnatherum,Digitaria,10,5.5,2.4705315292520824,4.885265764626041,3.4911594587756247,6.088212611700833,3.4352657646260414,High_Plateau,0.6248216449913315,0.548787728,14,-0.002571505
Achnatherum,Dioscorea,10,5.5,3.805752587626777,5.552876293813388,3.891725776288033,6.622301035050711,4.102876293813389,High_Plateau,0.4944691500964061,0.2709816132565435,12,0.000742339
Achnatherum,Diospyros,10,5.5,6.2149877598358945,6.757493879917947,4.614496327950768,7.5859951039343585,5.307493879917947,High_Plateau,0.4687941844527232,0.3187741131094735,24,-0.001819132
Achnatherum,Dipcadi,10,5.5,3.7957925897433906,5.547896294871695,3.8887377769230174,6.618317035897356,4.0978962948716955,High_Plateau,0.4869300406437068,0.3224054192768576,20,-0.003000663
Achnatherum,Diplotaxis,10,5.5,2.659691307352107,4.979845653676053,3.547907392205632,6.163876522940843,3.5298456536760536,High_Plateau,0.3534948826343486,0.1702978870736373,34,-0.001472116
Achnatherum,Dipsacus,10,5.5,1.9940342627321659,4.647017131366082,3.348210279,5.8976137050928665,3.197017131366083,High_Plateau,0.3751941655814559,0.1808102620948828,30,-0.001424723
Achnatherum,Dittrichia,10,5.5,3.551877222440844,5.425938611220422,3.815563166732253,6.5207508889763375,3.975938611220422,High_Plateau,0.3395156509562635,0.1833685110047725,39,-0.0011381
Achnatherum,Dodonaea,10,5.5,6.132583922,6.716291961,4.589775176690798,7.553033568921064,5.266291961,High_Plateau,0.4008718925031023,0.2076002449709525,27,-0.00188504
Achnatherum,Doronicum,10,5.5,3.816184107709816,5.558092053854908,3.8948552323129446,6.626473643083926,4.108092053854908,High_Plateau,0.4214152299080277,0.3227897817298057,36,-0.002536336
Achnatherum,Draba,10,5.5,3.366015187,5.333007593,3.759804555957902,6.446406074610536,3.8830075932631702,High_Plateau,0.358023174,0.2286590687816675,40,-0.001419765
Achnatherum,Dryopteris,10,5.5,3.9981917520083714,5.649095876004186,3.9494575256025115,6.699276700803349,4.199095876004186,High_Plateau,0.4111651547324232,0.2527801762307086,30,-0.001564402
Achnatherum,Dysphania,10,5.5,2.153520407180384,4.726760203590192,3.396056122154115,5.961408162872154,3.276760203590192,High_Plateau,0.3794831345435125,0.1811838765757046,29,-0.001498996
Achnatherum,Ebenus,10,5.5,5.050355850499456,6.175177925249728,4.265106755149837,7.1201423401997825,4.725177925249728,High_Plateau,0.3890710986647128,0.2578592054212867,36,-0.001324766
Achnatherum,Echinochloa,10,5.5,2.0037409841148976,4.651870492057449,3.351122295234469,5.901496393645959,3.201870492057449,High_Plateau,0.623924019,0.5552605472998718,15,-0.00281597
Achnatherum,Echinophora,10,5.5,3.8477605513090776,5.573880275654538,3.904328165392723,6.639104220523631,4.123880275654539,High_Plateau,0.4346041152910919,0.2915539533998444,29,-0.002139573
Achnatherum,Echinops,10,5.5,3.6197082413275896,5.4598541206637945,3.835912472398277,6.547883296531036,4.009854120663795,High_Plateau,0.4154735542398935,0.3107426589891037,36,-0.001717479
Achnatherum,Echium,10,5.5,2.5075584773106634,4.903779238655332,3.502267543193199,6.103023390924266,3.453779238655332,High_Plateau,0.4054739286674131,0.2330989582078203,29,-0.001166463
Achnatherum,Elaeagnus,10,5.5,6.184715821149086,6.742357910574543,4.605414746344726,7.5738863284596345,5.292357910574543,High_Plateau,0.4043291114378666,0.2146580815879397,27,-0.002602033
Achnatherum,Elatine,10,5.5,2.2491884688142916,4.774594234407146,3.4247565406442875,5.999675387525716,3.324594234407146,High_Plateau,0.4082246351146596,0.2305134325101276,28,-0.001827661
Achnatherum,Eleocharis,10,5.5,3.5717843341578144,5.435892167078907,3.8215353002473442,6.5287137336631265,3.9858921670789074,High_Plateau,0.4366609552142208,0.1972141665472267,17,-0.003022924
Achnatherum,Eleusine,10,5.5,2.879118376811012,5.089559188405506,3.6137355130433035,6.251647350724404,3.639559188405506,High_Plateau,0.6360853695494489,0.5957401624667582,17,-0.001408761
Achnatherum,Elymus,10,5.5,4.082702019693488,5.691351009846744,3.974810605908046,6.733080807877395,4.241351009846744,High_Plateau,0.6794676691101685,0.6497437018941116,13,-0.001987024
Achnatherum,Enarthrocarpus,10,5.5,1.9887505288112084,4.644375264405604,3.3466251586433624,5.8955002115244834,3.1943752644056045,High_Plateau,0.2983990624822864,0.1422789321410613,44,-0.001376639
Achnatherum,Enneapogon,10,5.5,3.6296774805792786,5.46483874,3.8389032441737836,6.551870992231711,4.0148387402896395,High_Plateau,0.6771063217378658,0.6368160988050503,12,-0.002058373
Achnatherum,Ephedra,10,5.5,6.396311542224973,6.848155771112486,4.668893462667492,7.658524617,5.398155771112487,High_Plateau,0.4365632582668262,0.1969839866008516,17,-0.002848994
Achnatherum,Epilobium,10,5.5,3.640236028574488,5.470118014287244,3.8420708085723465,6.556094411429795,4.020118014287244,High_Plateau,0.4166620207602015,0.2310493395840842,26,-0.00232512
Achnatherum,Epimedium,10,5.5,3.658398744,5.479199372,3.8475196233191538,6.5633594977588725,4.029199372,High_Plateau,0.4785186221637252,0.3217131852797936,22,-0.001461897
Achnatherum,Epipactis,10,5.5,3.999654068448841,5.649827034224421,3.949896220534652,6.699861627379537,4.199827034224421,High_Plateau,0.4668918176223942,0.2574228373794702,17,-0.001757655
Achnatherum,Equisetum,10,5.5,4.0978912542656065,5.698945627132803,3.979367376279682,6.739156501706242,4.248945627132803,High_Plateau,0.434338803,0.2089767203573263,19,-0.002865438
Achnatherum,Eragrostis,10,5.5,2.8639835812958885,5.081991790647944,3.6091950743887664,6.245593432518356,3.6319917906479446,High_Plateau,0.6773060096116745,0.5965697463861528,7,-0.004309184
Achnatherum,Eremopyrum,10,5.5,2.1132039302499015,4.706601965124951,3.383961179,5.945281572099961,3.256601965124951,High_Plateau,0.6199822697163699,0.5551720048047786,16,-0.000694861
Achnatherum,Erica,10,5.5,6.217127565723593,6.758563782861796,4.615138269717078,7.5868510262894375,5.308563782861796,High_Plateau,0.3913982672302361,0.2215662464323071,31,-0.002067738
Achnatherum,Erigeron,10,5.5,3.5185510362529415,5.409275518126471,3.8055653108758825,6.507420414501176,3.959275518126471,High_Plateau,0.3915525222139053,0.2794205978724272,38,-0.002125712
Achnatherum,Erodium,10,5.5,2.822849225339186,5.061424612669593,3.596854767601756,6.229139690135675,3.6114246126695932,High_Plateau,0.4307408919286002,0.226099555,22,-0.001171045
Achnatherum,Erucastrum,10,5.5,3.2425885360026334,5.271294268001316,3.722776561,6.397035414401054,3.821294268001317,High_Plateau,0.3467607798006054,0.2390023667776994,44,-0.001376639
Achnatherum,Eryngium,10,5.5,3.290090194521153,5.2950450972605765,3.737027058356346,6.416036077808462,3.8450450972605767,High_Plateau,0.4184295912724358,0.2836699204306023,32,-0.001176977
Achnatherum,Erysimum,10,5.5,2.825257479948602,5.062628739974301,3.5975772439845803,6.230102991979441,3.6126287399743013,High_Plateau,0.3567663994377271,0.1850703719787759,35,-0.001523482
Achnatherum,Eschscholzia,10,5.5,2.128369990958587,4.714184995479293,3.388510997287576,5.951347996383435,3.264184995479294,High_Plateau,0.4187570564503369,0.1857225875149036,20,-0.001316346
Achnatherum,Eucalyptus,10,5.5,6.2658056990877125,6.782902849543856,4.629741709726313,7.606322279635085,5.332902849543856,High_Plateau,0.3994440872041028,0.2131684647114591,28,-0.002908301
Achnatherum,Eugenia,10,5.5,6.237440712644062,6.7687203563220315,4.621232213793219,7.594976285057625,5.318720356322031,High_Plateau,0.411556919,0.2535341573969739,30,-0.001416668
Achnatherum,Euonymus,10,5.5,6.3010206279202485,6.800510313960125,4.640306188376075,7.620408251168099,5.350510313960124,High_Plateau,0.414459223,0.1936609556830593,22,-0.001794737
Achnatherum,Eupatorium,10,5.5,3.844389246612372,5.572194623306186,3.9033167739837116,6.637755698644948,4.122194623306186,High_Plateau,0.3558389299430283,0.2735881250012987,46,-0.001332147
Achnatherum,Euphorbia,10,5.5,3.257144542161007,5.278572271080503,3.727143362648302,6.402857816864403,3.8285722710805037,High_Plateau,0.402271743,0.2514875855465815,32,-0.00184378
Achnatherum,Fallopia,10,5.5,3.419815623,5.3599078114475045,3.775944686868503,6.467926249158005,3.909907811447505,High_Plateau,0.3771856141075915,0.2011752292970071,32,-0.001143293
Achnatherum,Ferula,10,5.5,3.8805263840201536,5.5902631920100765,3.914157915206046,6.652210553608062,4.140263192010077,High_Plateau,0.3709836065889351,0.2383477126715295,38,-0.002450443
Achnatherum,Ferulago,10,5.5,3.8477605513090776,5.573880275654538,3.904328165392723,6.639104220523631,4.123880275654539,High_Plateau,0.4346949202189625,0.2915539533998444,29,-0.001231524
Achnatherum,Festuca,10,5.5,4.036555398838937,5.668277699419468,3.960966619651681,6.714622159535574,4.218277699419469,High_Plateau,0.6833783607934928,0.6573023845255421,13,-0.00067352
Achnatherum,Fibigia,10,5.5,3.866577855,5.583288928,3.909973356513548,6.646631142018064,4.133288928,High_Plateau,0.378123878,0.2359484679248856,36,-0.001243289
Achnatherum,Filago,10,5.5,1.9502221332550536,4.625111066627527,3.335066639976516,5.880088853302022,3.175111066627527,High_Plateau,0.3161077744004803,0.1695578373252872,43,-0.001779936
Achnatherum,Fimbristylis,10,5.5,2.9030800970961943,5.101540048548097,3.620924029128858,6.261232038838478,3.6515400485480973,High_Plateau,0.4215108263990352,0.1751887493775209,18,-0.003301236
Achnatherum,Foeniculum,10,5.5,3.0150071138831422,5.157503556941571,3.6545021341649426,6.306002845553257,3.707503556941571,High_Plateau,0.3480624715998636,0.1922547326072584,38,-0.001196892
Achnatherum,Fragaria,10,5.5,3.8380229982040044,5.569011499102002,3.9014068994612012,6.6352091992816025,4.119011499102003,High_Plateau,0.4029637059313292,0.236346067,30,-0.001408347
Achnatherum,Frankenia,10,5.5,5.461460784067721,6.380730392,4.388438235220316,7.2845843136270885,4.930730392,High_Plateau,0.3987351840502724,0.1787265435974275,24,-0.002171288
Achnatherum,Fraxinus,10,5.5,6.139478400563005,6.719739200281502,4.591843520168902,7.555791360225202,5.269739200281503,High_Plateau,0.3884000933285879,0.2073271736179511,30,-0.001950003
Achnatherum,Fritillaria,10,5.5,4.464823070521648,5.8824115352608235,4.089446921156494,6.885929228,4.432411535260824,High_Plateau,0.3770880836605152,0.086055258,18,-0.001861206
Achnatherum,Fumana,10,5.5,6.371296175899494,6.835648087949747,4.661388852769848,7.648518470359798,5.385648087949747,High_Plateau,0.3961816059880053,0.1901425661250572,26,-0.002595401
Achnatherum,Fumaria,10,5.5,1.9200007667058412,4.610000383,3.3260002300117524,5.868000306682337,3.1600003833529207,High_Plateau,0.4083508678847525,0.1730941317970859,21,-0.001140062
Achnatherum,Gagea,10,5.5,4.0249572580018205,5.662478629,3.9574871774005462,6.7099829032007285,4.212478629000911,High_Plateau,0.4526387775160879,0.2371045648392171,18,-0.001600802
Achnatherum,Galactites,10,5.5,1.8769381153191724,4.588469057659586,3.3130814345957518,5.850775246127669,3.138469057659586,High_Plateau,0.3881734111843535,0.206779765,30,-0.00147978
Achnatherum,Galega,10,5.5,3.848802187211992,5.574401093605996,3.904640656163598,6.639520874884797,4.1244010936059965,High_Plateau,0.4038054864721768,0.287569377,36,-0.002531747
Achnatherum,Galinsoga,10,5.5,1.8710060598542162,4.585503029927108,3.3113018179562648,5.848402423941687,3.1355030299271083,High_Plateau,0.3361921072273461,0.2097066102301539,43,-0.001680472
Achnatherum,Galium,10,5.5,3.487392314972123,5.393696157486062,3.796217694491637,6.494956925988849,3.9436961574860616,High_Plateau,0.4323386707585368,0.2953654537180234,30,-0.002755629
Achnatherum,Gastridium,10,5.5,2.168898421632709,4.734449210816354,3.400669526489813,5.967559368653084,3.284449210816355,High_Plateau,0.576997912,0.5350815751424333,24,-0.001319166
Achnatherum,Gaudinia,10,5.5,2.9833382421841708,5.141669121092085,3.645001472655251,6.293335296873669,3.691669121092086,High_Plateau,0.6199083166353072,0.6044323623598292,22,-0.001160837
Achnatherum,Gazania,10,5.5,4.300244681995217,5.800122340997609,4.040073404598565,6.820097872798087,4.350122340997609,High_Plateau,0.3618995219319487,0.195315529,35,-0.001418043
Achnatherum,Genista,10,5.5,6.312722235303222,6.806361117651611,4.643816670590967,7.625088894121289,5.356361117651611,High_Plateau,0.390477702,0.2195304639554324,31,-0.001094479
Achnatherum,Gentianopsis,10,5.5,2.4199264918149708,4.859963245907485,3.475977947544491,6.0679705967259885,3.409963245907486,High_Plateau,0.3838749665894418,0.1983315277881303,30,-0.002223042
Achnatherum,Geranium,10,5.5,3.1735278817256396,5.2367639408628195,3.7020583645176917,6.369411152690256,3.786763941,High_Plateau,0.459479904,0.2835775779688425,22,-0.001171045
Achnatherum,Geum,10,5.5,3.843906776416295,5.571953388208147,3.9031720329248882,6.6375627105665185,4.121953388208148,High_Plateau,0.4439946458437704,0.3019092176958635,28,-0.001106479
Achnatherum,Gladiolus,10,5.5,3.817334773346671,5.558667386673335,3.8952004320040015,6.6269339093386685,4.108667386673336,High_Plateau,0.4737481521365594,0.2712129768816963,17,-0.002145007
Achnatherum,Glaucium,10,5.5,2.479415541875001,4.889707771,3.493824663,6.091766216750001,3.439707770937501,High_Plateau,0.4262672027822899,0.2008571736751171,20,-0.001887813
Achnatherum,Glinus,10,5.5,1.932966935484094,4.6164834677420465,3.329890080645228,5.873186774193638,3.1664834677420473,High_Plateau,0.3881737271808911,0.1738368649651401,26,-0.001145683
Achnatherum,Globularia,10,5.5,4.805540985216069,6.052770492608035,4.191662295564821,7.022216394086428,4.602770492608035,High_Plateau,0.388882688,0.2329552383176572,33,-0.001976709
Achnatherum,Glyceria,10,5.5,3.953533438503764,5.626766719251882,3.936060031551129,6.681413375401506,4.176766719251882,High_Plateau,0.70983661,0.671021803,8,-0.010167576
Achnatherum,Glycine,10,5.5,3.8878970272174955,5.593948513608748,3.9163691081652487,6.655158810886999,4.143948513608748,High_Plateau,0.3867020363448983,0.2451123043172138,35,-0.002376775
Achnatherum,Gomphocarpus,10,5.5,6.222747590286608,6.761373795143304,4.616824277085982,7.589099036114643,5.311373795143304,High_Plateau,0.3666997620314713,0.2213280046388923,37,-0.001286238
Achnatherum,Gypsophila,10,5.5,3.1832790918936635,5.241639545946832,3.704983727568099,6.373311636757466,3.7916395459468317,High_Plateau,0.42674054,0.2840131249727487,30,-0.001975291
Achnatherum,Halimione,10,5.5,4.860129908962744,6.080064954481372,4.208038972688823,7.0440519635850976,4.630064954481372,High_Plateau,0.4141740484684625,0.2176997678041723,25,-0.001552875
Achnatherum,Halimium,10,5.5,6.2523919969105055,6.776195998455252,4.625717599073152,7.600956798764202,5.326195998455253,High_Plateau,0.3999792587975283,0.230379593,30,-0.001420446
Achnatherum,Halopeplis,10,5.5,1.9401319817150695,4.620065990857535,3.3320395945145207,5.876052792686028,3.170065990857535,High_Plateau,0.3695274963087598,0.1695544089370064,30,-0.00181215
Achnatherum,Haplophyllum,10,5.5,3.860882099125824,5.580441049562912,3.9082646297377472,6.644352839650329,4.130441049562912,High_Plateau,0.4590048278281108,0.3401532502615488,29,-0.001128932
Achnatherum,Hedera,10,5.5,6.374375071222191,6.837187535611095,4.662312521366657,7.649750028488876,5.387187535611096,High_Plateau,0.3750380080709715,0.1888159731078499,31,-0.001918963
Achnatherum,Hedypnois,10,5.5,2.037424912,4.668712455913505,3.361227473548103,5.914969964730805,3.218712455913505,High_Plateau,0.3025719200697705,0.1341452788327526,42,-0.001171577
Achnatherum,Hedysarum,10,5.5,3.477940029733153,5.388970014866576,3.793382008919946,6.491176011893261,3.9389700148665767,High_Plateau,0.4301127979002051,0.3399426038922714,36,-0.001324766
Achnatherum,Helianthemum,10,5.5,5.361711736,6.330855868,4.358513521,7.244684694,4.880855868,High_Plateau,0.3943437367898625,0.1946221021834114,27,-0.002275883
Achnatherum,Helianthus,10,5.5,3.3545605011909063,5.327280250595453,3.7563681503572717,6.441824200476363,3.8772802505954536,High_Plateau,0.3709920663338744,0.3039176467350032,46,-0.001448392
Achnatherum,Helichrysum,10,5.5,3.552283194006126,5.426141597003063,3.815684958201838,6.5209132776024505,3.976141597003063,High_Plateau,0.4210188559725854,0.2971838592643409,33,-0.001758134
Achnatherum,Helictotrichon,10,5.5,4.081163392324973,5.690581696162486,3.9743490176974916,6.732465356929989,4.2405816961624865,High_Plateau,0.6698645224730935,0.6470080889953551,15,-0.002148645
Achnatherum,Heliotropium,10,5.5,2.5518216431968987,4.925910822,3.5155464929590696,6.120728657278759,3.4759108215984496,High_Plateau,0.4185112853510823,0.2427940092233968,27,-0.001459932
Achnatherum,Heracleum,10,5.5,3.4201490980141456,5.360074549007073,3.7760447294042434,6.468059639205658,3.910074549007073,High_Plateau,0.3585595528523552,0.2379470170742636,41,-0.001399831
Achnatherum,Herniaria,10,5.5,2.8469068388870302,5.073453419443515,3.604072051666109,6.238762735554812,3.623453419443515,High_Plateau,0.4377083379941413,0.2648708140144589,25,-0.002065211
Achnatherum,Hibiscus,10,5.5,4.4490149888129364,5.874507494406468,4.084704496643881,6.879605995525175,4.424507494406468,High_Plateau,0.3818869316883513,0.2025538842902533,31,-0.002119283
Achnatherum,Hippocrepis,10,5.5,4.647532377583252,5.973766188791625,4.144259713274975,6.959012951033301,4.523766188791626,High_Plateau,0.3813303191114647,0.2177849211392685,33,-0.001648812
Achnatherum,Hohenackeria,10,5.5,2.0472504517249765,4.673625225862488,3.3641751355174927,5.918900180689991,3.2236252258624885,High_Plateau,0.3586661155861447,0.1394756681609361,29,-0.001128144
Achnatherum,Holcus,10,5.5,3.5818132783785175,5.440906639189259,3.8245439835135553,6.532725311351407,3.9909066391892587,High_Plateau,0.6762462919148136,0.6761167771525833,17,-0.00168261
Achnatherum,Hordeum,10,5.5,2.7801573457597275,5.040078672879863,3.584047203727918,6.212062938303891,3.590078672879864,High_Plateau,0.6449119456651498,0.5804791772674354,13,-0.001221635
Achnatherum,Hornungia,10,5.5,1.982265303007245,4.641132651503622,3.3446795909021736,5.892906121202898,3.1911326515036227,High_Plateau,0.3673046480124349,0.1403715562503601,27,-0.001414041
Achnatherum,Humulus,10,5.5,3.7641222033861133,5.532061101693056,3.8792366610158338,6.605648881354446,4.082061101693057,High_Plateau,0.4604024393337071,0.3347433192792203,28,-0.001199052
Achnatherum,Hyacinthoides,10,5.5,4.068022747577227,5.684011373788613,3.970406824273168,6.727209099,4.234011373788613,High_Plateau,0.4402511544110351,0.2369574869218524,21,-0.001453973
Achnatherum,Hydrocotyle,10,5.5,3.405215057169429,5.352607528584715,3.7715645171508285,6.462086022867772,3.9026075285847144,High_Plateau,0.4404613422247457,0.2867957321821422,27,-0.001967978
Achnatherum,Hyoscyamus,10,5.5,2.2691361070200657,4.784568053510033,3.4307408321060198,6.007654442808026,3.334568053510033,High_Plateau,0.3752458794156638,0.1972909712666332,32,-0.00111935
Achnatherum,Hyoseris,10,5.5,3.3299642221406396,5.314982111,3.748989266642192,6.4319856888562565,3.864982111,High_Plateau,0.3390922575444091,0.1990120148984503,41,-0.001397773
Achnatherum,Hypecoum,10,5.5,1.876297934479797,4.588148967239898,3.312889380343939,5.850519173791919,3.1381489672398986,High_Plateau,0.4338030267485355,0.2076230290503715,19,-0.001454741
Achnatherum,Hypericum,10,5.5,4.177220500051675,5.738610250025838,4.0031661500155025,6.7708882,4.288610250025838,High_Plateau,0.4297361866658403,0.2570235128032639,26,-0.001454327
Achnatherum,Hypochaeris,10,5.5,3.5936598177452206,5.446829909,3.828097945323566,6.537463927098088,3.9968299088726105,High_Plateau,0.365286029,0.2432914043384827,40,-0.001952893
Achnatherum,Hypolepis,10,5.5,3.9608796825078425,5.630439841253921,3.9382639047523527,6.684351873003138,4.180439841253921,High_Plateau,0.4448373432351997,0.3036186883714226,28,-0.001226859
Achnatherum,Iberis,10,5.5,2.8188318837921664,5.059415941896083,3.595649565,6.227532753516867,3.609415941896083,High_Plateau,0.3618538314396842,0.1787788315636138,33,-0.001383241
Achnatherum,Ilex,10,5.5,6.237275777998559,6.7686378889992795,4.621182733399568,7.594910311199424,5.318637889,High_Plateau,0.4295930460335621,0.2239472160298547,22,-0.001887812
Achnatherum,Indigofera,10,5.5,5.729091368444358,6.514545684222179,4.468727410533307,7.391636547377743,5.064545684222179,High_Plateau,0.4098986877641917,0.2504196297954935,30,-0.00242634
Achnatherum,Inula,10,5.5,3.7769994845540027,5.5384997422770015,3.8830998453662007,6.610799793821601,4.088499742277001,High_Plateau,0.3975727544457527,0.2831023521791592,37,-0.001428052
Achnatherum,Ionopsidium,10,5.5,2.004487744495396,4.652243872247698,3.351346323348619,5.901795097798159,3.2022438722476982,High_Plateau,0.3693698206388394,0.1444230271697547,27,-0.001019669
Achnatherum,Ipomoea,10,5.5,3.1119721201174704,5.205986060058735,3.683591636035241,6.3447888480469885,3.7559860600587354,High_Plateau,0.3864822538422767,0.2115592786719923,31,-0.001193033
Achnatherum,Iris,10,5.5,3.8781122108504493,5.589056105425224,3.9134336632551348,6.651244884,4.139056105425225,High_Plateau,0.5082715901169486,0.3320037024660398,16,-0.001960145
Achnatherum,Isatis,10,5.5,2.3624160993077843,4.831208049653892,3.4587248297923354,6.0449664397231135,3.3812080496538925,High_Plateau,0.3426279211539745,0.156867707,35,-0.001894938
Achnatherum,Isoetes,10,5.5,3.917683144594709,5.608841572297354,3.9253049433784124,6.667073257837884,4.158841572297355,High_Plateau,0.4743536082857238,0.2971628127685619,20,-0.002551954
Achnatherum,Isolepis,10,5.5,3.1668661586225513,5.2334330793112755,3.700059847586765,6.3667464634490205,3.783433079311276,High_Plateau,0.4255287002418042,0.1748113001762176,17,-0.002331142
Achnatherum,Jasione,10,5.5,2.9461666690112565,5.123083334505628,3.6338500007033767,6.278466667604503,3.6730833345056286,High_Plateau,0.4147927547226899,0.2765666078309368,32,-0.00202878
Achnatherum,Jasminum,10,5.5,6.353569620074227,6.826784810037113,4.656070886022268,7.641427848029691,5.376784810037114,High_Plateau,0.386797824,0.1796657669193207,27,-0.002953331
Achnatherum,Jatropha,10,5.5,4.999301951138235,6.149650975569117,4.249790585,7.099720780455295,4.699650975569117,High_Plateau,0.404214414,0.2553160459602613,32,-0.001559373
Achnatherum,Juglans,10,5.5,6.152804289007499,6.726402145,4.595841287,7.561121716,5.276402145,High_Plateau,0.3976217591783036,0.2091750697916169,28,-0.001164606
Achnatherum,Juncus,10,5.5,3.647662905764089,5.473831452882044,3.844298871729227,6.559065162305636,4.023831452882044,High_Plateau,0.4664053077072151,0.1847370324292044,8,-0.013056743
Achnatherum,Juniperus,10,5.5,6.387877060942615,6.843938530471307,4.666363118282785,7.655150824377046,5.393938530471308,High_Plateau,0.4202353227194897,0.2051146599708038,22,-0.001302264
Achnatherum,Jurinea,10,5.5,3.674022784407195,5.4870113922035975,3.852206835322159,6.569609113762878,4.037011392203597,High_Plateau,0.4215681667990931,0.3147799819461189,35,-0.002053858
Achnatherum,Kalanchoe,10,5.5,3.7957925897433906,5.547896294871695,3.8887377769230174,6.618317035897356,4.0978962948716955,High_Plateau,0.4788085666643951,0.3224054192768576,22,-0.002023622
Achnatherum,Kickxia,10,5.5,2.5338733457749187,4.916936672887459,3.5101620037324754,6.1135493383099675,3.4669366728874595,High_Plateau,0.3497896703633837,0.1629044448368687,34,-0.001557027
Achnatherum,Knautia,10,5.5,3.6244126874777187,5.462206344,3.8373238062433153,6.549765074991088,4.0122063437388595,High_Plateau,0.423023333,0.2682891202593349,29,-0.001623233
Achnatherum,Koeleria,10,5.5,3.921398009,5.610699004636995,3.926419402782197,6.668559203709596,4.160699004636995,High_Plateau,0.6478951127120667,0.660405955,22,-0.001160837
Achnatherum,Lactuca,10,5.5,2.459571716156866,4.879785858078433,3.487871515,6.083828686462747,3.429785858078433,High_Plateau,0.3984630964294219,0.2604105601554815,34,-0.002353343
Achnatherum,Lamium,10,5.5,2.6036351584237307,4.951817579211865,3.531090547527119,6.141454063369492,3.5018175792118655,High_Plateau,0.3540023512896751,0.22061496,40,-0.001407449
Achnatherum,Lappula,10,5.5,2.021526577912442,4.660763288956221,3.3564579733737325,5.9086106311649775,3.210763288956221,High_Plateau,0.3644145955956167,0.1429587493056409,28,-0.00215464
Achnatherum,Lapsana,10,5.5,2.6490177449803185,4.974508872490159,3.5447053234940955,6.159607097992128,3.524508872490159,High_Plateau,0.3225101156781501,0.1576121924392659,40,-0.00131597
Achnatherum,Laserpitium,10,5.5,3.566802656997232,5.433401328498616,3.8200407970991694,6.526721062798893,3.9834013284986165,High_Plateau,0.405278386,0.3150306998228346,39,-0.001821697
Achnatherum,Lathyrus,10,5.5,3.2739172491636928,5.286958624581846,3.732175174749108,6.409566899665477,3.8369586245818468,High_Plateau,0.4138890901593892,0.3321353128711808,39,-0.001237718
Achnatherum,Launaea,10,5.5,4.770322719360034,6.035161359680017,4.181096816,7.008129087744013,4.585161359680017,High_Plateau,0.3400436528191737,0.2090887443315591,42,-0.001171577
Achnatherum,Laurus,10,5.5,6.469847033,6.884923517,4.690954109927036,7.687938813236048,5.4349235165450605,High_Plateau,0.4100726042179838,0.1518824076666713,18,-0.00115175
Achnatherum,Lavandula,10,5.5,6.345855106221716,6.822927553110858,4.653756531866515,7.638342042488686,5.372927553110858,High_Plateau,0.3707971831074985,0.1968995913518128,33,-0.002553523
Achnatherum,Leersia,10,5.5,3.7332050149078233,5.516602507453912,3.869961504472347,6.593282005963129,4.066602507453911,High_Plateau,0.7694445431387514,0.7834036804468792,7,-0.017093519
Achnatherum,Legousia,10,5.5,2.1115475145733327,4.705773757286666,3.383464254,5.944619005829333,3.2557737572866667,High_Plateau,0.3428247781749346,0.1571698629880654,35,-0.00143715
Achnatherum,Lemna,10,5.5,3.8450720430296026,5.572536021514801,3.9035216129088806,6.638028817211842,4.122536021514802,High_Plateau,0.4568564933992832,0.2372916189925496,17,-0.001454805
Achnatherum,Leontodon,10,5.5,3.5108142660479476,5.4054071330239735,3.8032442798143844,6.504325706419179,3.955407133023974,High_Plateau,0.3792394025196779,0.2874802437325676,42,-0.001171577
Achnatherum,Lepidium,10,5.5,2.8512542737062985,5.075627136853149,3.6053762821118895,6.240501709482519,3.6256271368531494,High_Plateau,0.3908673567794291,0.2039319179696658,29,-0.001396981
Achnatherum,Leucanthemum,10,5.5,3.7231175288913967,5.511558764445699,3.866935258667419,6.589247011556559,4.0615587644456985,High_Plateau,0.3813283042911341,0.2999264707211513,43,-0.001417804
Achnatherum,Leuzea,10,5.5,2.7263998684692163,5.013199934234608,3.567919960540765,6.190559947387687,3.5631999342346083,High_Plateau,0.4164825332107869,0.2633719804736972,30,-0.001349639
Achnatherum,Ligusticum,10,5.5,3.897969529649443,5.5989847648247215,3.919390858894833,6.659187811859777,4.148984764824721,High_Plateau,0.3840619431700236,0.2315626734949866,34,-0.002125443
Achnatherum,Ligustrum,10,5.5,6.338904075919841,6.819452037959921,4.651671222775953,7.635561630367937,5.369452038,High_Plateau,0.3733208453108305,0.1852779069110358,31,-0.00140026
Achnatherum,Lilium,10,5.5,4.234040308197788,5.767020154098894,4.020212092459337,6.793616123279115,4.317020154098895,High_Plateau,0.4133216901464492,0.1585224707298854,18,-0.001861206
Achnatherum,Limonium,10,5.5,3.9315651774518265,5.615782588725914,3.929469553235548,6.672626070980731,4.1657825887259134,High_Plateau,0.4350072127727706,0.2675236929389902,26,-0.001244967
Achnatherum,Linaria,10,5.5,2.7371946283003044,5.018597314150152,3.5711583884900913,6.194877851320122,3.5685973141501526,High_Plateau,0.3817727459203618,0.2351970602726081,35,-0.002093459
Achnatherum,Linum,10,5.5,3.1673058411937114,5.233652920596856,3.7001917523581134,6.366922336477485,3.7836529205968557,High_Plateau,0.434530062,0.2583858980501011,25,-0.001423389
Achnatherum,Lithodora,10,5.5,6.237288397974133,6.768644198987067,4.621186519,7.594915359189653,5.318644198987067,High_Plateau,0.4090041712659858,0.2239234825161687,27,-0.00217844
Achnatherum,Lobularia,10,5.5,2.9178426,5.1089213,3.6253527800142438,6.2671370400189925,3.6589213000237404,High_Plateau,0.3273837057517242,0.1837875225929802,42,-0.001264939
Achnatherum,Loeflingia,10,5.5,2.0252331538290944,4.662616576914547,3.357569946148728,5.910093261531638,3.2126165769145474,High_Plateau,0.3811845047544783,0.1435318805432378,24,-0.001704766
Achnatherum,Logfia,10,5.5,1.9912616053618528,4.645630802680927,3.3473784816085557,5.896504642144741,3.1956308026809266,High_Plateau,0.3073388839597978,0.1601788851305883,44,-0.001478189
Achnatherum,Lolium,10,5.5,2.504541055527839,4.902270527763919,3.5013623166583514,6.101816422211136,3.4522705277639196,High_Plateau,0.7116756542995982,0.7304680142569886,15,-0.001336953
Achnatherum,Lonicera,10,5.5,6.366717416500234,6.833358708250117,4.660015224950071,7.646686966600093,5.3833587082501175,High_Plateau,0.3838044075566138,0.1815443220538514,28,-0.001184384
Achnatherum,Lotononis,10,5.5,6.421984111,6.860992055,4.676595233282246,7.668793644376328,5.410992055470411,High_Plateau,0.3867879772497325,0.1958169299937855,29,-0.001615836
Achnatherum,Lotus,10,5.5,3.2532999605615256,5.276649980280762,3.7259899881684575,6.401319984,3.826649980280763,High_Plateau,0.3804463378927969,0.2570380044113529,38,-0.001274588
Achnatherum,Lupinus,10,5.5,3.318684706459158,5.309342353229579,3.7456054119377473,6.427473882583664,3.859342353229579,High_Plateau,0.3988590192057295,0.2201186176704109,29,-0.002413855
Achnatherum,Luzula,10,5.5,3.662734144357797,5.481367072178898,3.848820243307339,6.565093658,4.031367072178899,High_Plateau,0.475329655,0.2025857279033061,8,-0.013056743
Achnatherum,Lycium,10,5.5,6.283436465193934,6.791718232596967,4.63503094,7.613374586077574,5.341718232596968,High_Plateau,0.4041536450921799,0.2469500071654151,31,-0.001432763
Achnatherum,Lycopus,10,5.5,3.8230754614550486,5.561537730727524,3.8969226384365143,6.629230185,4.111537730727525,High_Plateau,0.3806378529817356,0.2739895679027754,40,-0.001925474
Achnatherum,Lysimachia,10,5.5,4.374735094,5.837367547,4.062420528149966,6.8498940375332875,4.387367547,High_Plateau,0.4011283108730342,0.2244359888244841,29,-0.001307794
Achnatherum,Lythrum,10,5.5,2.7511228033924575,5.025561401696229,3.5753368410177373,6.200449121356983,3.5755614016962287,High_Plateau,0.4316730299573602,0.2690647373492819,27,-0.001196127
Achnatherum,Magnolia,10,5.5,6.417818678145684,6.8589093390728415,4.675345603443705,7.667127471258274,5.408909339072842,High_Plateau,0.4391193774453845,0.1936962515262539,16,-0.001945017
Achnatherum,Malope,10,5.5,2.463459185695986,4.881729592847993,3.4890377557087957,6.085383674278395,3.431729592847993,High_Plateau,0.3375363986928901,0.1630405420241107,37,-0.001482559
Achnatherum,Malva,10,5.5,2.3614874512034185,4.830743725601709,3.4584462353610257,6.044594980481367,3.380743725601709,High_Plateau,0.3615056602668376,0.2191688518884211,38,-0.001335602
Achnatherum,Mandragora,10,5.5,3.8650981782288287,5.582549089114414,3.9095294534686484,6.6460392712915315,4.1325490891144145,High_Plateau,0.4361313042008062,0.3111153202370265,31,-0.002482737
Achnatherum,Marrubium,10,5.5,3.8377162338968587,5.568858116948429,3.901314870169058,6.6350864935587435,4.118858116948429,High_Plateau,0.3832261834407678,0.2872326358163992,41,-0.001161619
Achnatherum,Marsilea,10,5.5,3.6990982444315095,5.499549122215755,3.8597294733294527,6.579639297772604,4.049549122215755,High_Plateau,0.4623161514548128,0.3221784219836314,26,-0.001429226
Achnatherum,Matricaria,10,5.5,2.5139158234543255,4.9069579117271624,3.5041747470362976,6.105566329,3.456957911727163,High_Plateau,0.3118647865599365,0.1611071990526806,43,-0.001956623
Achnatherum,Matthiola,10,5.5,2.834793610611891,5.067396805305945,3.600438083183567,6.2339174442447565,3.6173968053059458,High_Plateau,0.3743312824325173,0.1791775071246024,30,-0.00188978
Achnatherum,Medicago,10,5.5,2.6346503781437014,4.967325189,3.540395113,6.153860151257481,3.517325189071851,High_Plateau,0.3241451117738593,0.1609043760012931,40,-0.001426927
Achnatherum,Melaleuca,10,5.5,6.169946277502476,6.734973138751238,4.600983883250743,7.567978511000991,5.284973138751238,High_Plateau,0.3960271450376782,0.2142929003985006,29,-0.001604011
Achnatherum,Melampyrum,10,5.5,2.1115475145733327,4.705773757286666,3.383464254,5.944619005829333,3.2557737572866667,High_Plateau,0.3550402173762799,0.1571698629880655,32,-0.002570429
Achnatherum,Melica,10,5.5,3.7332050149078233,5.516602507453912,3.869961504472347,6.593282005963129,4.066602507453911,High_Plateau,0.7660275483777537,0.7834036804468792,8,-0.010167576
Achnatherum,Melilotus,10,5.5,2.079335559271982,4.689667779635991,3.3738006677815946,5.931734223708792,3.239667779635991,High_Plateau,0.3210980320651758,0.1629906241517957,41,-0.001233074
Achnatherum,Mentha,10,5.5,3.7560389614135854,5.528019480706792,3.8768116884240755,6.602415584565435,4.078019480706793,High_Plateau,0.365621917,0.2439921075895202,40,-0.002097529
Achnatherum,Mercurialis,10,5.5,3.387538924247241,5.343769462,3.7662616772741724,6.4550155696988964,3.893769462123621,High_Plateau,0.4035854462682555,0.2622335013759523,33,-0.001340441
Achnatherum,Mesembryanthemum,10,5.5,1.9851400835195585,4.642570041759779,3.3455420250558676,5.894056033407823,3.1925700417597795,High_Plateau,0.3721301423036436,0.1418062980209373,26,-0.001428697
Achnatherum,Micromeria,10,5.5,5.232445827233046,6.266222913616523,4.319733748169914,7.192978330893219,4.816222913616523,High_Plateau,0.3525839671381142,0.2177900369026498,40,-0.001466678
Achnatherum,Milium,10,5.5,2.858625152952711,5.079312576476355,3.607587545885813,6.243450061181084,3.6293125764763556,High_Plateau,0.7048859689656839,0.7496206561282756,19,-0.000613454
Achnatherum,Minuartia,10,5.5,3.3841848229722475,5.3420924114861235,3.765255446891674,6.453673929188899,3.892092411486124,High_Plateau,0.393182272,0.1921024642540363,27,-0.001292345
Achnatherum,Mirabilis,10,5.5,3.838477187,5.5692385934587545,3.901543156075253,6.635390874767005,4.119238593458755,High_Plateau,0.4403700894025162,0.2947741649813368,28,-0.00167678
Achnatherum,Miscanthus,10,5.5,3.7565445015384338,5.528272250769216,3.87696335,6.6026178006153735,4.078272250769217,High_Plateau,0.7569845205992136,0.7881469431137128,11,-0.001026496
Achnatherum,Misopates,10,5.5,1.9245477055644407,4.612273853,3.3273643116693323,5.869819082225776,3.1622738527822207,High_Plateau,0.3378050597569557,0.1717401180805816,38,-0.001197938
Achnatherum,Moehringia,10,5.5,3.571200841064401,5.435600421,3.8213602523193204,6.528480336,3.985600420532201,High_Plateau,0.4413721122067614,0.3132424914182498,30,-0.001806404
Achnatherum,Moenchia,10,5.5,2.0260278266151497,4.663013913307575,3.3578083479845446,5.910411131,3.213013913307575,High_Plateau,0.3481561248221995,0.143136759,32,-0.001245836
Achnatherum,Montia,10,5.5,2.2926079949431237,4.796303997471561,3.437782398482937,6.017043198,3.346303997471562,High_Plateau,0.4041070988539122,0.2304058480252932,29,-0.00136921
Achnatherum,Moricandia,10,5.5,3.8561020041044536,5.578051002052227,3.906830601231336,6.642440801641781,4.128051002052227,High_Plateau,0.3469595168871436,0.2312117826488159,43,-0.001532238
Achnatherum,Morus,10,5.5,6.138158272259253,6.7190791361296265,4.5914474816777755,7.555263308903701,5.269079136129626,High_Plateau,0.4004652471989717,0.2066930462730414,27,-0.001415499
Achnatherum,Muehlenbeckia,10,5.5,5.463227046201521,6.381613523100761,4.388968113860456,7.285290818480608,4.9316135231007605,High_Plateau,0.400701205,0.2482064118842682,32,-0.001143293
Achnatherum,Muscari,10,5.5,3.7447202924208582,5.5223601462104295,3.873416087726257,6.597888116968344,4.072360146210429,High_Plateau,0.488382666,0.3332205100224763,21,-0.001453973
Achnatherum,Myoporum,10,5.5,6.195554720415697,6.747777360207849,4.608666416124709,7.578221888166279,5.297777360207849,High_Plateau,0.3683302376293814,0.2165755405061408,36,-0.002315052
Achnatherum,Myosotis,10,5.5,2.7617799193314476,5.030889959665724,3.5785339757994343,6.204711967732579,3.5808899596657238,High_Plateau,0.3741406330341423,0.1706301012488255,29,-0.002155135
Achnatherum,Myriophyllum,10,5.5,3.7676197965483462,5.533809898274173,3.880285938964504,6.6070479186193385,4.083809898274174,High_Plateau,0.4199816968842689,0.2046298282870852,22,-0.001414364
Achnatherum,Najas,10,5.5,2.1195285289163044,4.709764264458152,3.385858558674891,5.947811411566522,3.2597642644581524,High_Plateau,0.4100482029886399,0.1436241381563276,17,-0.001200305
Achnatherum,Narcissus,10,5.5,3.9601016678166308,5.6300508339083155,3.938030500344989,6.684040667126652,4.180050833908315,High_Plateau,0.477030622,0.285918554,18,-0.001752302
Achnatherum,Nasturtium,10,5.5,3.8119227905555415,5.555961395,3.8935768371666626,6.624769116222216,4.105961395277771,High_Plateau,0.4098596513345794,0.2747606728421075,33,-0.001234248
Achnatherum,Nepeta,10,5.5,3.677684954820007,5.488842477410003,3.853305486446002,6.571073981928003,4.038842477410004,High_Plateau,0.4049774192909187,0.3143865909195502,39,-0.001610816
Achnatherum,Nicotiana,10,5.5,2.9485618997262764,5.124280949863138,3.634568569917883,6.27942476,3.6742809498631384,High_Plateau,0.3920990181349933,0.2145831668437686,30,-0.001240721
Achnatherum,Nigella,10,5.5,2.154580365221964,4.727290182610982,3.3963741095665894,5.961832146088786,3.277290182610982,High_Plateau,0.3815100289995913,0.1441372540579435,24,-0.001476391
Achnatherum,Nonea,10,5.5,2.2255601068577517,4.762780053428876,3.4176680320573256,5.990224042743101,3.312780053428876,High_Plateau,0.3645213491643426,0.1513311344316504,29,-0.001853139
Achnatherum,Nuphar,10,5.5,3.846208007036496,5.573104003518248,3.9038624021109487,6.638483202814599,4.1231040035182485,High_Plateau,0.4842031692989064,0.2837030204131563,16,-0.001140943
Achnatherum,Nymphaea,10,5.5,3.640503993,5.470251996522065,3.842151197913239,6.556201597217652,4.020251996522065,High_Plateau,0.4958511629106976,0.3069990076367386,16,-0.001140943
Achnatherum,Nymphoides,10,5.5,3.5012106946110757,5.400605347305538,3.800363208383323,6.500484278,3.950605347305538,High_Plateau,0.4379756184694822,0.2981508240696098,29,-0.001408895
Achnatherum,Ocimum,10,5.5,2.865090279347507,5.082545139673753,3.609527083804252,6.246036111739003,3.632545139673754,High_Plateau,0.3830914069755823,0.2541122964758484,37,-0.001291248
Achnatherum,Odontites,10,5.5,2.4908327490499227,4.895416374524961,3.497249824714977,6.096333099619969,3.4454163745249615,High_Plateau,0.3348542158810919,0.1494378417554097,36,-0.001386776
Achnatherum,Oenanthe,10,5.5,3.5915542380394148,5.4457771190197075,3.8274662714118244,6.536621695215766,3.9957771190197073,High_Plateau,0.4015293851910868,0.2828698569680521,36,-0.001795159
Achnatherum,Onobrychis,10,5.5,3.674499988211491,5.4872499941057455,3.852349996463447,6.569799995284597,4.037249994105745,High_Plateau,0.3933237799419119,0.2663947814919482,36,-0.001475834
Achnatherum,Ononis,10,5.5,3.6570668554941173,5.478533427747059,3.847120056648235,6.562826742197647,4.028533427747059,High_Plateau,0.3455151544212652,0.1955059824234829,39,-0.001830423
Achnatherum,Onopordum,10,5.5,1.9087923171233399,4.604396159,3.322637695137002,5.863516926849336,3.154396159,High_Plateau,0.346678213,0.1896050328662465,38,-0.001790982
Achnatherum,Ophioglossum,10,5.5,4.452454789499802,5.876227395,4.085736437,6.8809819157999215,4.426227394749901,High_Plateau,0.3706062980435305,0.089447663,20,-0.001449305
Achnatherum,Ophrys,10,5.5,3.949766287985956,5.624883143992978,3.9349298863957864,6.679906515194382,4.174883143992978,High_Plateau,0.4772556485412965,0.2948314293397008,19,-0.002970524
Achnatherum,Opuntia,10,5.5,5.709493008365756,6.504746504182878,4.4628479025097265,7.383797203346303,5.054746504182878,High_Plateau,0.4118418837812403,0.2542433366086937,30,-0.002112914
Achnatherum,Orchis,10,5.5,4.118927062357625,5.7094635311788124,3.9856781187072876,6.747570825,4.259463531178813,High_Plateau,0.4314648386373331,0.2031694588582569,19,-0.002568771
Achnatherum,Origanum,10,5.5,5.148712387617684,6.224356193808842,4.294613716285305,7.159484955047073,4.774356193808842,High_Plateau,0.3501041999957958,0.2209910819960232,41,-0.001173684
Achnatherum,Ornithogalum,10,5.5,3.8628068571132563,5.581403428556628,3.9088420571339766,6.645122742845302,4.131403428556628,High_Plateau,0.4733758697744741,0.2952970775383924,20,-0.003000663
Achnatherum,Ornithopus,10,5.5,2.0111295354777354,4.655564767738868,3.3533388606433205,5.904451814191095,3.205564767738868,High_Plateau,0.3627969723815498,0.2054076537732979,36,-0.001808271
Achnatherum,Orobanche,10,5.5,3.831583066678623,5.565791533339311,3.8994749200035868,6.632633227,4.115791533339312,High_Plateau,0.4218722435892871,0.2988173078404554,33,-0.001391501
Achnatherum,Osmunda,10,5.5,3.989349699253313,5.644674849626656,3.946804909775994,6.695739879701325,4.194674849626656,High_Plateau,0.4734434990413361,0.2953540459111833,20,-0.002609212
Achnatherum,Osyris,10,5.5,6.752377499099964,7.026188749549982,4.775713249729989,7.800950999639985,5.576188749549982,High_Plateau,0.3248162468957579,0.047132582,26,-0.001199074
Achnatherum,Oxalis,10,5.5,3.773820773594426,5.536910386797213,3.8821462320783278,6.609528309437771,4.086910386797213,High_Plateau,0.4300813714019686,0.2331550742298445,23,-0.001947958
Achnatherum,Oxytropis,10,5.5,3.8742699587598337,5.5871349793799165,3.912280988,6.649707983503934,4.137134979379917,High_Plateau,0.4199663846596587,0.3196760113238541,36,-0.001455936
Achnatherum,Paeonia,10,5.5,4.068004178890961,5.684002089,3.970401253667288,6.727201671556385,4.234002089445481,High_Plateau,0.4456398656673558,0.2233667548311497,18,-0.002900871
Achnatherum,Pancratium,10,5.5,3.9635536605314745,5.631776830265737,3.9390660981594423,6.685421464,4.181776830265737,High_Plateau,0.4517711733297439,0.2436069344532065,19,-0.001692802
Achnatherum,Panicum,10,5.5,2.948417924,5.124208962,3.634525377193064,6.279367169590752,3.674208962,High_Plateau,0.6654831393734383,0.5968035162543415,10,-0.000419064
Achnatherum,Papaver,10,5.5,2.5967977274765657,4.948398863738283,3.529039318,6.138719090990627,3.498398863738283,High_Plateau,0.4055779088468653,0.1757692281752051,22,-0.001149244
Achnatherum,Parapholis,10,5.5,2.168898421632709,4.734449210816354,3.400669526489813,5.967559368653084,3.284449210816355,High_Plateau,0.6057451119763645,0.5350815751424332,17,-0.0015184
Achnatherum,Parentucellia,10,5.5,2.1115475145733327,4.705773757286666,3.383464254,5.944619005829333,3.2557737572866667,High_Plateau,0.3428127797009814,0.1571698629880654,35,-0.001557134
Achnatherum,Parietaria,10,5.5,2.589073421178432,4.944536710589216,3.5267220263535295,6.135629368471373,3.494536710589216,High_Plateau,0.3739409477297612,0.1700108591262763,29,-0.001055777
Achnatherum,Paronychia,10,5.5,3.240599699090602,5.270299849545301,3.7221799097271804,6.396239879636241,3.820299849545301,High_Plateau,0.4006181993693365,0.1906342709603517,25,-0.001783882
Achnatherum,Paspalum,10,5.5,3.743108304341685,5.521554152170842,3.8729324913025054,6.597243321736674,4.071554152170843,High_Plateau,0.6911170690957245,0.664529616,12,-0.000518484
Achnatherum,Passiflora,10,5.5,5.1516695131253964,6.225834756562698,4.295500853937619,7.160667805250158,4.775834756562698,High_Plateau,0.4201647352558307,0.2462028145842919,27,-0.00196946
Achnatherum,Pelargonium,10,5.5,5.144518558352374,6.222259279176187,4.293355567505712,7.157807423,4.772259279176187,High_Plateau,0.4403855305943612,0.2372172274928383,21,-0.001408914
Achnatherum,Periploca,10,5.5,6.222747590286608,6.761373795143304,4.616824277085982,7.589099036114643,5.311373795143304,High_Plateau,0.3708129851196363,0.2213280046388923,36,-0.001249898
Achnatherum,Persicaria,10,5.5,2.574744674497974,4.937372337248987,3.522423402349392,6.12989787,3.487372337248987,High_Plateau,0.4108180302362846,0.2356155133545049,28,-0.001404114
Achnatherum,Petasites,10,5.5,3.7716160816717923,5.535808040835896,3.8814848245015376,6.608646432668717,4.0858080408358965,High_Plateau,0.3899812018891989,0.2926729541438725,40,-0.001908916
Achnatherum,Petrorhagia,10,5.5,2.426429011444623,4.863214505722311,3.477928703433387,6.070571604577849,3.413214505722312,High_Plateau,0.3611483733077397,0.1691603734296216,32,-0.001441422
Achnatherum,Petroselinum,10,5.5,2.0472504517249765,4.673625225862488,3.3641751355174927,5.918900180689991,3.2236252258624885,High_Plateau,0.3216729393767026,0.1394756681609361,38,-0.001196892
Achnatherum,Phacelia,10,5.5,2.2968382233889555,4.798419111694478,3.4390514670166867,6.0187352893555826,3.348419111694478,High_Plateau,0.3482900930374915,0.1516337327763244,33,-0.001295131
Achnatherum,Phagnalon,10,5.5,6.219746521,6.759873260539065,4.615923956323439,7.587898608431252,5.3098732605390655,High_Plateau,0.367156215,0.2387227008398178,39,-0.001503412
Achnatherum,Phalaris,10,5.5,2.829025850869966,5.0645129254349825,3.598707755,6.231610340347986,3.6145129254349833,High_Plateau,0.6336344888887869,0.5910818479946456,17,-0.002625995
Achnatherum,Phillyrea,10,5.5,6.176342239591468,6.738171119795734,4.602902672,7.570536895836588,5.288171119795734,High_Plateau,0.3873201605364739,0.2132287232232947,31,-0.001161189
Achnatherum,Phlomis,10,5.5,5.646870230660586,6.473435115330293,4.444061069198176,7.358748092264234,5.023435115330293,High_Plateau,0.3551761174160078,0.2148458713516998,39,-0.001920237
Achnatherum,Phoenix,10,5.5,6.200260716708745,6.750130358354372,4.610078215012623,7.580104286683499,5.300130358354373,High_Plateau,0.4748085447289558,0.2173789840632587,10,-0.01004235
Achnatherum,Physalis,10,5.5,3.268229541388884,5.284114770694442,3.7304688624166653,6.407291816555554,3.834114770694442,High_Plateau,0.4028762755177728,0.2690622920650247,34,-0.001480212
Achnatherum,Physospermum,10,5.5,3.8477605513090776,5.573880275654538,3.904328165392723,6.639104220523631,4.123880275654539,High_Plateau,0.4222909964778353,0.2915539533998444,32,-0.00198309
Achnatherum,Phytolacca,10,5.5,4.101580116133331,5.700790058066666,3.9804740348399994,6.7406320464533325,4.2507900580666655,High_Plateau,0.4543901715228715,0.2984156177662743,25,-0.002970894
Achnatherum,Picris,10,5.5,2.4851786011764627,4.892589300588231,3.4955535803529387,6.094071440470586,3.4425893005882315,High_Plateau,0.3602445189774558,0.2413165377645435,41,-0.001397773
Achnatherum,Pilosella,10,5.5,3.965652328018342,5.632826164009171,3.9396956984055027,6.686260931207337,4.182826164009171,High_Plateau,0.3750374610950966,0.2462590355762889,38,-0.001468512
Achnatherum,Pilularia,10,5.5,4.044499159294114,5.6722495796470564,3.963349747788234,6.717799663717646,4.222249579647057,High_Plateau,0.4088704248294692,0.2152869687329441,26,-0.001429226
Achnatherum,Pimpinella,10,5.5,3.3380639666754486,5.319031983337724,3.7514191900026344,6.435225587,3.8690319833377247,High_Plateau,0.4268331589110721,0.3088452441695854,33,-0.001922029
Achnatherum,Pinus,10,5.5,6.470592847842474,6.885296423921237,4.691177854352742,7.688237139,5.435296423921237,High_Plateau,0.4049946511432107,0.166422505,21,-0.001344097
Achnatherum,Piptatherum,10,5.5,3.797664091286196,5.548832045643098,3.889299227385859,6.619065636514478,4.098832045643098,High_Plateau,0.7526691207202725,0.795614816,13,0.00067192
Achnatherum,Pistacia,10,5.5,6.180085280010416,6.740042640005208,4.604025584003125,7.572034112004166,5.290042640005208,High_Plateau,0.4113367234025773,0.2283871179734406,27,-0.001171096
Achnatherum,Pistorinia,10,5.5,1.876297934479797,4.588148967239898,3.312889380343939,5.850519173791919,3.1381489672398986,High_Plateau,0.4214392371974976,0.2076230290503715,22,-0.001804965
Achnatherum,Pittosporum,10,5.5,6.213567641005639,6.756783821,4.614070292301692,7.585427056402256,5.306783821,High_Plateau,0.3997540366765737,0.2217369770722152,29,-0.001555477
Achnatherum,Plantago,10,5.5,3.0859921061790856,5.1929960530895425,3.6757976318537255,6.334396842471635,3.742996053089543,High_Plateau,0.3827761463753654,0.2371512164874046,35,-0.001830235
Achnatherum,Platanthera,10,5.5,3.941315797221878,5.620657898610939,3.9323947391665635,6.676526318888751,4.170657898610939,High_Plateau,0.4644538868153827,0.2853186451891316,21,-0.00123244
Achnatherum,Platycapnos,10,5.5,1.876297934479797,4.588148967239898,3.312889380343939,5.850519173791919,3.1381489672398986,High_Plateau,0.4337169523739231,0.2076230290503715,19,-0.002315485
Achnatherum,Poa,10,5.5,3.7704051565778465,5.535202578288923,3.881121546973354,6.608162062631139,4.085202578288923,High_Plateau,0.6682877107691306,0.6602750297577409,17,-0.002059685
Achnatherum,Polycarpon,10,5.5,2.4604985248252835,4.880249262412642,3.488149557447585,6.084199409930114,3.4302492624126417,High_Plateau,0.3877496242002494,0.17325484,26,-0.00247659
Achnatherum,Polycnemum,10,5.5,1.9317220963283621,4.615861048164181,3.3295166288985087,5.872688838531345,3.165861048164181,High_Plateau,0.3898229429593145,0.1771932655215661,26,-0.001435528
Achnatherum,Polygala,10,5.5,4.0477609899996825,5.673880494999841,3.9643282969999047,6.719104395999873,4.223880494999841,High_Plateau,0.4288907952334453,0.2306413682382272,23,-0.00128519
Achnatherum,Polygonatum,10,5.5,3.9746744342765377,5.637337217138269,3.9424023302829614,6.689869773710615,4.1873372171382695,High_Plateau,0.4543660751915189,0.2733999858657106,22,-0.001421369
Achnatherum,Polygonum,10,5.5,2.694730816354002,4.997365408177001,3.5584192449062004,6.177892326541601,3.547365408177001,High_Plateau,0.3828280910553447,0.1715229448462024,27,-0.001936553
Achnatherum,Polypodium,10,5.5,4.004951073573016,5.652475536786508,3.951485322071905,6.701980429429207,4.202475536786508,High_Plateau,0.4057031857259396,0.2583420034251839,32,-0.001801448
Achnatherum,Polypogon,10,5.5,3.069670750442374,5.184835375221187,3.670901225132712,6.3278683,3.734835375221187,High_Plateau,0.6156769694946344,0.6124396899525282,24,-0.001319166
Achnatherum,Polystichum,10,5.5,3.9455496392486715,5.622774819624336,3.933664891774601,6.678219855699469,4.172774819624336,High_Plateau,0.4264593509248214,0.2833387905885522,30,-0.001415512
Achnatherum,Populus,10,5.5,5.614888957913927,6.457444478956964,4.4344666873741785,7.345955583165571,5.007444478956964,High_Plateau,0.4001444312023133,0.2224372775562416,29,-0.001153035
Achnatherum,Portulaca,10,5.5,2.5264575449955524,4.913228772497776,3.5079372634986656,6.110583017998221,3.4632287724977764,High_Plateau,0.4120109632512432,0.2298527102333979,27,-0.001756658
Achnatherum,Potamogeton,10,5.5,3.760601275700611,5.5303006378503055,3.878180382710183,6.604240510280245,4.080300637850305,High_Plateau,0.4928773801739246,0.2928093943216135,15,-0.001026595
Achnatherum,Potentilla,10,5.5,3.782312625762178,5.541156312881089,3.8846937877286534,6.612925050304872,4.091156313,High_Plateau,0.3986718770942001,0.2196284002199256,29,-0.001834189
Achnatherum,Primula,10,5.5,3.7070794502698465,5.503539725134923,3.862123835080954,6.582831780107939,4.053539725134923,High_Plateau,0.4581157417373483,0.3219927760841682,27,-0.001409203
Achnatherum,Prosopis,10,5.5,6.240886681828163,6.770443340914081,4.6222660045484485,7.596354672731266,5.320443340914082,High_Plateau,0.4131796361946279,0.2485715090195696,29,-0.001472142
Achnatherum,Prunella,10,5.5,3.7652699015875153,5.532634950793757,3.8795809704762547,6.606107960635006,4.082634950793758,High_Plateau,0.3945920834520818,0.2936159192418765,39,-0.001610816
Achnatherum,Prunus,10,5.5,6.257069620052839,6.77853481,4.6271208860158515,7.6028278480211355,5.32853481,High_Plateau,0.4031447642369595,0.2203193856389226,28,-0.001656135
Achnatherum,Psidium,10,5.5,6.224691746670989,6.762345873335494,4.617407524001297,7.589876698668396,5.312345873335495,High_Plateau,0.3956260703000012,0.2216724605803482,30,-0.001416668
Achnatherum,Pteris,10,5.5,4.036403809086293,5.668201904543146,3.960921142725888,6.714561523634517,4.218201904543147,High_Plateau,0.4039948893094023,0.2219665858805508,28,-0.001390886
Achnatherum,Ptilostemon,10,5.5,3.9709115626160947,5.635455781308047,3.9412734687848285,6.688364625046438,4.185455781308048,High_Plateau,0.358952096,0.2388150027531603,41,-0.001814329
Achnatherum,Puccinellia,10,5.5,3.594814922262824,5.447407461131412,3.828444476678847,6.537925969,3.997407461131412,High_Plateau,0.6580319108658252,0.6398413493342392,17,-0.002449282
Achnatherum,Pulicaria,10,5.5,2.685503917926559,4.992751959,3.555651175377968,6.174201567170623,3.5427519589632794,High_Plateau,0.3750532146037014,0.2544436382996483,39,-0.0011381
Achnatherum,Quercus,10,5.5,6.127682124712987,6.713841062356494,4.588304637413896,7.551072849885195,5.2638410623564935,High_Plateau,0.4003603684907506,0.2064831670917922,27,-0.00141489
Achnatherum,Ranunculus,10,5.5,3.5361292111360756,5.418064605568038,3.810838763340823,6.514451684,3.968064605568038,High_Plateau,0.4221281048364933,0.2419616226216998,26,-0.002225695
Achnatherum,Raphanus,10,5.5,2.1255577338764113,4.712778866938206,3.3876673201629233,5.950223093550565,3.2627788669382056,High_Plateau,0.3271677103665062,0.1671353441616992,40,-0.002355782
Achnatherum,Rapistrum,10,5.5,2.464646549727683,4.882323274863841,3.489393964918305,6.085858619891074,3.4323232748638417,High_Plateau,0.3163555076359704,0.1618341692945263,42,-0.001780154
Achnatherum,Reichardia,10,5.5,2.974875893,5.1374379465710245,3.642462767942615,6.289950357,3.687437946571025,High_Plateau,0.3712301993076261,0.2714618373084638,42,-0.001171577
Achnatherum,Reseda,10,5.5,2.624764308522571,4.962382154261285,3.537429292556771,6.149905723409028,3.5123821542612856,High_Plateau,0.4087299584787298,0.2068355835308118,25,-0.001672853
Achnatherum,Rhamnus,10,5.5,6.314778459829479,6.807389229914739,4.644433537948844,7.625911383931792,5.357389229914739,High_Plateau,0.3899172724034674,0.1855466593568892,27,-0.001163312
Achnatherum,Rhus,10,5.5,6.248450330218181,6.774225165,4.624535099065454,7.599380132087273,5.324225165109091,High_Plateau,0.414857612,0.2272542131663719,26,-0.001393574
Achnatherum,Rhynchospora,10,5.5,3.9782027413008354,5.639101370650417,3.9434608223902505,6.691281096520335,4.189101370650418,High_Plateau,0.4830718100186746,0.255843316,13,0.003556314
Achnatherum,Ribes,10,5.5,6.185969427030409,6.742984713515204,4.605790828109122,7.574387770812164,5.292984713515205,High_Plateau,0.43331975,0.214958381,20,-0.001868371
Achnatherum,Robinia,10,5.5,6.2568998380532115,6.778449919026606,4.6270699514159634,7.602759935221284,5.328449919026606,High_Plateau,0.39645401,0.2398129415530571,32,-0.001647897
Achnatherum,Romulea,10,5.5,3.923905743696896,5.611952871848448,3.927171723109069,6.669562297478759,4.161952871848448,High_Plateau,0.4735489192870023,0.3036357345962539,21,-0.001867562
Achnatherum,Rorippa,10,5.5,3.108583631374959,5.204291816,3.6825750894124876,6.343433452549984,3.7542918156874796,High_Plateau,0.4153789149814949,0.2613470528321261,30,-0.002261183
Achnatherum,Rosa,10,5.5,6.224597269383739,6.762298634691869,4.617379180815122,7.589838907753496,5.312298634691869,High_Plateau,0.4042864343596349,0.2226867963045333,28,-0.002076487
Achnatherum,Rostraria,10,5.5,2.0960074820342904,4.698003741017145,3.378802244610287,5.9384029928137165,3.248003741017145,High_Plateau,0.593428839,0.5433022405040896,21,-0.001400897
Achnatherum,Rubia,10,5.5,3.686628495628977,5.493314247814489,3.855988548688693,6.574651398251591,4.043314247814489,High_Plateau,0.4438790710117354,0.3183437832791717,30,-0.002243275
Achnatherum,Rubus,10,5.5,6.169662621125796,6.734831310562898,4.600898786337739,7.567865048450319,5.284831310562899,High_Plateau,0.372757248,0.1512786641591723,27,-0.001423578
Achnatherum,Rudbeckia,10,5.5,3.645493996238512,5.472746998119256,3.8436481988715534,6.558197598495405,4.022746998119256,High_Plateau,0.3619836333966447,0.3187662386249205,50,-0.001392119
Achnatherum,Ruellia,10,5.5,4.017616636757722,5.658808318378862,3.955284991027317,6.707046654703089,4.208808318378861,High_Plateau,0.384915523,0.2166762468643782,32,-0.001349295
Achnatherum,Rumex,10,5.5,3.5808003155106602,5.440400158,3.824240094653198,6.532320126204264,3.9904001577553303,High_Plateau,0.4193941549986312,0.2773662980630026,31,-0.001109118
Achnatherum,Ruppia,10,5.5,3.5283907896168496,5.4141953948084245,3.808517236885055,6.511356316,3.964195394808425,High_Plateau,0.4565405531879996,0.2119810793749018,14,-0.00134918
Achnatherum,Ruscus,10,5.5,4.953557276121173,6.126778638060586,4.236067182836352,7.081422910448469,4.676778638060586,High_Plateau,0.4495339801459387,0.2555966331493468,21,-0.001821446
Achnatherum,Ruta,10,5.5,3.6432773617202856,5.471638680860143,3.8429832085160855,6.557310944688115,4.021638680860143,High_Plateau,0.4465106078798885,0.3070131748024702,28,-0.001466645
Achnatherum,Sagina,10,5.5,3.1276786468251414,5.213839323412571,3.688303594047542,6.351071458730057,3.763839323412571,High_Plateau,0.4317208897368579,0.2939501173097645,30,-0.001856758
Achnatherum,Salicornia,10,5.5,2.5547868888076164,4.927393444403808,3.516436066642285,6.121914755523047,3.477393444403808,High_Plateau,0.3737556819111928,0.1698864435717718,29,-0.002286358
Achnatherum,Salix,10,5.5,5.822321069036211,6.561160534518105,4.496696320710863,7.428928427614485,5.111160534518106,High_Plateau,0.4091191131787602,0.2403866415091354,29,-0.001153035
Achnatherum,Salsola,10,5.5,3.415421829189828,5.357710914594914,3.7746265487569484,6.466168731675932,3.9077109145949143,High_Plateau,0.3850070117337119,0.167742588,26,-0.002341452
Achnatherum,Salvia,10,5.5,4.007692672061457,5.653846336030728,3.9523078016184368,6.703077068824583,4.203846336030729,High_Plateau,0.3839231685077154,0.2478335033058835,36,-0.002675557
Achnatherum,Salvinia,10,5.5,2.0308229839125946,4.665411491956297,3.3592468951737784,5.9123291935650375,3.2154114919562975,High_Plateau,0.3732660221860396,0.1440781634460848,26,-0.001429226
Achnatherum,Sambucus,10,5.5,6.009821427625945,6.654910713812972,4.552946428287783,7.503928571050379,5.204910713812973,High_Plateau,0.4237291775406311,0.2450784010158276,26,-0.00179886
Achnatherum,Samolus,10,5.5,3.676893603880603,5.488446801940301,3.8530680811641806,6.570757441552241,4.038446801940301,High_Plateau,0.4675208145191413,0.3162810902878274,24,-0.002087717
Achnatherum,Santolina,10,5.5,6.185480425286264,6.742740212643132,4.6056441275858795,7.574192170114506,5.292740212643132,High_Plateau,0.3346939803359581,0.2148079433153595,44,-0.001072516
Achnatherum,Sapindus,10,5.5,6.243805715548893,6.771902857774446,4.623141714664667,7.597522286219558,5.321902857774447,High_Plateau,0.405169928,0.2243297477085356,28,-0.001456311
Achnatherum,Saponaria,10,5.5,3.174982430860737,5.237491215430368,3.702494729258221,6.369992972344295,3.787491215430369,High_Plateau,0.4257557059757929,0.2902271009322749,31,-0.001797623
Achnatherum,Sarcocapnos,10,5.5,4.044499159294114,5.6722495796470564,3.963349747788234,6.717799663717646,4.222249579647057,High_Plateau,0.4376669552293487,0.2152869687329441,19,-0.001135154
Achnatherum,Satureja,10,5.5,4.469400975003298,5.884700487501648,4.0908202925009896,6.887760390001319,4.434700487501649,High_Plateau,0.3659354205090673,0.2282815246657967,38,-0.002601363
Achnatherum,Saxifraga,10,5.5,3.759601595050804,5.529800797525402,3.877880478515241,6.603840638020322,4.079800797525403,High_Plateau,0.4526981842566167,0.2618756505040661,21,-0.001574492
Achnatherum,Scabiosa,10,5.5,3.327654700209287,5.313827350104644,3.7482964100627862,6.431061880083715,3.8638273501046436,High_Plateau,0.4025694069620217,0.2193343141242759,28,-0.00248435
Achnatherum,Scandix,10,5.5,2.815271215574556,5.057635607787278,3.5945813646723668,6.226108486229823,3.6076356077872784,High_Plateau,0.395558008,0.2710005602870096,36,-0.002162451
Achnatherum,Schinus,10,5.5,6.189747514153745,6.744873757076872,4.606924254246124,7.575899005661498,5.294873757076873,High_Plateau,0.4130662652458857,0.2155627571085017,25,-0.001945654
Achnatherum,Schismus,10,5.5,2.0960074820342904,4.698003741017145,3.378802244610287,5.9384029928137165,3.248003741017145,High_Plateau,0.6304479291058931,0.5433022405040896,12,-0.001073007
Achnatherum,Schoenoplectus,10,5.5,3.426545357646452,5.3632726788232254,3.7779636072939358,6.470618143058581,3.913272678823226,High_Plateau,0.4547921064255069,0.2333687663360255,17,-0.002484411
Achnatherum,Schoenus,10,5.5,3.656845866447434,5.478422933223717,3.84705376,6.562738346578974,4.028422933223717,High_Plateau,0.4680117045166792,0.2029686938202088,10,-0.005959301
Achnatherum,Scilla,10,5.5,4.056167257,5.678083628710629,3.9668501772263776,6.722466902968504,4.228083629,High_Plateau,0.4369835043018417,0.222358287,20,-0.002230363
Achnatherum,Scirpus,10,5.5,3.5903940784555024,5.445197039227751,3.827118223536651,6.536157631382201,3.9951970392277514,High_Plateau,0.4317057744888445,0.1956239311025815,18,-0.003527664
Achnatherum,Scleranthus,10,5.5,2.804754662,5.052377331,3.591426398655716,6.2219018648742885,3.6023773310928604,High_Plateau,0.4193947103325278,0.269231485,30,-0.001525388
Achnatherum,Scolymus,10,5.5,2.7263998684692163,5.013199934234608,3.567919960540765,6.190559947387687,3.5631999342346083,High_Plateau,0.3835547771443268,0.2633719804736972,38,-0.001860076
Achnatherum,Scorpiurus,10,5.5,1.971407214941226,4.635703607470613,3.341422164482368,5.888562885976491,3.185703607470613,High_Plateau,0.3494819339138707,0.1623433600735723,34,-0.001828968
Achnatherum,Scorzonera,10,5.5,3.6331688147562136,5.4665844073781065,3.839950644426864,6.553267525902486,4.016584407378107,High_Plateau,0.4188512388427325,0.3257442636401222,37,-0.001852765
Achnatherum,Scrophularia,10,5.5,3.8085869369553116,5.554293468477656,3.8925760810865935,6.623434774782124,4.104293468477656,High_Plateau,0.3665198466511309,0.2127858084905516,36,-0.001470302
Achnatherum,Scutellaria,10,5.5,3.8134032750900384,5.556701637545019,3.8940209825270116,6.625361310036015,4.106701638,High_Plateau,0.3953831556543746,0.2623736205645592,35,-0.001872163
Achnatherum,Sedum,10,5.5,3.5864062105003716,5.443203105250186,3.8259218631501115,6.534562484200149,3.9932031052501857,High_Plateau,0.4334095553048443,0.2397644111725369,23,-0.001712804
Achnatherum,Selaginella,10,5.5,3.713042829447348,5.506521414723673,3.8639128488342043,6.585217132,4.056521414723674,High_Plateau,0.4575023187163317,0.2634602336297776,20,-0.002551954
Achnatherum,Senecio,10,5.5,3.620551055123331,5.460275527561666,3.8361653165369995,6.548220422049333,4.0102755275616655,High_Plateau,0.3762075733746473,0.2570854511849674,39,-0.002803577
Achnatherum,Senna,10,5.5,5.462255432702907,6.381127716351454,4.388676629810872,7.2849021730811625,4.931127716351454,High_Plateau,0.413997667,0.2421536956020763,28,-0.002298661
Achnatherum,Serapias,10,5.5,3.7168631375144456,5.5084315687572225,3.8650589412543335,6.586745255005779,4.058431568757223,High_Plateau,0.509678391,0.3266805013722479,15,-0.002372017
Achnatherum,Serratula,10,5.5,3.838945898996239,5.569472949498119,3.901683769698872,6.635578359598496,4.119472949498119,High_Plateau,0.3873907365433404,0.3038097585788026,42,-0.001305811
Achnatherum,Sesamoides,10,5.5,3.907180440223075,5.6035902201115375,3.9221541320669226,6.662872176,4.153590220111537,High_Plateau,0.4577643872066704,0.304904441,25,-0.001672853
Achnatherum,Seseli,10,5.5,3.6198666565417947,5.459933328270897,3.835959996962538,6.547946662616718,4.009933328270898,High_Plateau,0.3466462937240899,0.2142100958442794,41,-0.001847816
Achnatherum,Setaria,10,5.5,2.469536981653913,4.884768490826956,3.4908610944961738,6.0878147926615656,3.434768490826957,High_Plateau,0.6131969376404693,0.5500771597507624,17,-0.001978066
Achnatherum,Sideritis,10,5.5,3.878476353510405,5.589238176755202,3.9135429060531215,6.651390541404162,4.139238176755203,High_Plateau,0.3522990008106209,0.2172902039413741,40,-0.001817176
Achnatherum,Silene,10,5.5,3.0087209496233287,5.154360474811664,3.6526162848869985,6.303488379849332,3.7043604748116645,High_Plateau,0.4314025747120801,0.2850866125029054,29,-0.001818274
Achnatherum,Silybum,10,5.5,2.0968814092253494,4.698440704612675,3.3790644227676045,5.938752564,3.248440704612675,High_Plateau,0.3018262948444915,0.1327067120884044,42,-0.001434996
Achnatherum,Sinapis,10,5.5,2.1387140484628993,4.719357024231449,3.391614215,5.9554856193851595,3.269357024,High_Plateau,0.3103596552249361,0.1498892006767971,42,-0.002013835
Achnatherum,Sisymbrium,10,5.5,2.131726540862021,4.715863270431011,3.3895179622586062,5.952690616344809,3.2658632704310104,High_Plateau,0.3632223240075365,0.1815662104084159,33,-0.001635209
Achnatherum,Smilax,10,5.5,4.794378801034497,6.047189400517249,4.18831364,7.01775152,4.597189400517249,High_Plateau,0.5031484469668345,0.2971151533618795,13,-0.002036503
Achnatherum,Smyrnium,10,5.5,2.058038272590653,4.679019136295326,3.3674114817771956,5.923215309036261,3.2290191362953267,High_Plateau,0.32904786,0.1377982883215414,36,-0.001252564
Achnatherum,Solanum,10,5.5,3.9866443780346703,5.643322189017335,3.9459933134104013,6.694657751213868,4.193322189017335,High_Plateau,0.3789089181428153,0.2211275773151097,34,-0.001480212
Achnatherum,Solidago,10,5.5,3.652451430093579,5.476225715046789,3.845735429028074,6.5609805720374315,4.026225715,High_Plateau,0.3615270362285797,0.3097481802622692,49,-0.00196369
Achnatherum,Sonchus,10,5.5,2.626130212385664,4.963065106192832,3.5378390637156993,6.150452084954265,3.5130651061928324,High_Plateau,0.3706152252163479,0.2539497961544009,40,-0.001952893
Achnatherum,Sorghum,10,5.5,2.9882996909440154,5.144149845472008,3.6464899072832044,6.295319876377606,3.694149845472008,High_Plateau,0.6921315686549037,0.6585619741400479,11,-0.00163117
Achnatherum,Sparganium,10,5.5,3.758500358433194,5.5292501792165965,3.877550107529958,6.603400143373278,4.079250179216597,High_Plateau,0.5225057229703246,0.2970581921883452,8,-0.013658389
Achnatherum,Spergula,10,5.5,2.259966300438757,4.779983150219378,3.4279898901316272,6.003986520175503,3.3299831502193786,High_Plateau,0.3590235553476308,0.1403801174548227,29,-0.002075993
Achnatherum,Spergularia,10,5.5,2.761373921,5.03068696,3.578412176173928,6.204549568231904,3.58068696,High_Plateau,0.3760109339663426,0.1579201060266384,27,-0.00209393
Achnatherum,Sphaeralcea,10,5.5,3.7592640749628776,5.529632037481439,3.877779222488863,6.603705629985152,4.0796320374814385,High_Plateau,0.3922826354217091,0.264573747,36,-0.002782106
Achnatherum,Spiraea,10,5.5,6.241892101080421,6.770946050540211,4.622567630324126,7.596756840432169,5.320946050540211,High_Plateau,0.4139599690127279,0.2256338870088438,26,-0.002268375
Achnatherum,Spiranthes,10,5.5,4.021801706227174,5.660900853113587,3.956540511868152,6.708720682,4.210900853113587,High_Plateau,0.4476324871852567,0.2433645968663185,20,-0.000772085
Achnatherum,Sporobolus,10,5.5,3.623433893619796,5.461716946809898,3.8370301680859384,6.549373557447918,4.011716946809898,High_Plateau,0.6851165406735473,0.6446374523408948,11,-0.002158841
Achnatherum,Stachys,10,5.5,3.5877126899128546,5.443856344956427,3.8263138069738565,6.535085075965142,3.9938563449564275,High_Plateau,0.3788616365173831,0.2622886173789818,39,-0.002278777
Achnatherum,Staehelina,10,5.5,6.328933595185563,6.8144667975927815,4.648680078555669,7.631573438074225,5.364466797592781,High_Plateau,0.3466176446082283,0.1812323980506728,37,-0.00162938
Achnatherum,Stellaria,10,5.5,3.1446023377298777,5.222301168864939,3.6933807013189632,6.357840935091952,3.772301168864939,High_Plateau,0.4173932111764171,0.2734312173326009,31,-0.001443153
Achnatherum,Sternbergia,10,5.5,3.9794527183418893,5.639726359170945,3.943835815502567,6.691781087336755,4.189726359170945,High_Plateau,0.4645024268385337,0.2690694414707861,19,-0.001692802
Achnatherum,Stipa,10,5.5,3.858180784879486,5.579090392439743,3.9074542354638457,6.643272313951794,4.129090392439743,High_Plateau,0.6821448110244539,0.6467141215666888,12,-0.001163593
Achnatherum,Stipagrostis,10,5.5,3.797664091286196,5.548832045643098,3.889299227385859,6.619065636514478,4.098832045643098,High_Plateau,0.7909781065521747,0.795614816,4,0.013898765
Achnatherum,Suaeda,10,5.5,3.341205111,5.320602555,3.752361533225054,6.436482044300073,3.8706025553750902,High_Plateau,0.3928939436040824,0.1999421507629334,28,-0.002278167
Achnatherum,Succisa,10,5.5,3.844456517304867,5.572228258652434,3.903336955,6.637782606921947,4.1222282586524335,High_Plateau,0.4280364478417406,0.2783629203217544,29,-0.001861082
Achnatherum,Succowia,10,5.5,1.9887505288112084,4.644375264405604,3.3466251586433624,5.8955002115244834,3.1943752644056045,High_Plateau,0.368208462,0.1422789321410613,27,-0.001912782
Achnatherum,Taeniatherum,10,5.5,3.7999830476531504,5.549991523826575,3.8899949142959453,6.619993219061261,4.099991523826575,High_Plateau,0.7320549600625085,0.7959873510265401,18,-0.001852908
Achnatherum,Tagetes,10,5.5,1.8709293254998727,4.585464662749937,3.311278797649962,5.848371730199949,3.1354646627499365,High_Plateau,0.3474153802768037,0.2074434772760441,40,-0.001419748
Achnatherum,Tamarix,10,5.5,6.214075218973012,6.757037609486506,4.614222565691904,7.585630087589205,5.307037609486507,High_Plateau,0.419600863,0.2204579005739865,24,-0.002171288
Achnatherum,Tanacetum,10,5.5,3.661297672939331,5.4806488364696655,3.8483893018817996,6.5645190691757325,4.030648836469666,High_Plateau,0.4110105675460047,0.3345963629798609,40,-0.001232304
Achnatherum,Taraxacum,10,5.5,3.8556750598910146,5.577837529945507,3.9067025179673043,6.6422700239564065,4.1278375299455075,High_Plateau,0.375389105,0.2470378578250174,38,-0.001846184
Achnatherum,Taxus,10,5.5,6.341739851,6.820869925,4.6525219552983135,7.636695940397752,5.370869925497191,High_Plateau,0.4361156307241337,0.2124450280202845,19,-0.002438696
Achnatherum,Terminalia,10,5.5,6.309451644913252,6.804725822456626,4.642835493473975,7.623780657965301,5.354725822456626,High_Plateau,0.4319421789877801,0.2371070205540834,23,-0.003099614
Achnatherum,Teucrium,10,5.5,5.107239066,6.203619533,4.2821717198832445,7.142895626510992,4.753619533138741,High_Plateau,0.3656564852809223,0.2028318657647912,35,-0.001430092
Achnatherum,Thalictrum,10,5.5,3.7561072182495567,5.528053609124778,3.876832165474867,6.602442887299823,4.078053609124779,High_Plateau,0.4764275611584553,0.3092356012828245,21,-0.001080477
Achnatherum,Thapsia,10,5.5,3.8477605513090776,5.573880275654538,3.904328165392723,6.639104220523631,4.123880275654539,High_Plateau,0.3935400124716079,0.2915539533998444,39,-0.001821697
Achnatherum,Thelypteris,10,5.5,3.8989388431602543,5.599469421580127,3.9196816529480762,6.659575537264102,4.149469421580127,High_Plateau,0.4377870038254527,0.3061074841991925,30,-0.001982451
Achnatherum,Themeda,10,5.5,3.797664091286196,5.548832045643098,3.889299227385859,6.619065636514478,4.098832045643098,High_Plateau,0.7442330021760803,0.795614816,15,-0.001497484
Achnatherum,Thesium,10,5.5,3.5848638269419295,5.442431913470965,3.8254591480825786,6.533945530776772,3.992431913470965,High_Plateau,0.4793469443609514,0.3234815896808633,22,-0.002020697
Achnatherum,Thunbergia,10,5.5,3.895566006004168,5.597783003002084,3.9186698018012502,6.6582264024016675,4.147783003002084,High_Plateau,0.400290817,0.2392076583473861,31,-0.001349295
Achnatherum,Thymelaea,10,5.5,5.546075780222707,6.423037890111353,4.413822734066812,7.318430312089083,4.973037890111353,High_Plateau,0.3924215284115315,0.1823860948905293,26,-0.00141382
Achnatherum,Thymus,10,5.5,5.222604649175903,6.261302324587952,4.316781394752771,7.189041859670361,4.811302324587952,High_Plateau,0.3597322110840876,0.2402471041726068,41,-0.001173684
Achnatherum,Tilia,10,5.5,6.387064488307153,6.843532244153576,4.666119346492145,7.654825795322861,5.393532244153576,High_Plateau,0.3941404677115834,0.2186977979288825,30,-0.001399381
Achnatherum,Tolpis,10,5.5,2.9613915352478823,5.130695767623941,3.638417460574365,6.284556614099153,3.6806957676239414,High_Plateau,0.3850500442142275,0.2827313513222524,40,-0.001512479
Achnatherum,Tordylium,10,5.5,2.0472504517249765,4.673625225862488,3.3641751355174927,5.918900180689991,3.2236252258624885,High_Plateau,0.3133799246283815,0.1394756681609361,40,-0.001935259
Achnatherum,Torilis,10,5.5,2.0080338325151526,4.654016916257576,3.3524101497545455,5.9032135330060616,3.2040169162575767,High_Plateau,0.3256485065628651,0.147645932,38,-0.002292538
Achnatherum,Trachelium,10,5.5,4.044499159294114,5.6722495796470564,3.963349747788234,6.717799663717646,4.222249579647057,High_Plateau,0.3842283512774985,0.2152869687329441,32,-0.001274619
Achnatherum,Tradescantia,10,5.5,3.8897087639819152,5.594854381990958,3.9169126291945746,6.655883505592766,4.144854381990958,High_Plateau,0.4979751099730861,0.2775355302661516,12,0.003032353
Achnatherum,Tragopogon,10,5.5,2.2876649954812778,4.793832497740639,3.4362994986443836,6.015065998192512,3.343832497740639,High_Plateau,0.3722615109082913,0.2325648077712397,37,-0.001852765
Achnatherum,Tragus,10,5.5,2.168898421632709,4.734449210816354,3.400669526489813,5.967559368653084,3.284449210816355,High_Plateau,0.6138846072508722,0.5350815751424333,15,-0.002315228
Achnatherum,Trifolium,10,5.5,2.720311365383594,5.0101556826917975,3.5660934096150783,6.188124546153437,3.5601556826917973,High_Plateau,0.3319647961337423,0.1602773106680779,38,-0.002286537
Achnatherum,Triglochin,10,5.5,3.558346776384222,5.429173388192111,3.8175040329152665,6.5233387105536895,3.979173388192111,High_Plateau,0.4431873316617118,0.1937053062071586,15,-0.002406639
Achnatherum,Trigonella,10,5.5,1.9783854432738115,4.639192721636906,3.343515632982143,5.891354177309525,3.189192721636906,High_Plateau,0.3209868811513627,0.1627683223241693,41,-0.001233074
Achnatherum,Trisetum,10,5.5,3.5889462059929116,5.444473102996456,3.826683861797873,6.535578482397165,3.994473102996456,High_Plateau,0.6728075663872918,0.7021470111866502,21,-0.001837474
Achnatherum,Triticum,10,5.5,2.1285386783437668,4.714269339171883,3.388561604,5.951415471337507,3.2642693391718836,High_Plateau,0.6252671451078365,0.5906071302402147,19,-0.001734063
Achnatherum,Tuberaria,10,5.5,3.2710823057161162,5.285541152858058,3.7313246917148346,6.408432922286447,3.8355411528580583,High_Plateau,0.3865901819738154,0.2036014394518742,30,-0.001420446
Achnatherum,Tulipa,10,5.5,4.154386885190943,5.727193442595471,3.996316065557283,6.761754754076378,4.277193442595472,High_Plateau,0.424176431,0.1883570061057825,19,-0.001390581
Achnatherum,Typha,10,5.5,3.790039588909568,5.545019794454784,3.8870118766728705,6.616015835563827,4.095019794454784,High_Plateau,0.5101134011952771,0.2722735486382502,8,-0.013658389
Achnatherum,Ulex,10,5.5,6.376270076267969,6.838135038133984,4.6628810228803905,7.650508030507188,5.388135038133985,High_Plateau,0.3914775995934826,0.2215302592992275,31,-0.001094479
Achnatherum,Ulmus,10,5.5,6.1337313324895995,6.716865666,4.5901194,7.553492533,5.266865666,High_Plateau,0.4051915193656312,0.2080316900118475,26,-0.001941887
Achnatherum,Umbilicus,10,5.5,3.7168631375144456,5.5084315687572225,3.8650589412543335,6.586745255005779,4.058431568757223,High_Plateau,0.4686624913248275,0.3266805013722479,25,-0.001572114
Achnatherum,Urospermum,10,5.5,2.7263998684692163,5.013199934234608,3.567919960540765,6.190559947387687,3.5631999342346083,High_Plateau,0.3794765899161935,0.2633719804736972,39,-0.001546058
Achnatherum,Urtica,10,5.5,3.014854712628352,5.157427356314176,3.6544564137885054,6.305941885051341,3.7074273563141764,High_Plateau,0.3818325529625863,0.1857940695919266,29,-0.001055777
Achnatherum,Utricularia,10,5.5,3.528344827803289,5.414172413901644,3.8085034483409865,6.511337931121316,3.964172413901645,High_Plateau,0.4147120245476051,0.2516234273712418,29,-0.00140785
Achnatherum,Valantia,10,5.5,2.5607564592629615,4.930378229631481,3.5182269377788886,6.124302583705185,3.480378229631481,High_Plateau,0.3853491791440978,0.2175445474942077,32,-0.001354234
Achnatherum,Verbascum,10,5.5,2.272382592695338,4.786191296347669,3.4317147778086015,6.008953037078135,3.3361912963476694,High_Plateau,0.3671592555342082,0.2222428329710609,37,-0.001265445
Achnatherum,Verbesina,10,5.5,3.385971750538319,5.342985875269159,3.7657915251614957,6.454388700215327,3.8929858752691597,High_Plateau,0.3462099010015816,0.262526757,47,-0.001219708
Achnatherum,Veronica,10,5.5,3.0440483614333833,5.172024180716692,3.663214508430015,6.3176193445733535,3.7220241807166916,High_Plateau,0.3803605142369268,0.2322014082901933,35,-0.001237516
Achnatherum,Viburnum,10,5.5,6.412874518339229,6.856437259169614,4.673862355501768,7.665149807335691,5.406437259169614,High_Plateau,0.3974569672754977,0.1925339804855607,26,-0.00179886
Achnatherum,Vicia,10,5.5,2.6933430321834284,4.996671516091714,3.5580029096550287,6.177337212873372,3.546671516091714,High_Plateau,0.3760667512301162,0.2483240359162478,38,-0.001500612
Achnatherum,Vigna,10,5.5,2.8579821906220566,5.078991095311029,3.607394657186617,6.2431928762488225,3.6289910953110285,High_Plateau,0.3853693740903291,0.2423528741010318,35,-0.001906246
Achnatherum,Vinca,10,5.5,3.864475712227413,5.582237856113706,3.9093427136682237,6.645790284890966,4.132237856113707,High_Plateau,0.4051674677564687,0.2407944193935879,30,-0.001612488
Achnatherum,Vincetoxicum,10,5.5,4.083508067011417,5.691754033505708,3.9750524201034247,6.733403226804567,4.241754033505709,High_Plateau,0.3802721336707367,0.2484727479174233,37,-0.001286238
Achnatherum,Viscum,10,5.5,6.752377499099963,7.0261887495499815,4.775713249729989,7.800950999639985,5.576188749549981,High_Plateau,0.3247454193219971,0.047132582,26,-0.001907349
Achnatherum,Wisteria,10,5.5,6.295710538487638,6.7978552692438186,4.638713161546291,7.618284215395056,5.347855269243819,High_Plateau,0.3877528600628908,0.2226537768891906,32,-0.002863571
Achnatherum,Withania,10,5.5,6.341442015034375,6.820721007517188,4.652432604510313,7.636576806,5.370721007517188,High_Plateau,0.4138192668788811,0.2581995850258032,30,-0.002120325
Achnatherum,Wolffia,10,5.5,3.909947795542056,5.604973897771028,3.9229843386626166,6.663979118216822,4.154973897771028,High_Plateau,0.4385584498426205,0.2088685082736308,18,-0.001223796
Achnatherum,Xanthium,10,5.5,2.0540730712128514,4.677036535606426,3.3662219213638553,5.921629228485141,3.227036535606426,High_Plateau,0.2851524676612519,0.1404693644878281,47,-0.001507077
Achnatherum,Xeranthemum,10,5.5,2.020516026998865,4.6602580134994325,3.3561548080996593,5.908206410799546,3.2102580134994327,High_Plateau,0.3283113901485519,0.1447091304144259,37,-0.002075586
Achnatherum,Yucca,10,5.5,4.623534832558013,5.961767416279006,4.137060449767404,6.949413933023205,4.511767416279007,High_Plateau,0.4564297178928878,0.2774942097045312,22,-0.001256061
Achnatherum,Zinnia,10,5.5,2.0959641612056403,4.697982081,3.378789248361692,5.938385664482256,3.2479820806028203,High_Plateau,0.2863190378387882,0.1345715897448308,46,-0.001448392
Achnatherum,Ziziphora,10,5.5,2.0278860730024224,4.663943036501211,3.3583658219007266,5.911154429,3.2139430365012114,High_Plateau,0.3050703173442683,0.1392489417027374,42,-0.001705919
Achnatherum,Ziziphus,10,5.5,6.2000272143085455,6.750013607154273,4.610008164292564,7.580010885723418,5.300013607154273,High_Plateau,0.4139554177194952,0.2173478544959235,25,-0.001979616
Achyranthes,Adenocarpus,10,5.5,7.554173557944307,7.4270867789721535,5.0162520673832915,8.121669423177723,5.977086778972154,High_Plateau,0.4120790833714176,0.2711505672152735,32,-0.00208529
Achyranthes,Adiantum,10,5.5,5.220033058909307,6.260016529454653,4.316009917672792,7.188013223563723,4.8100165294546535,High_Plateau,0.3868915335124407,0.2372894658904837,34,-0.002463501
Achyranthes,Adonis,10,5.5,4.577487765762721,5.938743882881361,4.123246329728817,6.9309951063050885,4.488743883,High_Plateau,0.3984606067445692,0.1780947902309799,24,-0.001758295
Achyranthes,Aegilops,10,5.5,3.4854701775767345,5.392735088788367,3.7956410532730205,6.494188071030694,3.9427350887883676,High_Plateau,0.2892428138308549,0.1322690842016184,45,-0.001793995
Achyranthes,Aeluropus,10,5.5,5.363411378428357,6.3317056892141785,4.359023413528507,7.245364551371344,4.881705689214179,High_Plateau,0.3469175811496933,0.1986140299190937,39,-0.003346393
Achyranthes,Aeonium,10,5.5,7.3777293531850425,7.338864676592522,4.963318805955513,8.051091741274018,5.888864676592521,High_Plateau,0.3916911326070048,0.1891499413992424,27,-0.001441121
Achyranthes,Aesculus,10,5.5,7.4041356707372215,7.352067835368611,4.971240701221166,8.061654268,5.9020678353686105,High_Plateau,0.3937772940043678,0.1934976282351514,27,-0.002317941
Achyranthes,Agave,10,5.5,4.928667855993949,6.114333927996975,4.228600356798185,7.071467142,4.664333927996974,High_Plateau,0.4060459884505691,0.2919463847975615,36,-0.002011766
Achyranthes,Ageratina,10,5.5,6.408151804713862,6.854075902,4.672445541414159,7.663260721885544,5.404075902356931,High_Plateau,0.3937076022768432,0.2756910671248071,37,-0.003023148
Achyranthes,Agrimonia,10,5.5,5.1182206242270745,6.209110312113538,4.285466187268122,7.147288249690829,4.759110312113537,High_Plateau,0.4112107862769439,0.2365419400081102,28,-0.002108687
Achyranthes,Agropyron,10,5.5,5.318675045699447,6.309337522849724,4.345602513709834,7.227470018279779,4.8593375228497235,High_Plateau,0.3502317201882892,0.2296693207377573,42,-0.002193785
Achyranthes,Agrostemma,10,5.5,3.339387899755735,5.319693949877868,3.75181637,6.435755159902294,3.8696939498778677,High_Plateau,0.4013855349287615,0.1230852986697188,16,-0.026228678
Achyranthes,Agrostis,10,5.5,4.963703536253579,6.131851768,4.239111060876073,7.085481414501432,4.681851768,High_Plateau,0.342495152,0.2061402327270091,41,-0.003009922
Achyranthes,Aira,10,5.5,3.4131569786234786,5.356578489311739,3.7739470935870436,6.465262791449391,3.9065784893117392,High_Plateau,0.3127712625207403,0.1382156545129695,40,-0.001721812
Achyranthes,Ajuga,10,5.5,4.9042809394864815,6.10214047,4.221284281845945,7.061712375794593,4.652140469743241,High_Plateau,0.4053153227755581,0.2410921752903846,30,-0.001622717
Achyranthes,Albizia,10,5.5,7.331334262738223,7.3156671313691115,4.949400278821467,8.032533705,5.865667131369111,High_Plateau,0.4485957496468254,0.3277124681190653,30,-0.001919913
Achyranthes,Alcea,10,5.5,5.220709029513292,6.260354514756646,4.316212708853987,7.188283611805317,4.810354514756646,High_Plateau,0.3554854265568893,0.1911333149568144,36,-0.003552035
Achyranthes,Alchemilla,10,5.5,5.3282112241865915,6.314105612093296,4.348463367255977,7.231284489674637,4.8641056120932955,High_Plateau,0.410519073,0.2597413811322987,31,-0.001735357
Achyranthes,Alisma,10,5.5,5.428980791000779,6.364490396,4.378694237300234,7.271592316400312,4.914490396,High_Plateau,0.3997074161208381,0.2134922813807763,28,-0.001894095
Achyranthes,Alkanna,10,5.5,4.769034771792339,6.034517385896169,4.180710431537702,7.007613908716936,4.584517386,High_Plateau,0.4211016634886969,0.1992739199071336,21,-0.004531047
Achyranthes,Allium,10,5.5,5.071378961,6.185689481,4.271413688331596,7.128551584442128,4.735689481,High_Plateau,0.3999517926525766,0.2308455051505341,30,-0.004024668
Achyranthes,Allocasuarina,10,5.5,7.390030354,7.345015177,4.967009106134426,8.056012141512568,5.895015177,High_Plateau,0.4123457814064541,0.2390713766959268,28,-0.003405919
Achyranthes,Alnus,10,5.5,7.348324124040022,7.324162062020011,4.954497237212006,8.03932965,5.874162062020011,High_Plateau,0.3907310366126536,0.1957292872215045,28,-0.002842919
Achyranthes,Aloe,10,5.5,6.470076186073819,6.8850380930369095,4.691022855822146,7.688030474429528,5.435038093,High_Plateau,0.4198333626075807,0.2949187481832532,33,-0.002287512
Achyranthes,Alopecurus,10,5.5,4.712580582297778,6.006290291148889,4.163774174689333,6.985032232919112,4.556290291148889,High_Plateau,0.3108464939323795,0.1756614599581118,45,-0.002719073
Achyranthes,Alternanthera,10,5.5,4.941145008916735,6.120572504458368,4.232343503,7.076458003566694,4.6705725044583675,High_Plateau,0.8339022984462676,0.7913073346950309,5,0.5057739822203989
Achyranthes,Althaea,10,5.5,4.463161177382006,5.881580588691003,4.088948353214602,6.885264470952803,4.431580588691004,High_Plateau,0.3449993257149146,0.1699894261628073,36,-0.0026936
Achyranthes,Alyssum,10,5.5,4.4946161223074315,5.897308061153716,4.0983848366922295,6.897846448922973,4.447308061153716,High_Plateau,0.3754891397642239,0.2064569420233107,33,-0.00342071
Achyranthes,Amaranthus,10,5.5,3.3860538898141352,5.343026944907067,3.7658161669442407,6.454421555925654,3.893026944907068,High_Plateau,0.7911334577927353,0.6347295887691847,5,0.8609743053143055
Achyranthes,Amelanchier,10,5.5,7.370700547777952,7.3353502738889755,4.9612101643333855,8.048280219,5.885350273888976,High_Plateau,0.4233959563322817,0.2774361007177073,30,-0.002536009
Achyranthes,Ammi,10,5.5,3.3614107592453206,5.3307053796226604,3.758423227773596,6.444564303698129,3.8807053796226603,High_Plateau,0.3405342634153649,0.119865331,31,-0.002203199
Achyranthes,Amorpha,10,5.5,7.557984666410027,7.428992333205013,5.017395399923008,8.123193867,5.978992333205014,High_Plateau,0.4288049202024024,0.2718713063262289,28,-0.002814179
Achyranthes,Anabasis,10,5.5,7.333831103032109,7.316915551516054,4.950149330909633,8.033532441212843,5.866915551516055,High_Plateau,0.6656570427608853,0.6221273955683625,13,-0.002011756
Achyranthes,Anacyclus,10,5.5,3.895740096508173,5.597870048254086,3.918722028952452,6.658296039,4.147870048254086,High_Plateau,0.3226244637757701,0.1496987500568386,39,-0.001701167
Achyranthes,Anarrhinum,10,5.5,4.253708856398696,5.776854428199348,4.026112656919609,6.801483542559478,4.326854428199348,High_Plateau,0.3773956422816458,0.1689562514743474,28,-0.002331684
Achyranthes,Anchusa,10,5.5,4.178391633690098,5.739195816845049,4.003517490107029,6.771356653476039,4.289195817,High_Plateau,0.3914465265721983,0.1640677471618713,24,-0.001763881
Achyranthes,Andropogon,10,5.5,5.296357536714083,6.298178768357042,4.338907261014225,7.2185430146856335,4.848178768357042,High_Plateau,0.3478099129621775,0.2084891404882089,40,-0.002702737
Achyranthes,Androsace,10,5.5,4.105319064215345,5.702659532107672,3.9815957192646034,6.7421276256861375,4.252659532107673,High_Plateau,0.454218733,0.2569801042358484,20,-0.002987165
Achyranthes,Andryala,10,5.5,4.435801003930073,5.867900501965036,4.080740301179022,6.874320402,4.417900501965036,High_Plateau,0.4250556397778766,0.2971252714828314,32,-0.002193247
Achyranthes,Anemone,10,5.5,5.060432662338143,6.180216331169071,4.268129798701443,7.124173064935258,4.730216331169071,High_Plateau,0.375390938,0.1650434085277755,28,-0.002814515
Achyranthes,Anthemis,10,5.5,4.367730160744161,5.83386508,4.060319048223248,6.847092064297664,4.383865080372081,High_Plateau,0.3308918504282904,0.1580910473892209,38,-0.002084678
Achyranthes,Anthericum,10,5.5,5.296565190938003,6.298282595469002,4.338969557281401,7.218626076375202,4.848282595469001,High_Plateau,0.3722732973579888,0.2081240521190072,34,-0.002818794
Achyranthes,Anthoxanthum,10,5.5,4.389186145571024,5.844593072785512,4.066755843671308,6.855674458,4.394593072785512,High_Plateau,0.3014614474930114,0.1813713094691723,48,-0.001831114
Achyranthes,Anthriscus,10,5.5,3.970338239863894,5.6351691199319465,3.9411014719591684,6.688135295945558,4.185169119931947,High_Plateau,0.3489078285852132,0.1448059033580418,32,-0.002074519
Achyranthes,Anthyllis,10,5.5,6.410924907481956,6.855462453740978,4.673277472244587,7.664369962992783,5.405462453740978,High_Plateau,0.3990884634462915,0.2862731783751875,37,-0.002125093
Achyranthes,Antinoria,10,5.5,3.832551303321037,5.5662756516605185,3.8997653909963113,6.633020521328415,4.116275651660519,High_Plateau,0.3603894521431551,0.1513368769953692,30,-0.002104932
Achyranthes,Antirrhinum,10,5.5,4.850871688,6.075435844,4.205261506391414,7.040348675188552,4.625435844,High_Plateau,0.3818481579019905,0.2024769553048191,31,-0.002122376
Achyranthes,Aphanes,10,5.5,3.2263502717869597,5.263175136,3.717905081536088,6.390540108714784,3.813175136,High_Plateau,0.3564744982714415,0.1516522323533137,31,-0.001735357
Achyranthes,Apium,10,5.5,4.164326871684098,5.732163435842049,3.9992980615052294,6.765730749,4.282163435842049,High_Plateau,0.3978266818677046,0.2016380413113482,27,-0.002526128
Achyranthes,Arabidopsis,10,5.5,3.3832819464928576,5.341640973246429,3.7649845839478573,6.453312778597143,3.891640973246429,High_Plateau,0.348905284,0.1693639395596863,35,-0.001602471
Achyranthes,Arabis,10,5.5,4.513754659,5.906877329617985,4.104126397770791,6.905501863694388,4.456877329617985,High_Plateau,0.386516323,0.2118193036578195,31,-0.002152469
Achyranthes,Arbutus,10,5.5,7.329593875294738,7.314796937647369,4.9488781625884215,8.031837550117896,5.864796938,High_Plateau,0.4514701937694187,0.2676916930009307,22,-0.001838719
Achyranthes,Arceuthobium,10,5.5,5.331520069813023,6.3157600349065115,4.349456020943907,7.232608028,4.865760034906511,High_Plateau,0.4244776913788547,0.1891444949859835,19,-0.002315424
Achyranthes,Arenaria,10,5.5,4.100925878556764,5.700462939278382,3.9802777635670292,6.7403703514227065,4.250462939278382,High_Plateau,0.4775224122412331,0.2513782905347446,13,-0.029612536
Achyranthes,Argyrolobium,10,5.5,6.3706328277413355,6.835316413870668,4.661189848322401,7.648253131096535,5.385316413870668,High_Plateau,0.475734704,0.3414566208267526,25,-0.004730581
Achyranthes,Arisaema,10,5.5,5.208670558,6.2543352788931745,4.312601167335905,7.183468223,4.804335278893175,High_Plateau,0.409268165,0.240890223,29,-0.002180424
Achyranthes,Arisarum,10,5.5,5.301227557942144,6.300613778971072,4.340368267382643,7.220491023176858,4.850613778971072,High_Plateau,0.4057595123075206,0.2095108182803988,26,-0.003657598
Achyranthes,Aristida,10,5.5,4.330395404,5.815197701885355,4.049118621131213,6.832158161508284,4.365197701885355,High_Plateau,0.3502871330145419,0.1726737255514908,35,-0.004332914
Achyranthes,Aristolochia,10,5.5,5.709594507844575,6.504797253922288,4.462878352353373,7.383837803,5.054797253922288,High_Plateau,0.4404805177109847,0.2376415437285277,21,-0.002580624
Achyranthes,Armeria,10,5.5,5.906687294062022,6.603343647031011,4.522006188218606,7.462674917624809,5.153343647031011,High_Plateau,0.481354075,0.2747055298915568,16,0.015355563
Achyranthes,Arrhenatherum,10,5.5,5.127486864166331,6.213743432083165,4.288246059249899,7.150994745666532,4.7637434320831655,High_Plateau,0.3694725203330243,0.3009588052319701,46,-0.001849645
Achyranthes,Artemisia,10,5.5,5.481475841268157,6.390737920634079,4.3944427523804475,7.2925903365072635,4.940737920634079,High_Plateau,0.4455795135272666,0.3383552929484185,32,-0.003104617
Achyranthes,Arum,10,5.5,5.2640054684413125,6.282002734220656,4.329201640532394,7.205602187376526,4.832002734220657,High_Plateau,0.4014184534845615,0.2333608519125619,30,-0.001934793
Achyranthes,Arundo,10,5.5,4.908519616550083,6.104259808275041,4.222555884965025,7.063407846620033,4.654259808275041,High_Plateau,0.3820553467790444,0.2274902303804468,34,-0.001829191
Achyranthes,Asparagus,10,5.5,4.8240204790619785,6.06201024,4.197206143718594,7.029608191624792,4.612010239530989,High_Plateau,0.4044872825165279,0.272687802,34,-0.003497689
Achyranthes,Asperula,10,5.5,5.175838343579339,6.237919171789669,4.302751503073802,7.170335337431736,4.787919171789669,High_Plateau,0.430955172,0.2514783908539978,25,-0.002634751
Achyranthes,Asphodeline,10,5.5,5.186078039216659,6.24303902,4.305823411764997,7.174431215686663,4.7930390196083295,High_Plateau,0.4028196870069098,0.2447704587926395,31,-0.003874602
Achyranthes,Asphodelus,10,5.5,4.993323573999714,6.146661786999857,4.247997072199914,7.097329429599886,4.696661786999857,High_Plateau,0.4132110051777546,0.265553095,31,-0.003874602
Achyranthes,Asplenium,10,5.5,5.238642831095332,6.269321415547665,4.321592849328599,7.195457132438133,4.819321415547666,High_Plateau,0.3806115177244715,0.2409958432258787,36,-0.001603765
Achyranthes,Asteriscus,10,5.5,3.987801591006594,5.643900795503297,3.946340477301978,6.695120636402638,4.193900795503297,High_Plateau,0.4033996610773553,0.2620104965443042,33,-0.002083269
Achyranthes,Astragalus,10,5.5,4.9501970264840045,6.125098513242002,4.235059107945201,7.0800788105936014,4.675098513242002,High_Plateau,0.3847520237093794,0.2493366309502521,36,-0.001902644
Achyranthes,Asyneuma,10,5.5,5.360507277187178,6.3302536385935895,4.358152183156154,7.244202910874872,4.880253638593589,High_Plateau,0.4174932687846454,0.257326236,29,-0.00210945
Achyranthes,Athamanta,10,5.5,4.852023123890194,6.076011561945097,4.205606937167058,7.040809249556078,4.626011561945097,High_Plateau,0.408311353,0.1894177382902098,23,-0.000961464
Achyranthes,Atractylis,10,5.5,4.588002037304763,5.944001018652381,4.126400611191428,6.935200814921906,4.494001018652382,High_Plateau,0.4631510240663742,0.3158412770856385,25,-0.002490665
Achyranthes,Atriplex,10,5.5,4.512421362992604,5.906210681496302,4.103726408897781,6.9049685451970415,4.456210681496302,High_Plateau,0.6642664136181893,0.6543071317325568,17,-0.012433166
Achyranthes,Atropa,10,5.5,5.160288783383777,6.230144391691889,4.298086635015133,7.1641155133535115,4.780144391691889,High_Plateau,0.431046839,0.2597015455688715,26,-0.001737969
Achyranthes,Avena,10,5.5,3.4886687607617612,5.39433438,3.7966006282285285,6.495467504304704,3.944334380380881,High_Plateau,0.2844099140828334,0.1308335927315883,46,-0.001849645
Achyranthes,Avenula,10,5.5,5.029216033017879,6.164608016508939,4.258764809905363,7.111686413207152,4.714608017,High_Plateau,0.4103142920755863,0.2514544843575036,30,-0.00344457
Achyranthes,Baldellia,10,5.5,4.846086937999844,6.073043468999922,4.203826081399953,7.038434775199938,4.6230434689999225,High_Plateau,0.4317314453448418,0.2775403398287836,28,-0.001894095
Achyranthes,Ballota,10,5.5,5.559952035026831,6.4299760175134155,4.417985610508049,7.323980814010733,4.979976017513415,High_Plateau,0.396601999,0.264784585,35,-0.001738546
Achyranthes,Barbarea,10,5.5,3.976186559980971,5.6380932799904855,3.9428559679942916,6.6904746239923885,4.188093279990486,High_Plateau,0.3533296272256139,0.1455567054252278,31,-0.002706433
Achyranthes,Bassia,10,5.5,3.936644419514297,5.618322209757149,3.9309933258542893,6.674657767805719,4.168322209757148,High_Plateau,0.6526139298338155,0.5780512735646258,11,0.005745944
Achyranthes,Bellevalia,10,5.5,5.395791462781607,6.347895731390803,4.368737438834482,7.258316585112643,4.897895731390804,High_Plateau,0.3652674407358541,0.1610946328067486,30,-0.002113825
Achyranthes,Bellis,10,5.5,4.582187752715514,5.9410938763577565,4.124656325814654,6.932875101086205,4.491093876357757,High_Plateau,0.4005467742539305,0.2809493176890665,36,-0.002018572
Achyranthes,Berberis,10,5.5,7.3608353969575155,7.330417698478758,4.958250619087254,8.044334158783006,5.880417698478758,High_Plateau,0.4506673834204632,0.2745114827613457,23,-0.002869881
Achyranthes,Beta,10,5.5,4.160273348003813,5.730136674001907,3.998082004401144,6.764109339201525,4.280136674001907,High_Plateau,0.6892335529461682,0.649726848,11,0.013564304
Achyranthes,Biarum,10,5.5,5.165146216430284,6.232573108215142,4.299543864929086,7.166058486572114,4.782573108215143,High_Plateau,0.4235442474309265,0.2365066637504904,25,-0.001885365
Achyranthes,Bidens,10,5.5,3.8866951995753203,5.5933476,3.916008559872596,6.654678079830129,4.1433476,High_Plateau,0.4231772934578826,0.2855619065939233,31,-0.004255776
Achyranthes,Bifora,10,5.5,3.3614107592453206,5.3307053796226604,3.758423227773596,6.444564303698129,3.8807053796226603,High_Plateau,0.3364551345231116,0.119865331,32,-0.001898597
Achyranthes,Biscutella,10,5.5,5.408982473263929,6.354491236631965,4.372694741979179,7.263592989305572,4.904491236631965,High_Plateau,0.3860794951208653,0.2191057846717706,32,-0.00185726
Achyranthes,Boerhavia,10,5.5,4.008060347030555,5.654030173515277,3.9524181041091664,6.703224138812223,4.204030173515278,High_Plateau,0.4773864442093027,0.2773980946152164,17,0.003312325
Achyranthes,Bombycilaena,10,5.5,3.130344031047397,5.215172015523699,3.689103209314219,6.352137612418959,3.7651720155236985,High_Plateau,0.372412053,0.2331317796758853,37,-0.003182206
Achyranthes,Borago,10,5.5,3.897913085732003,5.598956542866001,3.9193739257196007,6.659165234292802,4.148956542866001,High_Plateau,0.4319456473826257,0.2450659887827259,24,-0.001763881
Achyranthes,Bothriochloa,10,5.5,5.371662548386523,6.335831274193261,4.361498764515956,7.248665019354609,4.8858312741932615,High_Plateau,0.3333041714647509,0.1957515737046345,42,-0.001880537
Achyranthes,Botrychium,10,5.5,4.964050388909469,6.132025194454735,4.239215116672841,7.085620155563788,4.682025194454734,High_Plateau,0.3990178325516963,0.1956812661623907,26,-0.001926635
Achyranthes,Brachypodium,10,5.5,4.616920890368856,5.9584604451844285,4.135076267110657,6.946768356147542,4.508460445184428,High_Plateau,0.3577614928784404,0.1957141035154558,36,-0.003695315
Achyranthes,Brassica,10,5.5,3.925965634665279,5.6129828173326395,3.9277896903995835,6.670386253866112,4.162982817,High_Plateau,0.380162616,0.2402077807565147,36,-0.002152474
Achyranthes,Briza,10,5.5,3.8074910509674242,5.553745525483712,3.892247315290227,6.62299642,4.1037455254837125,High_Plateau,0.3415383031139855,0.154898487,35,-0.002945021
Achyranthes,Bromus,10,5.5,4.0889149796148265,5.694457489807413,3.976674493884448,6.735565991845931,4.244457489807413,High_Plateau,0.3474086444912036,0.150196653,33,-0.002924218
Achyranthes,Bryonia,10,5.5,5.173168903800394,6.236584451900197,4.301950671140118,7.169267561520158,4.786584451900197,High_Plateau,0.4104680606350356,0.2107308965201269,25,-0.003768397
Achyranthes,Buddleja,10,5.5,7.350155606329743,7.325077803164872,4.9550466818989225,8.040062242531897,5.875077803164872,High_Plateau,0.4171873100020264,0.2731094841098312,31,-0.001893499
Achyranthes,Bufonia,10,5.5,4.470784858391294,5.885392429195647,4.091235457517389,6.888313943356518,4.435392429195647,High_Plateau,0.4603042600215799,0.2066734576578507,10,-0.101557565
Achyranthes,Buglossoides,10,5.5,3.791917824164058,5.545958912082029,3.8875753472492174,6.616767129665623,4.095958912082029,High_Plateau,0.4273351821817918,0.244132917,25,-0.002107284
Achyranthes,Bunium,10,5.5,4.852023123890194,6.076011561945097,4.205606937167058,7.040809249556078,4.626011561945097,High_Plateau,0.408311353,0.1894177382902098,23,-0.000961464
Achyranthes,Bupleurum,10,5.5,4.480743555129335,5.890371777564667,4.094223066538801,6.892297422051734,4.440371777564668,High_Plateau,0.3917748311770852,0.173248028,25,-0.003286349
Achyranthes,Buxus,10,5.5,7.3603999810253455,7.330199990512673,4.958119994307603,8.044159992410139,5.880199990512673,High_Plateau,0.4229355670522096,0.186388096,19,-0.003954673
Achyranthes,Cachrys,10,5.5,5.163969524030953,6.231984762015476,4.299190857209286,7.165587809612381,4.781984762015476,High_Plateau,0.4342226288687832,0.2413602326757463,23,-0.001561176
Achyranthes,Cakile,10,5.5,3.3026266739511616,5.301313337,3.7407880021853486,6.421050669580465,3.851313336975581,High_Plateau,0.3003666435450026,0.1219311414556049,41,-0.003249546
Achyranthes,Calamagrostis,10,5.5,4.925723190777596,6.112861595388798,4.2277169572332784,7.070289276311039,4.662861595388798,High_Plateau,0.3270150289435203,0.2327742683305301,48,-0.003310093
Achyranthes,Calendula,10,5.5,3.5956235347301244,5.447811767365062,3.8286870604190373,6.538249414,3.9978117673650626,High_Plateau,0.3734945955254029,0.1693282704072043,29,-0.002106356
Achyranthes,Calicotome,10,5.5,7.557984666410027,7.428992333205013,5.017395399923008,8.123193867,5.978992333205014,High_Plateau,0.4083682772071317,0.2718713063262289,33,-0.001701157
Achyranthes,Callistemon,10,5.5,7.352916118403337,7.326458059201668,4.955874835521001,8.041166447361334,5.876458059201669,High_Plateau,0.4372478477471695,0.272613127,26,-0.00428579
Achyranthes,Callitriche,10,5.5,3.719697225791267,5.509848612895634,3.865909168,6.587878890316507,4.0598486128956335,High_Plateau,0.3637874641412344,0.1333834659076413,27,-0.001645428
Achyranthes,Calystegia,10,5.5,5.252651604,6.276325802039645,4.325795481223787,7.201060641631717,4.826325802039645,High_Plateau,0.4300347934558407,0.2331995382328116,23,-0.002636058
Achyranthes,Camelina,10,5.5,3.299580767117483,5.299790383558742,3.739874230135245,6.419832306846994,3.8497903835587417,High_Plateau,0.3375637798132091,0.1223304850407325,32,-0.003137915
Achyranthes,Campanula,10,5.5,4.468957166820382,5.884478583410191,4.090687150046115,6.8875828667281525,4.434478583410192,High_Plateau,0.4256487508890273,0.2078524046096989,21,-0.001952596
Achyranthes,Capsella,10,5.5,4.0127631090890565,5.656381554544528,3.953828932726717,6.705105243635623,4.206381554544528,High_Plateau,0.3286976552620538,0.1289486813982301,35,-0.001602471
Achyranthes,Cardamine,10,5.5,4.494894764417976,5.897447382208988,4.098468429325393,6.897957905767191,4.447447382208988,High_Plateau,0.3806846939088508,0.208372403,32,-0.002138363
Achyranthes,Cardiospermum,10,5.5,4.577400942248364,5.938700471124182,4.1232202826745095,6.930960376899346,4.488700471124182,High_Plateau,0.4495444009272538,0.3131395737942413,28,-0.001760709
Achyranthes,Carduncellus,10,5.5,4.887558684887395,6.093779342443698,4.216267605466219,7.055023473954958,4.643779342443698,High_Plateau,0.4526104976737166,0.2864470114417722,24,-0.002020491
Achyranthes,Carduus,10,5.5,3.723815651873312,5.511907825936656,3.8671446955619935,6.5895262607493255,4.061907825936656,High_Plateau,0.3858591929331008,0.259760546,37,-0.001854637
Achyranthes,Carex,10,5.5,5.197980404559026,6.248990202279513,4.309394121367708,7.179192161823611,4.798990202279513,High_Plateau,0.3653778030818901,0.1696727050114429,31,-0.002804672
Achyranthes,Carlina,10,5.5,4.255025902294173,5.777512951147086,4.0265077706882515,6.802010361,4.327512951147087,High_Plateau,0.4422457509629908,0.2740931492542041,25,-0.002802757
Achyranthes,Carpobrotus,10,5.5,5.917126791,6.608563395740109,4.525138037444066,7.466850716592088,5.158563396,High_Plateau,0.5188030540082087,0.3424740814248049,15,0.009906708
Achyranthes,Carthamus,10,5.5,3.305824866411166,5.302912433205583,3.74174746,6.422329946564466,3.8529124332055833,High_Plateau,0.3491630739096698,0.170010426,35,-0.002257007
Achyranthes,Castanea,10,5.5,7.349424936570169,7.324712468285084,4.954827481,8.039769974628069,5.874712468285084,High_Plateau,0.4289735252512185,0.2719884685973547,28,-0.00171394
Achyranthes,Casuarina,10,5.5,7.309649388715033,7.304824694357516,4.942894817,8.023859755486013,5.854824694357516,High_Plateau,0.4042668943578114,0.2229136025986414,28,-0.003405919
Achyranthes,Catananche,10,5.5,3.8930074121457046,5.596503706072852,3.9179022236437113,6.657202964858282,4.146503706072853,High_Plateau,0.373757629,0.2439836003361329,38,-0.002889655
Achyranthes,Catapodium,10,5.5,3.339546799212053,5.319773399606026,3.751864039763616,6.435818719684821,3.869773399606027,High_Plateau,0.3122201847980757,0.1700161302892827,44,-0.001851406
Achyranthes,Cedrus,10,5.5,7.547078315288908,7.423539157644454,5.014123494586672,8.118831326115563,5.9735391576444545,High_Plateau,0.3846043205026039,0.1668688600089646,26,-0.001999725
Achyranthes,Celtis,10,5.5,7.328064513702782,7.314032256851391,4.948419354110834,8.031225805481114,5.864032256851392,High_Plateau,0.3836522228722663,0.1813567993456119,28,-0.001768617
Achyranthes,Cenchrus,10,5.5,3.894829142866374,5.597414571433187,3.918448742859912,6.657931657,4.147414571433187,High_Plateau,0.3274256158004683,0.1512394150354912,38,-0.002488862
Achyranthes,Centaurea,10,5.5,4.301355660010527,5.800677830005263,4.040406698003158,6.820542264004211,4.350677830005264,High_Plateau,0.3920585230279398,0.2559154761561847,35,-0.002827767
Achyranthes,Centaurium,10,5.5,3.3576938763617017,5.328846938180851,3.7573081629085108,6.443077550544681,3.878846938180851,High_Plateau,0.3779630034122623,0.1452877232302127,25,-0.001603103
Achyranthes,Cephalanthera,10,5.5,5.326830898550404,6.313415449275202,4.348049269565121,7.230732359420162,4.863415449275202,High_Plateau,0.3804732549404494,0.1996969276156805,31,-0.001971267
Achyranthes,Cephalaria,10,5.5,4.9770027053449395,6.138501353,4.243100811603481,7.090801082137975,4.6885013526724695,High_Plateau,0.4332623999300252,0.2477166840101367,24,-0.001849832
Achyranthes,Cerastium,10,5.5,4.044718395034253,5.672359197517126,3.963415518510276,6.7178873580137015,4.222359197517127,High_Plateau,0.4638479439895787,0.2567240433155135,18,0.01239347
Achyranthes,Ceratophyllum,10,5.5,5.214414389910518,6.257207194955258,4.314324316973155,7.185765755964207,4.807207194955259,High_Plateau,0.4085659638000334,0.1657509057073405,20,-0.003368863
Achyranthes,Cerinthe,10,5.5,3.469448244335081,5.384724122,3.7908344733005244,6.487779297734033,3.9347241221675406,High_Plateau,0.4344777015221763,0.2421261616259079,23,-0.002840094
Achyranthes,Cestrum,10,5.5,7.455635170506895,7.377817585253448,4.986690551152068,8.082254068202758,5.927817585253448,High_Plateau,0.440048,0.2450178928959775,22,-0.002691657
Achyranthes,Chaenomeles,10,5.5,7.369559932613119,7.334779966306559,4.960867979783936,8.047823973045247,5.884779966,High_Plateau,0.3663021091832066,0.1879474801427667,33,-0.002743706
Achyranthes,Chaenorhinum,10,5.5,4.194458395,5.7472291974769405,4.008337518486164,6.777783357981552,4.297229197,High_Plateau,0.3622409488350893,0.1551683098215587,30,-0.002747129
Achyranthes,Chaerophyllum,10,5.5,4.3561146028857864,5.828057301442893,4.056834380865736,6.842445841154315,4.378057301442894,High_Plateau,0.3766492230186121,0.2002886922248396,32,-0.002074519
Achyranthes,Chamaecyparis,10,5.5,7.459454341424184,7.379727170712092,4.9878363024272545,8.083781736569673,5.929727170712092,High_Plateau,0.3880707957957539,0.1820341753653708,27,-0.002065659
Achyranthes,Chamaecytisus,10,5.5,7.634290317,7.467145158561105,5.040287095136663,8.153716126848884,6.017145158561105,High_Plateau,0.4167246735871033,0.288584099,33,-0.001701157
Achyranthes,Chamaemelum,10,5.5,4.176702271987008,5.738351135993504,4.003010681596102,6.770680908794803,4.288351135993504,High_Plateau,0.3280883451922701,0.1523875329527939,38,-0.001602158
Achyranthes,Cheilanthes,10,5.5,5.284581077143789,6.292290538571894,4.335374323143137,7.213832430857516,4.842290538571895,High_Plateau,0.377695664,0.2188206708328151,34,-0.002078218
Achyranthes,Cheirolophus,10,5.5,5.182306259253452,6.241153129626726,4.304691877776036,7.172922503701381,4.791153129626727,High_Plateau,0.3509858517947509,0.1818099868281123,36,-0.001931142
Achyranthes,Chenopodium,10,5.5,3.4825625212212934,5.391281260610647,3.7947687563663877,6.493025008488518,3.941281260610647,High_Plateau,0.6766189315631735,0.6787786519586754,8,-0.381128602
Achyranthes,Chloris,10,5.5,4.571695411914454,5.935847705957227,4.121508623574336,6.928678164765781,4.485847705957227,High_Plateau,0.3128842508975679,0.1713076809111378,44,-0.001668498
Achyranthes,Chondrilla,10,5.5,4.543686438683345,5.921843219341673,4.113105931605004,6.917474575473339,4.471843219341673,High_Plateau,0.3375082408076146,0.1632182606912289,37,-0.002652731
Achyranthes,Christella,10,5.5,5.379581035875306,6.339790517937653,4.363874310762592,7.2518324143501225,4.889790517937653,High_Plateau,0.3544535026493229,0.1887010910632498,36,-0.001710155
Achyranthes,Chrozophora,10,5.5,3.2302656547270963,5.265132827363548,3.7190796964181287,6.392106261890839,3.8151328273635485,High_Plateau,0.4028814398505078,0.2528905509909626,32,-0.002761644
Achyranthes,Chrysanthemum,10,5.5,4.000604780498431,5.650302390249216,3.9501814341495294,6.700241912199372,4.200302390249216,High_Plateau,0.3453818601545881,0.154147695,34,-0.001851379
Achyranthes,Cicer,10,5.5,4.677577474729153,5.988788737364576,4.153273242418746,6.971030989891661,4.538788737364577,High_Plateau,0.3905668967607417,0.253232075,35,-0.004327026
Achyranthes,Cichorium,10,5.5,4.316482285407103,5.808241142703551,4.044944685622131,6.826592914162841,4.358241142703552,High_Plateau,0.4022378824764903,0.2679432765844959,34,-0.002269065
Achyranthes,Cinnamomum,10,5.5,7.389717229966782,7.344858614983391,4.966915168990035,8.055886891986713,5.8948586149833915,High_Plateau,0.4578143280061042,0.2803627755178095,22,-0.001752789
Achyranthes,Circaea,10,5.5,5.171558732973024,6.235779366486511,4.301467619891907,7.168623493,4.785779366486512,High_Plateau,0.4168597786535592,0.2313145943357361,26,-0.001673815
Achyranthes,Cirsium,10,5.5,4.218600293695436,5.759300146847718,4.0155800881086305,6.787440117478175,4.309300146847718,High_Plateau,0.3544493178075617,0.1969407958858209,37,-0.001854637
Achyranthes,Cistanche,10,5.5,5.332573771603347,6.316286885801674,4.349772131481004,7.233029508641339,4.8662868858016735,High_Plateau,0.3916048278227882,0.1891132006104937,27,-0.002120465
Achyranthes,Cistus,10,5.5,7.681154302485851,7.490577151242926,5.054346290745755,8.172461721,6.040577151242926,High_Plateau,0.4097071714797927,0.2417729345389239,29,-0.002203917
Achyranthes,Citrullus,10,5.5,3.828980057815788,5.564490028907894,3.898694017344736,6.6315920231263155,4.114490028907895,High_Plateau,0.4017943628553689,0.2177156874842641,28,-0.002141658
Achyranthes,Citrus,10,5.5,7.644697258556269,7.472348629278134,5.043409177566881,8.157878903422507,6.0223486292781345,High_Plateau,0.3947294229296029,0.2117245509585231,29,-0.001739484
Achyranthes,Cladanthus,10,5.5,3.413142843744495,5.356571421872247,3.7739428531233483,6.465257137497798,3.906571421872248,High_Plateau,0.3663480737407653,0.1139220979827342,24,-0.002020163
Achyranthes,Clematis,10,5.5,7.064578055085718,7.1822890275428595,4.869373416525715,7.9258312220342875,5.732289027542859,High_Plateau,0.4333193088372934,0.2972005699730538,30,-0.00212483
Achyranthes,Cleome,10,5.5,3.232445923116355,5.266222961558178,3.7197337769349064,6.392978369246542,3.8162229615581778,High_Plateau,0.374091523,0.145729989,26,-0.001433346
Achyranthes,Clinopodium,10,5.5,4.7226730727089965,6.011336536354499,4.166801921812699,6.989069229083599,4.561336536354498,High_Plateau,0.3736895870508157,0.2191592485465727,35,-0.002735989
Achyranthes,Clypeola,10,5.5,3.299580767117483,5.299790383558742,3.739874230135245,6.419832306846994,3.8497903835587417,High_Plateau,0.3293872178722589,0.1223304850407325,34,-0.002711753
Achyranthes,Colchicum,10,5.5,5.20587923,6.252939615,4.311763769118614,7.182351692158152,4.802939615,High_Plateau,0.4038993261375448,0.2383833294225299,30,-0.002238454
Achyranthes,Coleostephus,10,5.5,3.130344031047397,5.215172015523699,3.689103209314219,6.352137612418959,3.7651720155236985,High_Plateau,0.42579709,0.2331317796758853,24,-0.00357841
Achyranthes,Colutea,10,5.5,7.557705669226315,7.428852834613157,5.017311700767895,8.123082267690526,5.978852834613157,High_Plateau,0.3960580222278286,0.2719486279871505,36,-0.001902644
Achyranthes,Conopodium,10,5.5,3.9826144410819646,5.641307220540982,3.9447843323245895,6.693045776432786,4.191307220540983,High_Plateau,0.3979771286236723,0.1691029081021242,23,-0.002729556
Achyranthes,Conringia,10,5.5,3.2957620354558816,5.297881018,3.7387286106367643,6.418304814182353,3.847881017727941,High_Plateau,0.3157720077446403,0.1198312438754766,37,-0.003079978
Achyranthes,Convolvulus,10,5.5,4.969503171906006,6.134751585953003,4.240850951571802,7.087801268762403,4.684751585953004,High_Plateau,0.4844529056854629,0.3420271235556458,23,-0.002592862
Achyranthes,Coris,10,5.5,3.902915586210414,5.601457793105207,3.920874675863124,6.661166234484166,4.151457793105207,High_Plateau,0.4485454617275022,0.245984234,20,-0.004740528
Achyranthes,Coronilla,10,5.5,5.185779161912364,6.242889580956182,4.305733748573709,7.174311664764946,4.792889580956182,High_Plateau,0.408120334,0.2880920763739168,35,-0.00309266
Achyranthes,Corrigiola,10,5.5,4.165939828785658,5.732969914392829,3.9997819486356976,6.766375931514263,4.2829699143928295,High_Plateau,0.4508185911632935,0.189255521,13,0.013963101
Achyranthes,Corydalis,10,5.5,4.300934327682556,5.800467163841278,4.040280298304767,6.820373731073023,4.350467163841278,High_Plateau,0.413720511,0.2003611848661267,23,-0.001587115
Achyranthes,Corynephorus,10,5.5,3.808315154001158,5.554157577000579,3.8924945462003473,6.623326061600464,4.104157577,High_Plateau,0.2891990782517016,0.1487063960449094,47,-0.002226129
Achyranthes,Cotoneaster,10,5.5,7.731577222630238,7.515788611315119,5.069473166789072,8.192630889052095,6.065788611315119,High_Plateau,0.3577245840333083,0.17889561,34,-0.002163717
Achyranthes,Cotula,10,5.5,4.0470980035649005,5.673549002,3.964129401,6.718839201,4.223549002,High_Plateau,0.3646587498027403,0.1926903935465147,34,-0.001795977
Achyranthes,Crambe,10,5.5,4.95307593,6.1265379649143945,4.235922778948637,7.081230371931516,4.676537964914395,High_Plateau,0.3742532796240809,0.2282757785683912,36,-0.001585823
Achyranthes,Crassula,10,5.5,3.9650484353773736,5.632524217688687,3.939514530613212,6.686019374,4.182524217688687,High_Plateau,0.4528054070941108,0.2707174899369278,22,-0.003615571
Achyranthes,Crataegus,10,5.5,7.369864784513134,7.334932392256567,4.960959435,8.047945913805254,5.884932392256568,High_Plateau,0.3788394748427399,0.1884116881310306,30,-0.002978761
Achyranthes,Crepis,10,5.5,4.167586746765607,5.733793373382803,4.000276024029682,6.767034698706243,4.283793373382803,High_Plateau,0.414694754,0.2683256447742197,31,-0.002899861
Achyranthes,Crocus,10,5.5,5.224715285507166,6.262357642753583,4.317414586,7.189886114202867,4.812357642753583,High_Plateau,0.3862300805411605,0.2442461123717525,35,-0.002765373
Achyranthes,Crotalaria,10,5.5,4.707152715891593,6.003576357945796,4.162145814767478,6.982861086356637,4.553576357945797,High_Plateau,0.4258869813011555,0.2741609538714948,29,-0.002345915
Achyranthes,Crucianella,10,5.5,3.8587423412693496,5.5793711706346745,3.907622702380805,6.643496937,4.129371170634675,High_Plateau,0.3764102061971791,0.1423161910102061,25,-0.002273414
Achyranthes,Crupina,10,5.5,3.130344031047397,5.215172015523699,3.689103209314219,6.352137612418959,3.7651720155236985,High_Plateau,0.3847172193333158,0.2331317796758853,34,-0.003418212
Achyranthes,Cucumis,10,5.5,3.240567650664511,5.270283825332255,3.722170295199353,6.3962270602658045,3.8202838253322557,High_Plateau,0.4057036026967383,0.2255341671670027,28,-0.002141658
Achyranthes,Cucurbita,10,5.5,3.8536652490402696,5.576832624520135,3.906099574712081,6.641466099616109,4.126832624520135,High_Plateau,0.3848227784157098,0.1756047607705065,27,-0.002398759
Achyranthes,Cullen,10,5.5,5.324857443612244,6.312428721806121,4.347457233083673,7.229942977444898,4.862428721806122,High_Plateau,0.4126149403684541,0.3052235278787945,36,-0.002707962
Achyranthes,Cuphea,10,5.5,4.604885507659854,5.952442753829927,4.1314656522979565,6.941954203063942,4.502442753829927,High_Plateau,0.4582683232095645,0.3061578310725579,25,-0.002900444
Achyranthes,Cupressus,10,5.5,7.539500569628136,7.419750284814068,5.011850171,8.115800227851254,5.969750284814069,High_Plateau,0.3856933041967733,0.1854418302461769,28,-0.001782959
Achyranthes,Cuscuta,10,5.5,3.827576608397635,5.563788304198818,3.8982729825192903,6.631030643359054,4.113788304198818,High_Plateau,0.4583248477029329,0.2814767456984284,22,-0.002217443
Achyranthes,Cutandia,10,5.5,3.4131569786234786,5.356578489311739,3.7739470935870436,6.465262791449391,3.9065784893117392,High_Plateau,0.2963199469099192,0.1382156545129695,44,-0.001851406
Achyranthes,Cyclamen,10,5.5,5.208525627894461,6.254262814,4.312557688368338,7.183410251157785,4.804262813947231,High_Plateau,0.4380918780593835,0.2411271703302535,22,-0.002799263
Achyranthes,Cymbalaria,10,5.5,5.104820233182776,6.202410116591388,4.281446069954833,7.141928093,4.752410116591388,High_Plateau,0.3992899278972984,0.2209223562214675,29,-0.002123461
Achyranthes,Cymbopogon,10,5.5,4.969733526186287,6.134866763093143,4.240920057855886,7.087893410474515,4.684866763093144,High_Plateau,0.3673010506800566,0.2393128518149062,39,-0.003005807
Achyranthes,Cynanchum,10,5.5,7.388527634775345,7.344263817387672,4.966558290432603,8.055411053910138,5.894263817387673,High_Plateau,0.4288436759561507,0.2801487525128054,29,-0.002717962
Achyranthes,Cynara,10,5.5,4.849231402281897,6.0746157011409485,4.204769420684569,7.0396925609127585,4.624615701140948,High_Plateau,0.4069054296918641,0.2774952980315093,34,-0.0033537
Achyranthes,Cynodon,10,5.5,5.2137858116609905,6.256892905830496,4.314135743498297,7.185514324664396,4.806892905830495,High_Plateau,0.3245232846283141,0.1945857483726303,44,-0.001668498
Achyranthes,Cynoglossum,10,5.5,3.8155131842954892,5.5577565921477445,3.8946539552886468,6.626205273718195,4.107756592147744,High_Plateau,0.4649312627085425,0.2707582068704198,19,-0.00584827
Achyranthes,Cynosurus,10,5.5,3.7261902847320054,5.513095142366002,3.8678570854196015,6.5904761138928025,4.063095142366003,High_Plateau,0.3260770515112952,0.1814665711797772,42,-0.002726724
Achyranthes,Cyperus,10,5.5,4.523166433138719,5.911583217,4.1069499299416155,6.909266573255488,4.461583217,High_Plateau,0.3215041792644726,0.1394327849251185,38,-0.002670077
Achyranthes,Cypripedium,10,5.5,5.432766298299303,6.366383149149652,4.379829889489791,7.273106519319722,4.9163831491496515,High_Plateau,0.3683220363743983,0.151073384,28,-0.003653405
Achyranthes,Cytinus,10,5.5,5.360507277187178,6.3302536385935895,4.358152183156154,7.244202910874872,4.880253638593589,High_Plateau,0.4296024521280123,0.257326236,26,-0.004305288
Achyranthes,Cytisus,10,5.5,7.591998253,7.445999126325395,5.0275994757952365,8.136799301060316,5.995999126325396,High_Plateau,0.4241558383903826,0.2788829494098109,30,-0.002171432
Achyranthes,Dactylis,10,5.5,5.234468474860533,6.267234237430266,4.320340542,7.193787389944213,4.817234237430267,High_Plateau,0.3581048582517635,0.2374551100684192,41,-0.003487242
Achyranthes,Dactylorhiza,10,5.5,5.220613056899939,6.260306528,4.316183917069981,7.188245222759976,4.810306528,High_Plateau,0.3853658983850661,0.2505889812954969,36,-0.002025649
Achyranthes,Daphne,10,5.5,7.749256698,7.524628348966025,5.0747770093796145,8.199702679,6.074628348966025,High_Plateau,0.4035769396578106,0.204706426,26,-0.001461364
Achyranthes,Dasypyrum,10,5.5,4.3688903365278895,5.834445168263945,4.060667100958367,6.847556134611156,4.3844451682639445,High_Plateau,0.332278879,0.1939554059441857,42,-0.00315262
Achyranthes,Datura,10,5.5,3.559004541047906,5.429502270523953,3.817701362314372,6.523601816419163,3.979502270523953,High_Plateau,0.4199139605938692,0.237721123,26,-0.003164638
Achyranthes,Daucus,10,5.5,3.232348626611917,5.266174313305958,3.719704587983575,6.392939450644767,3.8161743133059587,High_Plateau,0.3336258117646512,0.1389284828036351,35,-0.002219913
Achyranthes,Delphinium,10,5.5,4.761441348083266,6.030720674041633,4.178432404,7.004576539233307,4.580720674041633,High_Plateau,0.4127516089410493,0.2313365731446426,27,-0.001769516
Achyranthes,Dianthus,10,5.5,4.829313231536283,6.064656615768142,4.198793969460885,7.031725292614514,4.6146566157681415,High_Plateau,0.4757563605797655,0.2889775064033573,19,0.011306211
Achyranthes,Dichanthium,10,5.5,4.969733526186287,6.134866763093143,4.240920057855886,7.087893410474515,4.684866763093144,High_Plateau,0.3550848105198866,0.2393128518149062,42,-0.001880537
Achyranthes,Digitalis,10,5.5,4.6411759097697285,5.970587954884865,4.142352772930918,6.956470363907892,4.520587954884864,High_Plateau,0.397253162,0.2169727267447275,29,-0.002742971
Achyranthes,Digitaria,10,5.5,3.782479493182177,5.5412397465910885,3.884743847954653,6.612991797272871,4.091239746591088,High_Plateau,0.3140039396108507,0.1408712970536797,40,-0.002673254
Achyranthes,Dioscorea,10,5.5,5.117738576212136,6.208869288106068,4.285321572863641,7.147095430484855,4.758869288106068,High_Plateau,0.4210224384454296,0.2232137043681519,24,-0.001734548
Achyranthes,Diospyros,10,5.5,7.383214705264254,7.341607352632127,4.964964411579276,8.053285882105701,5.891607352632127,High_Plateau,0.528307315,0.3889946395130608,18,-0.004365797
Achyranthes,Dipcadi,10,5.5,5.015322808749539,6.157661404374769,4.254596842624862,7.106129123499816,4.707661404,High_Plateau,0.4250053769402596,0.3138123834487068,34,-0.003939655
Achyranthes,Diplotaxis,10,5.5,3.970634184225655,5.635317092112827,3.9411902552676965,6.688253673690262,4.185317092112828,High_Plateau,0.3418202511650399,0.1470947047301662,34,-0.002202519
Achyranthes,Dipsacus,10,5.5,3.3104295826115604,5.305214791,3.7431288747834683,6.424171833044625,3.855214791,High_Plateau,0.3876215749833783,0.156435034,24,-0.001849832
Achyranthes,Dittrichia,10,5.5,4.865262945658481,6.082631473,4.209578883697544,7.046105178263392,4.632631472829241,High_Plateau,0.3699400641598593,0.1950154308063324,33,-0.00170391
Achyranthes,Dodonaea,10,5.5,7.298628427227628,7.299314213613814,4.939588528168288,8.019451370891051,5.849314213613814,High_Plateau,0.4289734027332189,0.2639822200882643,27,-0.002779813
Achyranthes,Doronicum,10,5.5,5.053020031442687,6.176510015721343,4.265906009432806,7.121208012577075,4.7265100157213435,High_Plateau,0.3973781084241925,0.2256498171221105,30,-0.00378307
Achyranthes,Draba,10,5.5,4.676784023231279,5.988392011615639,4.153035206969384,6.9707136092925115,4.538392012,High_Plateau,0.3433305454477351,0.1994147178501838,40,-0.002124299
Achyranthes,Dryopteris,10,5.5,5.306316379885132,6.303158189942566,4.341894914,7.2225265519540525,4.853158189942566,High_Plateau,0.3629372796477262,0.2057945418913371,36,-0.002339639
Achyranthes,Dysphania,10,5.5,3.4639663321963514,5.381983166098175,3.789189899658905,6.485586532878541,3.931983166098176,High_Plateau,0.6458044291112741,0.5787388848353248,13,0.016404661
Achyranthes,Ebenus,10,5.5,6.351898487220898,6.825949243610449,4.655569546166269,7.640759394888359,5.3759492436104495,High_Plateau,0.4286500964076142,0.3371518358654206,36,-0.001997941
Achyranthes,Echinochloa,10,5.5,3.3158805168180403,5.307940258,3.744764155045412,6.426352206727216,3.8579402584090206,High_Plateau,0.3114974559368583,0.1440705311867241,41,-0.002638371
Achyranthes,Echinophora,10,5.5,5.163969524030953,6.231984762015476,4.299190857209286,7.165587809612381,4.781984762015476,High_Plateau,0.4339811085274754,0.2413602326757463,23,-0.003976379
Achyranthes,Echinops,10,5.5,4.855086313418788,6.077543156709394,4.206525894025637,7.042034525367516,4.627543156709394,High_Plateau,0.4496816813377289,0.3300113891913061,30,-0.002555201
Achyranthes,Echium,10,5.5,3.6723636262169608,5.486181813,3.851709087865088,6.568945450486785,4.036181813108481,High_Plateau,0.3906072738089155,0.1541478951301697,23,-0.001653039
Achyranthes,Elaeagnus,10,5.5,7.350625002925965,7.3253125014629825,4.9551875008777895,8.040250001170387,5.875312501462982,High_Plateau,0.433033461,0.2723261522957571,27,-0.003898888
Achyranthes,Elatine,10,5.5,3.4742119886836687,5.387105994341834,3.7922635966051006,6.489684795473467,3.9371059943418345,High_Plateau,0.4145544403527527,0.2433512873228016,28,-0.002718882
Achyranthes,Eleocharis,10,5.5,4.887066980026965,6.093533490013483,4.216120094008089,7.054826792010786,4.643533490013483,High_Plateau,0.3414933999050786,0.1710993888064461,37,-0.002206781
Achyranthes,Eleusine,10,5.5,4.192480985281277,5.746240492640638,4.0077442955843825,6.776992394112511,4.296240492640639,High_Plateau,0.3141682249537675,0.165745218,43,-0.002112332
Achyranthes,Elymus,10,5.5,5.392891535880676,6.346445767940338,4.367867460764203,7.2571566143522706,4.896445767940339,High_Plateau,0.3404133633822235,0.1856470129073986,39,-0.003553486
Achyranthes,Enarthrocarpus,10,5.5,3.299580767117483,5.299790383558742,3.739874230135245,6.419832306846994,3.8497903835587417,High_Plateau,0.2883565278832458,0.1223304850407325,44,-0.002059749
Achyranthes,Enneapogon,10,5.5,4.943621487942729,6.1218107439713645,4.233086446382819,7.077448595177092,4.671810743971365,High_Plateau,0.3473136381277473,0.191195271,38,-0.003387917
Achyranthes,Ephedra,10,5.5,7.550795151853493,7.4253975759267465,5.015238545556048,8.120318060741397,5.975397575926747,High_Plateau,0.3971609644887413,0.167945702,23,-0.005105168
Achyranthes,Epilobium,10,5.5,4.951111932745898,6.125555966372949,4.235333579823769,7.0804447730983595,4.675555966372949,High_Plateau,0.4501490652255878,0.2981734259407244,26,-0.003075108
Achyranthes,Epimedium,10,5.5,4.869682143009525,6.084841071504762,4.210904642902857,7.047872857,4.634841071504763,High_Plateau,0.4221468117372956,0.2254626354428296,24,-0.001735471
Achyranthes,Epipactis,10,5.5,5.303296267,6.301648133616149,4.340988880169689,7.221318506892921,4.851648134,High_Plateau,0.3855310605861942,0.2098125389071701,31,-0.001971267
Achyranthes,Equisetum,10,5.5,5.390585529512365,6.3452927647561825,4.367175659,7.256234211804946,4.895292764756183,High_Plateau,0.3891822208188942,0.168283402,25,-0.00438932
Achyranthes,Eragrostis,10,5.5,4.175211581628746,5.7376057908143725,4.002563474488624,6.770084632651498,4.287605790814373,High_Plateau,0.3554186522685336,0.1662222263329913,33,-0.002952006
Achyranthes,Eremopyrum,10,5.5,3.4323375519961314,5.366168775998066,3.779701265598839,6.472935020798452,3.9161687759980657,High_Plateau,0.3074102215386607,0.1440263234385004,42,-0.002193785
Achyranthes,Erica,10,5.5,7.383194126689805,7.341597063344903,4.9649582380069415,8.053277650675922,5.891597063344903,High_Plateau,0.4453851327050799,0.2804094268355958,25,-0.002990328
Achyranthes,Erigeron,10,5.5,4.795620093787324,6.047810046893662,4.188686028136197,7.018248038,4.597810046893662,High_Plateau,0.4394945342864681,0.3261978433062626,32,-0.003167161
Achyranthes,Erodium,10,5.5,4.136178326762672,5.718089163381336,3.9908534980288017,6.754471330705069,4.268089163381337,High_Plateau,0.4161604880542877,0.1970990997430207,22,-0.00197281
Achyranthes,Erucastrum,10,5.5,4.5544324485769945,5.927216224288497,4.116329734573098,6.9217729794307985,4.477216224288497,High_Plateau,0.331588213,0.2087938545933187,44,-0.002059749
Achyranthes,Eryngium,10,5.5,4.457088586393016,5.878544293196508,4.087126575917905,6.882835434557206,4.4285442931965076,High_Plateau,0.394700728,0.1869475404576716,26,-0.001429053
Achyranthes,Erysimum,10,5.5,4.136140415871446,5.718070207935723,3.990842124761434,6.754456166348579,4.268070207935724,High_Plateau,0.3459452267759629,0.1635793779929995,35,-0.002280239
Achyranthes,Eschscholzia,10,5.5,3.440092350561901,5.370046175280951,3.782027705,6.476036940224761,3.920046175280951,High_Plateau,0.3978428764402157,0.1608251490052577,22,-0.003779172
Achyranthes,Eucalyptus,10,5.5,7.480309391712614,7.390154695856307,4.994092817513785,8.092123756685046,5.940154695856307,High_Plateau,0.4425017002066382,0.2995754577946784,28,-0.004367136
Achyranthes,Eugenia,10,5.5,7.405864816561852,7.352932408280926,4.971759444968555,8.062345927,5.902932408280926,High_Plateau,0.3953080840532457,0.221174611,30,-0.002107281
Achyranthes,Euonymus,10,5.5,7.597590827420829,7.448795413710414,5.029277248226249,8.139036330968331,5.998795413710415,High_Plateau,0.4307236972348062,0.2263815683541351,22,-0.002753061
Achyranthes,Eupatorium,10,5.5,5.158882876891237,6.229441438445619,4.2976648630673715,7.163553150756496,4.779441438445619,High_Plateau,0.3563877311317528,0.225502872,40,-0.001993213
Achyranthes,Euphorbia,10,5.5,4.577146144052737,5.938573072026369,4.123143843215821,6.930858457621095,4.488573072026369,High_Plateau,0.4397248073375805,0.3265772859651071,32,-0.002761644
Achyranthes,Fallopia,10,5.5,4.732979131295734,6.016489565647866,4.169893739,6.993191652518293,4.566489565647867,High_Plateau,0.4156976144171438,0.1961130818212366,22,-0.001671457
Achyranthes,Ferula,10,5.5,5.193990181227012,6.246995090613506,4.308197054368104,7.177596072490806,4.796995090613507,High_Plateau,0.3737411436871784,0.1947953082688086,32,-0.003688392
Achyranthes,Ferulago,10,5.5,5.163969524030953,6.231984762015476,4.299190857209286,7.165587809612381,4.781984762015476,High_Plateau,0.4341122940358281,0.2413602326757463,23,-0.002664524
Achyranthes,Festuca,10,5.5,5.356439873925864,6.328219936962932,4.356931962177759,7.242575949570346,4.878219936962932,High_Plateau,0.3440632805874882,0.1928408897957245,39,-0.003023698
Achyranthes,Fibigia,10,5.5,5.178996248820283,6.239498124410142,4.303698874646085,7.1715984995281135,4.789498124410142,High_Plateau,0.3564497081661718,0.1927235375263242,36,-0.001860332
Achyranthes,Filago,10,5.5,3.262388614,5.281194307126555,3.728716584275933,6.404955445701244,3.8311943071265553,High_Plateau,0.3291148719540162,0.1464334919182265,37,-0.002662576
Achyranthes,Fimbristylis,10,5.5,4.217772184811072,5.758886092405536,4.015331655443322,6.787108874,4.308886092405537,High_Plateau,0.3275970110711526,0.151440815,38,-0.001781911
Achyranthes,Foeniculum,10,5.5,4.332899929940008,5.816449964970004,4.049869978982002,6.833159971976004,4.366449964970004,High_Plateau,0.3598637721427811,0.1666608418727156,32,-0.001789776
Achyranthes,Fragaria,10,5.5,5.1487962251637995,6.224398113,4.294638868,7.15951849,4.774398113,High_Plateau,0.3812540273141084,0.1930667037346106,30,-0.002108314
Achyranthes,Frankenia,10,5.5,6.772638428625492,7.036319214312746,4.7817915285876476,7.809055371450198,5.586319214312747,High_Plateau,0.4645159828680226,0.2316436339324475,14,-0.019907656
Achyranthes,Fraxinus,10,5.5,7.306303437538976,7.303151718769488,4.941891031261693,8.022521375015591,5.853151718769489,High_Plateau,0.39851973,0.1784444136991624,24,-0.002915177
Achyranthes,Fritillaria,10,5.5,5.686821879254523,6.493410939627261,4.456046563776357,7.374728751701809,5.043410939627261,High_Plateau,0.310075203,0.067273062,32,-0.002736567
Achyranthes,Fumana,10,5.5,7.686305468,7.493152734,5.055891640499288,8.174522187332384,6.043152734,High_Plateau,0.4160878606923953,0.2302857333267755,26,-0.00424869
Achyranthes,Fumaria,10,5.5,3.2306929621469673,5.265346481073483,3.7192078886440902,6.392277184858787,3.815346481073484,High_Plateau,0.3883279739029257,0.1495761105965442,23,-0.001587115
Achyranthes,Gagea,10,5.5,5.331048435275143,6.315524217637572,4.349314530582543,7.232419374110057,4.865524217637572,High_Plateau,0.3726197319015149,0.1922919759440006,32,-0.002385848
Achyranthes,Galactites,10,5.5,3.130344031047397,5.215172015523699,3.689103209314219,6.352137612418959,3.7651720155236985,High_Plateau,0.4259249971962341,0.2331317796758853,24,-0.002299337
Achyranthes,Galega,10,5.5,5.162776387,6.231388193385545,4.298832916031327,7.165110554708436,4.7813881933855455,High_Plateau,0.3949185608761939,0.2700467162296224,36,-0.003787698
Achyranthes,Galinsoga,10,5.5,3.1117671585413613,5.205883579,3.6835301475624083,6.344706863416545,3.755883579270681,High_Plateau,0.3707686377682665,0.2297113998418934,37,-0.002514457
Achyranthes,Galium,10,5.5,4.693740421408835,5.996870210704417,4.158122126422651,6.977496168563534,4.546870210704418,High_Plateau,0.4136716948049213,0.208953799,24,-0.003942458
Achyranthes,Gastridium,10,5.5,3.482186780715488,5.391093390357744,3.794656034214646,6.492874712286195,3.941093390357744,High_Plateau,0.2691711032591879,0.1332579247101494,50,-0.001975851
Achyranthes,Gaudinia,10,5.5,4.296803660533789,5.7984018302668945,4.039041098160137,6.818721464213516,4.348401830266894,High_Plateau,0.2961908428030298,0.1708144802097052,48,-0.001753014
Achyranthes,Gazania,10,5.5,5.563756426196961,6.431878213,4.419126927859089,7.325502570478784,4.981878213098481,High_Plateau,0.4055718288546291,0.2334827370656567,29,-0.002106356
Achyranthes,Genista,10,5.5,7.594610983178779,7.447305492,5.028383294953633,8.137844393,5.9973054915893895,High_Plateau,0.4203485400672769,0.2793892523196595,31,-0.001680039
Achyranthes,Gentianopsis,10,5.5,3.732271611507353,5.5161358057536765,3.869681483452206,6.592908644602941,4.066135805753676,High_Plateau,0.3946589834074875,0.1707972126945774,24,-0.00328664
Achyranthes,Geranium,10,5.5,4.339930902348128,5.819965451174063,4.051979270704438,6.835972360939252,4.369965451174064,High_Plateau,0.4521867341327671,0.2691515918999798,22,-0.00197281
Achyranthes,Geum,10,5.5,5.143398105121577,6.221699052560789,4.293019431536473,7.157359242048631,4.7716990525607885,High_Plateau,0.4135623082127364,0.2411454498142908,28,-0.001611016
Achyranthes,Gladiolus,10,5.5,5.129895059833998,6.214947529916999,4.288968517950199,7.151958023933599,4.7649475299169985,High_Plateau,0.3921450295109662,0.2234000922120098,31,-0.003769344
Achyranthes,Glaucium,10,5.5,3.790327997276126,5.545163998638063,3.887098399182838,6.616131199,4.095163998638063,High_Plateau,0.4046857592894652,0.1743652942162349,22,-0.00305107
Achyranthes,Glinus,10,5.5,3.2446284266320418,5.272314213316021,3.7233885279896124,6.397851370652817,3.8223142133160213,High_Plateau,0.4654231877973649,0.2257040943606877,14,0.018862091
Achyranthes,Globularia,10,5.5,6.117052067193631,6.708526033596815,4.585115620158089,7.546820826877452,5.258526033596816,High_Plateau,0.4266573039848458,0.2593889402634157,27,-0.002974401
Achyranthes,Glyceria,10,5.5,5.270464735560549,6.285232367780274,4.331139420668165,7.208185894,4.835232367780275,High_Plateau,0.3701592396511866,0.2037508065577455,34,-0.002093143
Achyranthes,Glycine,10,5.5,5.200469429590531,6.2502347147952655,4.310140828877159,7.180187771836213,4.800234714795266,High_Plateau,0.3786976404855593,0.2293438874416891,35,-0.003578649
Achyranthes,Gomphocarpus,10,5.5,7.388527634775345,7.344263817387672,4.966558290432603,8.055411053910138,5.894263817387673,High_Plateau,0.4207034414409035,0.2801487525128054,31,-0.001928526
Achyranthes,Gypsophila,10,5.5,4.348648047756413,5.824324023878207,4.054594414326924,6.839459219102565,4.374324023878207,High_Plateau,0.472658031,0.2636490830455192,16,-0.016322642
Achyranthes,Halimione,10,5.5,6.103328207889019,6.701664103944509,4.580998462366706,7.541331283155608,5.251664104,High_Plateau,0.6816017369771227,0.6971335199035542,7,-0.464170778
Achyranthes,Halimium,10,5.5,7.421613774884017,7.360806887442008,4.976484132465205,8.068645509953607,5.910806887442009,High_Plateau,0.3842639240872803,0.1990546404030572,30,-0.00194903
Achyranthes,Halopeplis,10,5.5,3.2516941192004314,5.275847059600215,3.7255082357601292,6.4006776476801726,3.825847059600216,High_Plateau,0.6298042317300239,0.5590129495956125,14,-0.003871746
Achyranthes,Haplophyllum,10,5.5,5.044617001755156,6.172308500877578,4.263385100526547,7.117846800702063,4.722308500877578,High_Plateau,0.3947142240725236,0.2116941532443645,29,-0.001739484
Achyranthes,Hedera,10,5.5,7.689690567604219,7.494845284,5.056907170281265,8.175876227041687,6.044845283802109,High_Plateau,0.4196054431221419,0.2287981881128829,25,-0.00273103
Achyranthes,Hedypnois,10,5.5,3.350117317,5.325058658358564,3.7550351950151386,6.440046926686852,3.875058658358565,High_Plateau,0.3176906637539267,0.1151840795173835,36,-0.001753486
Achyranthes,Hedysarum,10,5.5,4.646608863870416,5.973304431935208,4.143982659161125,6.958643545548167,4.523304431935208,High_Plateau,0.3853402747439047,0.2505321925380016,36,-0.001997941
Achyranthes,Helianthemum,10,5.5,6.6760892500045195,6.988044625,4.752826775001356,7.7704357000018085,5.538044625,High_Plateau,0.4222981314930324,0.2508068063898435,27,-0.003655457
Achyranthes,Helianthus,10,5.5,4.582031936929799,5.9410159684648995,4.124609581,6.932812775,4.491015968,High_Plateau,0.4019617449218585,0.3166856902865914,40,-0.002167167
Achyranthes,Helichrysum,10,5.5,4.814228542842346,6.057114271421173,4.194268562852704,7.0256914171369385,4.607114271421173,High_Plateau,0.4634862276862332,0.3329847362394467,27,-0.002664144
Achyranthes,Helictotrichon,10,5.5,5.392827585122869,6.346413792561434,4.367848276,7.257131034049148,4.896413792561434,High_Plateau,0.3312781295984252,0.1838569197378872,41,-0.003763577
Achyranthes,Heliotropium,10,5.5,3.7903153358984003,5.545157668,3.8870946007695197,6.6161261343593605,4.095157668,High_Plateau,0.4533071754105272,0.2632599469956628,21,-0.002406063
Achyranthes,Heracleum,10,5.5,4.733591650421271,6.016795825210636,4.170077495126382,6.993436660168509,4.566795825210636,High_Plateau,0.3680861101597756,0.2078239779714472,35,-0.002094405
Achyranthes,Herniaria,10,5.5,4.011905685510399,5.655952843,3.9535717056531197,6.704762274,4.205952843,High_Plateau,0.4937579218570073,0.245408855,11,0.080397957
Achyranthes,Hibiscus,10,5.5,5.7619906249244455,6.530995312462222,4.478597187477334,7.404796249969778,5.080995312462223,High_Plateau,0.4530574321251334,0.3451071928539498,31,-0.003180821
Achyranthes,Hippocrepis,10,5.5,5.960597366598794,6.630298683299397,4.5381792099796385,7.484238946639518,5.180298683299397,High_Plateau,0.4292355123295582,0.313790888,33,-0.002626713
Achyranthes,Hohenackeria,10,5.5,3.3614107592453206,5.3307053796226604,3.758423227773596,6.444564303698129,3.8807053796226603,High_Plateau,0.3734659460150062,0.119865331,23,-0.001653496
Achyranthes,Holcus,10,5.5,4.896973269136347,6.098486634568173,4.219091980740904,7.058789307654539,4.648486634568174,High_Plateau,0.3410946180902137,0.2196093341863018,43,-0.002168983
Achyranthes,Hordeum,10,5.5,4.097279326,5.698639663,3.979183797776186,6.7389117303682475,4.248639663,High_Plateau,0.3256561525607109,0.1559965489805153,39,-0.002873274
Achyranthes,Hornungia,10,5.5,3.2923845821069255,5.296192291053463,3.7377153746320775,6.416953833,3.846192291053463,High_Plateau,0.3573815664263812,0.1206529177900675,27,-0.002051664
Achyranthes,Humulus,10,5.5,4.935431010104676,6.117715505052338,4.230629303031403,7.074172404041871,4.667715505052338,High_Plateau,0.3946596617969588,0.203371677,28,-0.001768617
Achyranthes,Hyacinthoides,10,5.5,5.360369985736285,6.330184992868142,4.358110995720885,7.244147994294514,4.880184992868143,High_Plateau,0.3601689177388456,0.19203431,35,-0.002317987
Achyranthes,Hydrocotyle,10,5.5,4.634287767,5.967143883480735,4.140286330088441,6.953715106784588,4.517143883480735,High_Plateau,0.4736408753775659,0.3040866433187528,21,-0.003202545
Achyranthes,Hyoscyamus,10,5.5,3.582457040620119,5.44122852,3.8247371121860354,6.532982816248047,3.9912285203100595,High_Plateau,0.3995383263835321,0.1966845205166057,26,-0.001737969
Achyranthes,Hyoseris,10,5.5,4.6470837130440446,5.973541856522022,4.144125113913214,6.9588334852176175,4.523541856522023,High_Plateau,0.3505298330117372,0.1727109048077237,35,-0.00209181
Achyranthes,Hypecoum,10,5.5,3.1268307093150174,5.213415354657508,3.688049212794505,6.350732283726007,3.763415354657509,High_Plateau,0.4379915719076689,0.2325126234048579,21,-0.00182548
Achyranthes,Hypericum,10,5.5,5.467944114065464,6.383972057032732,4.390383234219639,7.287177645626185,4.933972057032732,High_Plateau,0.4783632039501267,0.3544328344598115,26,-0.002230763
Achyranthes,Hypochaeris,10,5.5,4.907394358266585,6.103697179133293,4.2222183074799755,7.062957743306635,4.653697179133292,High_Plateau,0.4222447634050842,0.3080876452993698,34,-0.002922099
Achyranthes,Hypolepis,10,5.5,5.272512884900177,6.286256442450089,4.331753865470053,7.209005153960071,4.836256442450089,High_Plateau,0.3933105591299221,0.2500031452154514,34,-0.001841642
Achyranthes,Iberis,10,5.5,4.129787490455659,5.714893745,3.9889362471366976,6.751914996182263,4.2648937452278295,High_Plateau,0.3497135256360505,0.1546354779809668,33,-0.002069531
Achyranthes,Ilex,10,5.5,7.406242326823492,7.353121163411746,4.971872698047047,8.062496930729397,5.903121163411746,High_Plateau,0.4836173952517176,0.283210878,16,-0.004537973
Achyranthes,Indigofera,10,5.5,7.016045356422639,7.158022678211319,4.8548136069267915,7.906418142569056,5.708022678,High_Plateau,0.4428158002293875,0.3164734563648751,30,-0.003524348
Achyranthes,Inula,10,5.5,5.084749163249326,6.192374581624662,4.275424748974798,7.133899665,4.742374581624663,High_Plateau,0.4586387152712297,0.3560617776359718,31,-0.002140914
Achyranthes,Ionopsidium,10,5.5,3.316657155855654,5.308328577927827,3.7449971467566963,6.426662862342262,3.858328577927827,High_Plateau,0.3592245785577914,0.1242174998396361,27,-0.001444453
Achyranthes,Ipomoea,10,5.5,4.424084616379358,5.862042308189679,4.077225384913808,6.869633846551743,4.412042308,High_Plateau,0.3984233582627515,0.1862556597618873,25,-0.001839237
Achyranthes,Iris,10,5.5,5.052573753332414,6.176286876666207,4.2657721259997246,7.121029501332966,4.726286876666207,High_Plateau,0.3860586354955754,0.2027269396423517,30,-0.002363412
Achyranthes,Isatis,10,5.5,3.6732868857545977,5.486643442877298,3.851986065726379,6.569314754301839,4.036643442877299,High_Plateau,0.3316981526724139,0.1351962248470731,35,-0.002835214
Achyranthes,Isoetes,10,5.5,5.234332844,6.267166421982905,4.320299853189743,7.1937331375863245,4.817166421982906,High_Plateau,0.4232674266053143,0.2446261593454733,26,-0.004155161
Achyranthes,Isolepis,10,5.5,4.479547818559542,5.889773909279771,4.093864345567862,6.891819127423817,4.439773909279771,High_Plateau,0.3313856065792559,0.1511051582477696,37,-0.003313561
Achyranthes,Jasione,10,5.5,4.113569151675902,5.7067845758379505,3.9840707455027706,6.7454276606703605,4.256784575837951,High_Plateau,0.4293314782335332,0.2565451791192586,26,-0.003109743
Achyranthes,Jasminum,10,5.5,7.666860773609802,7.483430386804901,5.050058232,8.166744309,6.033430386804901,High_Plateau,0.4305485202766884,0.2182316683744878,21,-0.004851221
Achyranthes,Jatropha,10,5.5,6.218189998391826,6.759094999195913,4.615456999517548,7.587275999356731,5.3090949991959135,High_Plateau,0.4537966729497317,0.3546361931038798,32,-0.002337524
Achyranthes,Juglans,10,5.5,7.3187759648509845,7.309387982425492,4.945632789455296,8.027510385940394,5.859387982425492,High_Plateau,0.4259183495849876,0.265868798,28,-0.001667343
Achyranthes,Juncus,10,5.5,4.960039361068281,6.130019681,4.2380118083204845,7.084015744427313,4.680019680534141,High_Plateau,0.372916742,0.1599447662740631,28,-0.00206326
Achyranthes,Juniperus,10,5.5,7.545423980361214,7.422711990180607,5.0136271941083645,8.118169592144486,5.972711990180607,High_Plateau,0.3805417260251211,0.1751386739028727,28,-0.001782959
Achyranthes,Jurinea,10,5.5,4.8413721766571856,6.070686088328593,4.202411652997156,7.036548870662875,4.620686088328593,High_Plateau,0.4268101390054319,0.2761488367822879,29,-0.003053753
Achyranthes,Kalanchoe,10,5.5,5.015322808749539,6.157661404374769,4.254596842624862,7.106129123499816,4.707661404,High_Plateau,0.4743832558833732,0.3138123834487068,22,-0.00331155
Achyranthes,Kickxia,10,5.5,3.8453955123787327,5.572697756189366,3.903618654,6.638158204951493,4.122697756189367,High_Plateau,0.363186513,0.140537993,28,-0.002331684
Achyranthes,Knautia,10,5.5,4.942824272019148,6.121412136009575,4.2328472816057445,7.077129708807659,4.671412136009574,High_Plateau,0.4312263388604879,0.2354981433767702,23,-0.00221363
Achyranthes,Koeleria,10,5.5,5.241192256183013,6.270596128091507,4.322357676854904,7.196476902473206,4.820596128091507,High_Plateau,0.3126331538360828,0.2036991022758113,48,-0.001753014
Achyranthes,Lactuca,10,5.5,3.6295199203716995,5.46475996,3.8388559761115095,6.551807968,4.01475996,High_Plateau,0.4133733632921985,0.2411677381247617,28,-0.003611907
Achyranthes,Lamium,10,5.5,3.9172174146886336,5.608608707344317,3.925165224,6.666886965875454,4.158608707344317,High_Plateau,0.3643543932940449,0.1921437084383017,34,-0.002106116
Achyranthes,Lappula,10,5.5,3.334570511710182,5.317285255855091,3.7503711535130546,6.4338282046840725,3.867285255855091,High_Plateau,0.3789897005922129,0.1229286478767167,22,-0.002828425
Achyranthes,Lapsana,10,5.5,3.960979787646969,5.630489893823484,3.938293936294091,6.684391915058788,4.180489893823484,High_Plateau,0.3362233095364926,0.1358544315335367,34,-0.001970569
Achyranthes,Laserpitium,10,5.5,4.734054534121484,6.017027267060742,4.170216360236445,6.993621813648594,4.567027267060743,High_Plateau,0.4183433599318678,0.2920268116749367,33,-0.002727856
Achyranthes,Lathyrus,10,5.5,4.463734758293192,5.8818673791465965,4.089120427487957,6.885493903317277,4.431867379146596,High_Plateau,0.3743520745681933,0.2531850668695252,39,-0.001856643
Achyranthes,Launaea,10,5.5,6.083389470566971,6.691694735283486,4.5750168411700916,7.533355788226789,5.2416947352834855,High_Plateau,0.3941292502237847,0.2680612524571007,36,-0.001753486
Achyranthes,Laurus,10,5.5,7.786184697115819,7.543092348557909,5.085855409134746,8.214473878846327,6.093092349,High_Plateau,0.4543468287678537,0.2734277770413086,22,-0.001752789
Achyranthes,Lavandula,10,5.5,7.658380351493901,7.479190176,5.047514105448171,8.163352141,6.029190175746951,High_Plateau,0.4153692319181569,0.2369853737995015,27,-0.00383729
Achyranthes,Leersia,10,5.5,4.901798538376035,6.100899269188018,4.220539562,7.060719415350414,4.6508992691880175,High_Plateau,0.3855256161482187,0.2261907910717415,33,-0.001725191
Achyranthes,Legousia,10,5.5,3.4262842009594032,5.363142100479702,3.777885260287821,6.470513680383761,3.9131421004797016,High_Plateau,0.3560261690032551,0.1343920362379314,29,-0.00210945
Achyranthes,Lemna,10,5.5,5.156349991110931,6.228174995555465,4.296904997333279,7.162539996444373,4.7781749955554655,High_Plateau,0.3939977261540576,0.1938830675108268,27,-0.002040816
Achyranthes,Leontodon,10,5.5,4.764420230387947,6.0322101151939735,4.179326069116384,7.005768092155179,4.582210115193973,High_Plateau,0.3709870253033486,0.2217768026162274,36,-0.001753486
Achyranthes,Lepidium,10,5.5,4.162123492215995,5.731061746107997,3.9986370476647988,6.764849396886398,4.281061746107998,High_Plateau,0.3848541558931067,0.1920389149990626,29,-0.002063975
Achyranthes,Leucanthemum,10,5.5,4.884783526334066,6.092391763167033,4.215435058,7.053913410533626,4.6423917631670335,High_Plateau,0.3923877896720009,0.2728707324312544,37,-0.002119601
Achyranthes,Leuzea,10,5.5,3.8930074121457046,5.596503706072852,3.9179022236437113,6.657202964858282,4.146503706072853,High_Plateau,0.4313787921208962,0.2439836003361329,24,-0.002020491
Achyranthes,Ligusticum,10,5.5,5.211816141847787,6.255908070923893,4.313544842554336,7.184726456739115,4.805908070923893,High_Plateau,0.3873053364427641,0.188942517,28,-0.003166069
Achyranthes,Ligustrum,10,5.5,7.651994006352358,7.475997003176179,5.045598201905707,8.160797602540944,6.025997003,High_Plateau,0.4176313273037813,0.224718474,25,-0.002073617
Achyranthes,Lilium,10,5.5,5.497939071106808,6.3989695355534035,4.399381721332042,7.299175628442724,4.948969535553404,High_Plateau,0.3394868093975161,0.1260962747248883,32,-0.002736567
Achyranthes,Limonium,10,5.5,5.249759136420381,6.274879568,4.324927740926114,7.1999036545681525,4.824879568210191,High_Plateau,0.4618763154932351,0.235750011,16,0.015355563
Achyranthes,Linaria,10,5.5,4.023582882980761,5.661791441,3.957074864894228,6.709433153192304,4.211791441,High_Plateau,0.3855276598545051,0.1935994081101601,29,-0.003131401
Achyranthes,Linum,10,5.5,4.339563267135121,5.819781634,4.0518689801405365,6.835825306854049,4.369781633567561,High_Plateau,0.4404295844205359,0.2703406140494765,25,-0.002201747
Achyranthes,Lithodora,10,5.5,7.403642542317377,7.3518212711586886,4.971092762695213,8.061457016926951,5.901821271158688,High_Plateau,0.4631447712187661,0.2831831559035186,21,-0.00364615
Achyranthes,Lobularia,10,5.5,4.2287967680218035,5.764398384010901,4.018639030406541,6.791518707208722,4.314398384010902,High_Plateau,0.3149765750953572,0.1590988082816234,42,-0.001892674
Achyranthes,Loeflingia,10,5.5,3.3386020449554117,5.319301022477706,3.7515806134866234,6.435440817982165,3.869301022477706,High_Plateau,0.4297921032575588,0.1234330423721699,10,0.009522944
Achyranthes,Logfia,10,5.5,3.3039108615587094,5.301955430779355,3.7411732584676125,6.421564344623484,3.8519554307793546,High_Plateau,0.3208577875699752,0.1380493320449466,38,-0.00221673
Achyranthes,Lolium,10,5.5,3.685321380909999,5.49266069,3.8555964142729997,6.574128552,4.0426606904549995,High_Plateau,0.338401516,0.1977789149425653,41,-0.002139687
Achyranthes,Lonicera,10,5.5,7.6808815089403195,7.490440754,5.054264452682096,8.172352603576128,6.0404407544701595,High_Plateau,0.4280966406323064,0.2204032082365896,22,0.000868173
Achyranthes,Lotononis,10,5.5,7.738737434032183,7.519368717016091,5.071621230209654,8.195494973612874,6.069368717016092,High_Plateau,0.4232955079100631,0.2689780070893101,29,-0.002345915
Achyranthes,Lotus,10,5.5,4.5647624827224105,5.932381241361205,4.119428744816723,6.925904993088965,4.482381241361205,High_Plateau,0.3820661265676707,0.26038173,38,-0.001795331
Achyranthes,Lupinus,10,5.5,4.630217731,5.965108866,4.139065319,6.952087093,4.515108865747051,High_Plateau,0.4051443551145489,0.2329212977135396,29,-0.003573896
Achyranthes,Luzula,10,5.5,4.975032965,6.137516482464765,4.242509889478859,7.090013185971812,4.6875164824647655,High_Plateau,0.3809019911675869,0.1759152644208307,28,-0.00206326
Achyranthes,Lycium,10,5.5,7.452484498459843,7.3762422492299216,4.985745349537953,8.080993799383938,5.926242249229922,High_Plateau,0.4272948421411427,0.2440679225963117,25,-0.002185712
Achyranthes,Lycopus,10,5.5,5.136345396523813,6.218172698261906,4.2909036189571435,7.154538158609526,4.768172698261907,High_Plateau,0.3811329154806298,0.2258556956269308,34,-0.00288083
Achyranthes,Lysimachia,10,5.5,5.6891437719204925,6.494571885960246,4.456743131576148,7.375657508768198,5.044571885960247,High_Plateau,0.4238650696922508,0.2205261349158085,23,-0.000966279
Achyranthes,Lythrum,10,5.5,3.9187249672116793,5.609362484,3.9256174901635035,6.6674899868846715,4.159362484,High_Plateau,0.4218029147663822,0.2493972794545287,27,-0.001559989
Achyranthes,Magnolia,10,5.5,7.735899616760077,7.517949808380038,5.070769885028023,8.194359846704032,6.067949808380039,High_Plateau,0.4429332681914094,0.2344132452668551,20,-0.003007517
Achyranthes,Malope,10,5.5,3.775134224868798,5.537567112434399,3.882540267460639,6.610053689947519,4.0875671124343995,High_Plateau,0.3262718811575773,0.1406585438208564,37,-0.002217743
Achyranthes,Malva,10,5.5,3.6475217045706727,5.473760852285336,3.844256511371202,6.559008681828269,4.023760852285337,High_Plateau,0.3415521024987618,0.1793941403051596,38,-0.001997622
Achyranthes,Mandragora,10,5.5,5.182542323172458,6.241271161586229,4.304762696951737,7.173016929268984,4.791271161586229,High_Plateau,0.4514832863019145,0.2927474730232209,25,-0.003699023
Achyranthes,Marrubium,10,5.5,5.152579076142102,6.226289538,4.295773722842631,7.161031630456841,4.776289538071051,High_Plateau,0.3829502901244461,0.2374811660919483,35,-0.001738546
Achyranthes,Marsilea,10,5.5,4.870307746032491,6.085153873016246,4.211092323809748,7.048123098412997,4.635153873016246,High_Plateau,0.4180047492559922,0.283014324,32,-0.002147415
Achyranthes,Matricaria,10,5.5,3.8284992484958056,5.5642496242479025,3.8985497745487416,6.631399699398322,4.114249624247903,High_Plateau,0.325344883,0.138946547,37,-0.002927739
Achyranthes,Matthiola,10,5.5,4.148429072683974,5.724214536341987,3.9945287218051924,6.7593716290735895,4.274214536341987,High_Plateau,0.3621439803965059,0.1549904752531724,30,-0.002827641
Achyranthes,Medicago,10,5.5,3.946509664845982,5.623254832422991,3.9339528994537947,6.678603865938393,4.173254832422991,High_Plateau,0.324640444,0.1620364701130654,40,-0.002134071
Achyranthes,Melaleuca,10,5.5,7.336365933762007,7.318182966881004,4.950909780128602,8.034546373504803,5.868182966881004,High_Plateau,0.3811249707544157,0.1846458550624087,29,-0.002390527
Achyranthes,Melampyrum,10,5.5,3.4262842009594032,5.363142100479702,3.777885260287821,6.470513680383761,3.9131421004797016,High_Plateau,0.3681888760492247,0.1343920362379314,26,-0.003770051
Achyranthes,Melica,10,5.5,4.901798538376035,6.100899269188018,4.220539562,7.060719415350414,4.6508992691880175,High_Plateau,0.3813792319081845,0.2261907910717416,34,-0.002093143
Achyranthes,Melilotus,10,5.5,3.3912352895461173,5.345617644773059,3.7673705868638354,6.4564941158184475,3.8956176447730586,High_Plateau,0.3207758080973883,0.1624682687577366,41,-0.001843537
Achyranthes,Mentha,10,5.5,5.067512934,6.1837564667689655,4.270253880061379,7.1270051734151725,4.733756466768965,High_Plateau,0.3715150043381845,0.2066713823644324,34,-0.003138375
Achyranthes,Mercurialis,10,5.5,4.700507493106522,6.000253746553261,4.160152247931957,6.980202997242609,4.5502537465532615,High_Plateau,0.3873740654948971,0.2299448317355324,33,-0.002010901
Achyranthes,Mesembryanthemum,10,5.5,3.2956651781585085,5.297832589079254,3.7386995534475522,6.418266071263403,3.847832589079254,High_Plateau,0.4123100143929235,0.1219146983763922,14,0.006677337
Achyranthes,Micromeria,10,5.5,6.543752522284596,6.921876261142298,4.713125756685379,7.717501008913839,5.471876261142298,High_Plateau,0.3992340484426386,0.2619206715257662,34,-0.00219438
Achyranthes,Milium,10,5.5,4.0442758678433774,5.672137933921689,3.963282760353013,6.717710347137351,4.2221379339216885,High_Plateau,0.3305861995002307,0.2149392720838045,45,-0.001711078
Achyranthes,Minuartia,10,5.5,4.696064816772134,5.9980324083860665,4.158819445,6.978425926708853,4.548032408386067,High_Plateau,0.4350955995843704,0.1665246652210191,13,-0.029612536
Achyranthes,Mirabilis,10,5.5,5.099053017963732,6.199526508981866,4.279715905,7.139621207185494,4.749526508981866,High_Plateau,0.5024836598224274,0.3197134508069458,16,0.00161181
Achyranthes,Miscanthus,10,5.5,4.927120541548144,6.113560270774071,4.228136162464443,7.070848216619257,4.663560270774072,High_Plateau,0.3714879323680667,0.2311609148578898,37,-0.002569086
Achyranthes,Misopates,10,5.5,3.2353873811612814,5.267693690580641,3.7206162143483845,6.394154952464513,3.817693690580641,High_Plateau,0.3507208489595783,0.1483755718924547,32,-0.001792658
Achyranthes,Moehringia,10,5.5,4.740290131,6.020145065675814,4.172087039405489,6.996116052540652,4.570145065675815,High_Plateau,0.4861576777599662,0.2879080272002107,16,-0.002620893
Achyranthes,Moenchia,10,5.5,3.339387899755735,5.319693949877868,3.75181637,6.435755159902294,3.8696939498778677,High_Plateau,0.3970285716666814,0.1230852986697188,18,0.01239347
Achyranthes,Montia,10,5.5,3.5167942653470012,5.4083971326735005,3.8050382796041005,6.506717706138801,3.958397132673501,High_Plateau,0.4196398211092591,0.1632025062609153,17,-0.003175964
Achyranthes,Moricandia,10,5.5,5.16745441,6.233727204913254,4.300236322947953,7.166981763930604,4.783727204913255,High_Plateau,0.3255977677854178,0.1886403548403447,43,-0.002292589
Achyranthes,Morus,10,5.5,7.304136045176133,7.302068022588067,4.941240814,8.021654418070453,5.852068022588067,High_Plateau,0.4285192635746004,0.2629377274814687,27,-0.002098741
Achyranthes,Muehlenbeckia,10,5.5,6.631564246833275,6.965782123416638,4.739469274049982,7.7526256987333095,5.5157821234166375,High_Plateau,0.4732983450727972,0.3113145431325433,22,-0.001671457
Achyranthes,Muscari,10,5.5,4.9161062376085765,6.108053118804288,4.224831871282573,7.066442495043431,4.658053118804288,High_Plateau,0.4107953850117309,0.2932872440503957,35,-0.002317987
Achyranthes,Myoporum,10,5.5,7.363765017049236,7.331882508524618,4.959129505,8.045506006819695,5.881882508524618,High_Plateau,0.4218743516298028,0.2745786346110166,30,-0.003464725
Achyranthes,Myosotis,10,5.5,4.075219267655821,5.687609634,3.9725657802967462,6.730087707062328,4.237609634,High_Plateau,0.387099476,0.1473894226916481,23,-0.002938659
Achyranthes,Myriophyllum,10,5.5,5.078583053460606,6.189291526730303,4.273574916038182,7.131433221384242,4.7392915267303035,High_Plateau,0.4049364354908875,0.1747265416068942,22,-0.002350545
Achyranthes,Najas,10,5.5,3.433517985499332,5.366758992749666,3.7800553956497995,6.4734071941997335,3.916758992749666,High_Plateau,0.3588406737462301,0.1235142441836651,27,-0.001767223
Achyranthes,Narcissus,10,5.5,5.182945882692853,6.2414729413464265,4.304883764807856,7.173178353077141,4.791472941346427,High_Plateau,0.3740831332502601,0.1952261699780771,32,-0.002422805
Achyranthes,Nasturtium,10,5.5,5.123158867760986,6.211579433880493,4.286947660328296,7.149263547104395,4.7615794338804935,High_Plateau,0.3855917724037651,0.2263482431554863,33,-0.001850889
Achyranthes,Nepeta,10,5.5,4.842464209,6.071232104,4.202739262648694,7.036985683531592,4.621232104,High_Plateau,0.3661779745760923,0.1876320870400883,33,-0.002408087
Achyranthes,Nicotiana,10,5.5,4.264825611392485,5.782412805696243,4.029447683417746,6.805930244556994,4.332412805696243,High_Plateau,0.4288854508794216,0.2389318979490742,24,-0.001695392
Achyranthes,Nigella,10,5.5,3.4652096412449325,5.382604820622467,3.7895628923734797,6.486083856497974,3.9326048206224664,High_Plateau,0.3626348936530017,0.1229726000466185,26,-0.002212694
Achyranthes,Nonea,10,5.5,3.538431560550172,5.419215780275086,3.811529468165052,6.515372624220069,3.9692157802750865,High_Plateau,0.3785782343786425,0.1303063243108918,23,-0.002735579
Achyranthes,Nuphar,10,5.5,5.1608036022279595,6.230401801113979,4.2982410806683875,7.164321440891184,4.780401801,High_Plateau,0.4346811730940785,0.2342997577036839,22,-0.002769249
Achyranthes,Nymphaea,10,5.5,4.806997287734459,6.053498643867229,4.192099186320338,7.022798915093784,4.603498644,High_Plateau,0.4520052813529679,0.2689479742214629,22,-0.002769249
Achyranthes,Nymphoides,10,5.5,4.666710888698947,5.983355444349473,4.150013266609684,6.966684355479579,4.533355444349473,High_Plateau,0.4509533922227324,0.2747867839865593,23,-0.001386299
Achyranthes,Ocimum,10,5.5,4.1381523430443155,5.719076171522158,3.9914457029132944,6.755260937217726,4.269076171522158,High_Plateau,0.3815933345938073,0.2019265067118771,31,-0.001918366
Achyranthes,Odontites,10,5.5,3.8017148231290094,5.550857411564505,3.8905144469387025,6.620685929251604,4.100857411564505,High_Plateau,0.355922463,0.1424089833167116,30,-0.002135357
Achyranthes,Oenanthe,10,5.5,4.859134243364904,6.079567121682452,4.207740273009471,7.043653697345961,4.629567121682452,High_Plateau,0.4469796752306463,0.3246337505665305,30,-0.002687069
Achyranthes,Onobrychis,10,5.5,4.986812471694068,6.143406235847034,4.246043742,7.094724988677628,4.693406235847034,High_Plateau,0.3928750448831717,0.2656462100675303,36,-0.002220328
Achyranthes,Ononis,10,5.5,4.973049305835777,6.136524652917888,4.241914791750733,7.089219722334311,4.686524652917889,High_Plateau,0.3836091841650029,0.2718757297183217,39,-0.002738862
Achyranthes,Onopordum,10,5.5,3.2207924674874033,5.260396233743702,3.716237740246221,6.388316986994962,3.8103962337437016,High_Plateau,0.3585865709453612,0.1642845895695636,32,-0.002680526
Achyranthes,Ophioglossum,10,5.5,5.6760299438973965,6.488014971948698,4.452808983169219,7.370411977558959,5.038014971948698,High_Plateau,0.3361682708331359,0.069982143,26,-0.001926635
Achyranthes,Ophrys,10,5.5,5.261734337,6.280867169,4.328520301150694,7.204693734867592,4.830867169,High_Plateau,0.3934861473206206,0.2424070984095244,33,-0.003201416
Achyranthes,Opuntia,10,5.5,6.878674667289989,7.089337333644995,4.813602400186996,7.851469866915996,5.639337333644995,High_Plateau,0.4929230921392573,0.3182182891491785,18,-0.004326278
Achyranthes,Orchis,10,5.5,5.403483505620601,6.351741753,4.371045052,7.261393402,4.901741752810301,High_Plateau,0.3539925209551116,0.1633869161935959,33,-0.003036769
Achyranthes,Origanum,10,5.5,6.460560388760829,6.880280194380415,4.6881681166282485,7.684224155504332,5.430280194380415,High_Plateau,0.4009255116492088,0.2734350916301382,35,-0.001755958
Achyranthes,Ornithogalum,10,5.5,5.020889239430839,6.1604446197154195,4.256266771829251,7.108355695772335,4.710444619715419,High_Plateau,0.3962995933264315,0.2564008162210506,34,-0.003939655
Achyranthes,Ornithopus,10,5.5,3.329422618222906,5.314711309111453,3.7488267854668718,6.431769047289162,3.864711309111453,High_Plateau,0.3623883402585053,0.2047693628680615,36,-0.002703138
Achyranthes,Orobanche,10,5.5,5.128479937052362,6.214239968526181,4.2885439811157084,7.151391974820945,4.764239968526182,High_Plateau,0.415838023,0.2375795903439092,27,-0.002120465
Achyranthes,Osmunda,10,5.5,5.294284208485478,6.297142104242739,4.338285262545643,7.217713683394191,4.847142104242739,High_Plateau,0.4223007159121807,0.2426504315764067,26,-0.003943629
Achyranthes,Osyris,10,5.5,7.800102712975772,7.550051356487886,5.0900308138927315,8.220041085190308,6.100051356487886,High_Plateau,0.364002552,0.062886711,18,-0.01687379
Achyranthes,Oxalis,10,5.5,5.087997409544959,6.193998704772479,4.276399222863487,7.1351989638179845,4.743998705,High_Plateau,0.4594251871888536,0.2920458595242401,23,-0.002963727
Achyranthes,Oxytropis,10,5.5,5.1922974699797555,6.246148734989878,4.307689240993927,7.176918987991902,4.7961487349898775,High_Plateau,0.4105634992825513,0.3010167872163996,36,-0.002188669
Achyranthes,Paeonia,10,5.5,5.361898912124724,6.330949456062362,4.358569673637417,7.244759565,4.880949456062362,High_Plateau,0.424429009,0.1805361657133573,18,-0.00085649
Achyranthes,Pancratium,10,5.5,5.104395994259024,6.202197997129511,4.281318798277707,7.141758398,4.752197997129512,High_Plateau,0.3771307740977026,0.2094964690113561,33,-0.002202001
Achyranthes,Panicum,10,5.5,4.261668351350967,5.7808341756754835,4.028500505,6.804667340540387,4.330834175675484,High_Plateau,0.3431662366252191,0.1663564477180289,36,-0.002859598
Achyranthes,Papaver,10,5.5,3.9132429505595736,5.606621475279787,3.9239728851678723,6.665297180223829,4.1566214752797865,High_Plateau,0.385513589,0.1519565524547101,24,-0.000537288
Achyranthes,Parapholis,10,5.5,3.482186780715488,5.391093390357744,3.794656034214646,6.492874712286195,3.941093390357744,High_Plateau,0.2979224569312766,0.1332579247101494,43,-0.002133547
Achyranthes,Parentucellia,10,5.5,3.4262842009594032,5.363142100479702,3.777885260287821,6.470513680383761,3.9131421004797016,High_Plateau,0.3560001465508848,0.1343920362379314,29,-0.002369675
Achyranthes,Parietaria,10,5.5,3.899980591564699,5.599990296,3.919994177,6.659992237,4.149990296,High_Plateau,0.3623036862479437,0.1468398632556416,29,-0.001573413
Achyranthes,Paronychia,10,5.5,4.552972927508761,5.926486464,4.115891878252628,6.921189171003505,4.476486464,High_Plateau,0.4525797504540684,0.1652119809980038,11,0.069600613
Achyranthes,Paspalum,10,5.5,5.055423639962492,6.177711819981246,4.266627091988748,7.122169455984997,4.727711819981247,High_Plateau,0.3569270511928853,0.2102164161846048,38,-0.002359514
Achyranthes,Passiflora,10,5.5,6.319270069,6.8096350346110395,4.6457810207666235,7.627708027688833,5.359635035,High_Plateau,0.4514717334939399,0.3090109088646888,27,-0.002939949
Achyranthes,Pelargonium,10,5.5,6.458766385025523,6.879383192512762,4.687629915507657,7.683506554,5.429383192512762,High_Plateau,0.4658535616655693,0.2883415207345826,21,-0.002350069
Achyranthes,Periploca,10,5.5,7.388527634775345,7.344263817387672,4.966558290432603,8.055411053910138,5.894263817387673,High_Plateau,0.4248178771323185,0.2801487525128054,30,-0.00188006
Achyranthes,Persicaria,10,5.5,3.8329846430697354,5.566492321534867,3.8998953929209206,6.633193857227894,4.116492321534868,High_Plateau,0.4679782577434251,0.2678443306352374,18,-0.001904829
Achyranthes,Petasites,10,5.5,5.046198901333643,6.173099450666822,4.263859670400093,7.118479560533457,4.723099450666822,High_Plateau,0.3796537096212487,0.2228923616047736,34,-0.002856219
Achyranthes,Petrorhagia,10,5.5,3.737825915428871,5.518912957714435,3.8713477746286613,6.595130366171548,4.068912957714436,High_Plateau,0.4079738394278355,0.1460824525740408,18,0.006860378
Achyranthes,Petroselinum,10,5.5,3.3614107592453206,5.3307053796226604,3.758423227773596,6.444564303698129,3.8807053796226603,High_Plateau,0.3364660166814923,0.119865331,32,-0.001789776
Achyranthes,Phacelia,10,5.5,3.610903724947346,5.455451862473673,3.8332711174842036,6.544361489978939,4.005451862473674,High_Plateau,0.3623049578175906,0.1305730805295459,27,-0.002418564
Achyranthes,Phagnalon,10,5.5,7.386540508885812,7.343270254442906,4.965962152665743,8.054616203554325,5.893270254442906,High_Plateau,0.3755816063979599,0.2064030920815158,33,-0.002226794
Achyranthes,Phalaris,10,5.5,4.145188587210404,5.722594293605201,3.993556576163121,6.758075434884162,4.272594293605202,High_Plateau,0.3126661387817746,0.1630927268515611,43,-0.00387074
Achyranthes,Phillyrea,10,5.5,7.343553536638814,7.321776768319407,4.953066060991644,8.037421414655526,5.871776768319407,High_Plateau,0.4406402811610732,0.2706451294148774,25,-0.001617356
Achyranthes,Phlomis,10,5.5,6.9619969914035105,7.130998495701755,4.838599097421053,7.884798796561404,5.680998495701756,High_Plateau,0.40160024,0.2585695631014078,33,-0.002872811
Achyranthes,Phoenix,10,5.5,7.3670733083366295,7.333536654168315,4.960121992500989,8.046829323334652,5.883536654168315,High_Plateau,0.4389200966839951,0.2755215802454733,26,-0.002105565
Achyranthes,Physalis,10,5.5,4.559840282530832,5.929920141265416,4.117952084759249,6.923936113012333,4.479920141265416,High_Plateau,0.4807073941305888,0.3755579455911171,28,-0.002222636
Achyranthes,Physospermum,10,5.5,5.163969524030953,6.231984762015476,4.299190857209286,7.165587809612381,4.781984762015476,High_Plateau,0.4217552639525387,0.2413602326757463,26,-0.002947154
Achyranthes,Phytolacca,10,5.5,5.269119274823011,6.284559637411506,4.3307357824469035,7.207647709929205,4.834559637411505,High_Plateau,0.5005347846470407,0.2944295095887311,13,-0.014744907
Achyranthes,Picris,10,5.5,3.717449097357163,5.508724548678582,3.865234729207149,6.586979638942865,4.0587245486785815,High_Plateau,0.3932779229216298,0.2582070846275076,35,-0.00209181
Achyranthes,Pilosella,10,5.5,5.2831078029114895,6.291553901455744,4.334932340873447,7.213243121164596,4.841553901455745,High_Plateau,0.3772127017678406,0.2014393954627596,32,-0.002193247
Achyranthes,Pilularia,10,5.5,5.360507277187178,6.3302536385935895,4.358152183156154,7.244202910874872,4.880253638593589,High_Plateau,0.4051607051826692,0.257326236,32,-0.002147415
Achyranthes,Pimpinella,10,5.5,4.508157180783865,5.904078590391933,4.1024471542351595,6.903262872313546,4.454078590391933,High_Plateau,0.4406828307676528,0.2874154469218196,27,-0.002851667
Achyranthes,Pinus,10,5.5,7.610429846595004,7.455214923297502,5.033128953978501,8.144171938638001,6.005214923297502,High_Plateau,0.3676138045102778,0.1411018101448488,27,-0.001973745
Achyranthes,Piptatherum,10,5.5,4.969733526186287,6.134866763093143,4.240920057855886,7.087893410474515,4.684866763093144,High_Plateau,0.3673885545540211,0.2393128518149062,39,-0.002130768
Achyranthes,Pistacia,10,5.5,7.346055709632304,7.323027854816152,4.953816712889691,8.038422283852922,5.8730278548161525,High_Plateau,0.4411975658263726,0.2881719851503122,27,-0.001487007
Achyranthes,Pistorinia,10,5.5,3.1268307093150174,5.213415354657508,3.688049212794505,6.350732283726007,3.763415354657509,High_Plateau,0.4337899520180726,0.2325126234048579,22,-0.002745789
Achyranthes,Pittosporum,10,5.5,7.379405383,7.3397026915914605,4.963821614954876,8.051762153273168,5.889702692,High_Plateau,0.4538042922838785,0.2805973371833952,23,-0.001930064
Achyranthes,Plantago,10,5.5,4.397896389578664,5.848948194789331,4.069368916873599,6.859158555831465,4.398948194789332,High_Plateau,0.3941347964682322,0.210735995,29,-0.002742971
Achyranthes,Platanthera,10,5.5,5.254515788220646,6.277257894110322,4.326354736466193,7.201806315288259,4.827257894110323,High_Plateau,0.3812447933284057,0.2341757482228963,35,-0.002266424
Achyranthes,Platycapnos,10,5.5,3.1268307093150174,5.213415354657508,3.688049212794505,6.350732283726007,3.763415354657509,High_Plateau,0.4377276865549876,0.2325126234048579,21,-0.004464334
Achyranthes,Poa,10,5.5,5.086393585114073,6.193196792557036,4.275918075534221,7.134557434045629,4.743196792557036,High_Plateau,0.335027538,0.2076217183705195,43,-0.002901709
Achyranthes,Polycarpon,10,5.5,3.7733160023057786,5.536658001152889,3.8819948006917335,6.609326400922312,4.086658001152889,High_Plateau,0.440461346,0.1497214732057174,12,0.066964994
Achyranthes,Polycnemum,10,5.5,3.2437377721286107,5.271868886064305,3.723121331638583,6.3974951088514445,3.8218688860643057,High_Plateau,0.6599498077023291,0.5721100567106172,10,0.067714917
Achyranthes,Polygala,10,5.5,5.3591851266746815,6.329592563337341,4.3577555380024044,7.243674050669872,4.879592563337341,High_Plateau,0.4285012731298748,0.2302125332850216,23,-0.003036236
Achyranthes,Polygonatum,10,5.5,5.280942070434337,6.290471035217168,4.334282621130301,7.212376828173735,4.840471035217169,High_Plateau,0.3719102990416204,0.2236993137041548,36,-0.002133304
Achyranthes,Polygonum,10,5.5,4.005916357133142,5.652958178566571,3.951774907139942,6.702366542853257,4.202958178566571,High_Plateau,0.4141451300092507,0.1521704575546179,17,-0.002962632
Achyranthes,Polypodium,10,5.5,5.309233414168274,6.304616707084136,4.342770024250482,7.223693366,4.854616707084137,High_Plateau,0.3570619296526756,0.2105533528703816,38,-0.002695413
Achyranthes,Polypogon,10,5.5,4.385550753566135,5.8427753767830675,4.065665226,6.854220301426454,4.392775376783067,High_Plateau,0.2903470504355019,0.1756098190627772,50,-0.001975851
Achyranthes,Polystichum,10,5.5,5.260681313021843,6.280340656510921,4.328204393906553,7.204272525208737,4.830340656510922,High_Plateau,0.3762611453755712,0.2323976036408875,36,-0.00211629
Achyranthes,Populus,10,5.5,6.780507627711393,7.0402538138556965,4.784152288313418,7.812203051084557,5.590253813855696,High_Plateau,0.3848406355549306,0.191939958,29,-0.001704391
Achyranthes,Portulaca,10,5.5,3.8073337726864174,5.553666886343208,3.892200131805925,6.622933509074567,4.103666886343209,High_Plateau,0.4832128625531288,0.273532785,15,-0.001288722
Achyranthes,Potamogeton,10,5.5,5.026176735630377,6.163088367815188,4.257853020689113,7.110470694,4.713088367815189,High_Plateau,0.4632413392071542,0.3158518666774394,25,-0.001640462
Achyranthes,Potentilla,10,5.5,5.094211353509397,6.197105676754699,4.278263406052819,7.137684541403759,4.747105676754699,High_Plateau,0.3854584254535399,0.1933835824519198,29,-0.002744617
Achyranthes,Primula,10,5.5,4.872249043489313,6.086124521744656,4.2116747130467935,7.048899617395725,4.636124521744657,High_Plateau,0.4182702362990669,0.1930272726028466,21,-0.001612082
Achyranthes,Prosopis,10,5.5,7.406945360557401,7.353472680278701,4.972083608,8.062778144,5.903472680278701,High_Plateau,0.4634790767984959,0.3493195576181956,29,-0.002217979
Achyranthes,Prunella,10,5.5,5.036026576711923,6.1680132883559615,4.260807973013577,7.114410631,4.718013288355962,High_Plateau,0.3833233630783875,0.2219228640446786,33,-0.002408087
Achyranthes,Prunus,10,5.5,7.445487980808659,7.372743990404329,4.983646394242598,8.078195192323463,5.92274399,High_Plateau,0.4390468908914092,0.2922874161115669,28,-0.002475021
Achyranthes,Psidium,10,5.5,7.390421382715718,7.345210691357859,4.967126414814715,8.056168553086287,5.895210691357859,High_Plateau,0.4249966633824409,0.2805517693180834,30,-0.002107281
Achyranthes,Pteris,10,5.5,5.350389209904201,6.325194604952101,4.355116763,7.240155683961681,4.875194604952101,High_Plateau,0.3579565691045652,0.1793424804649996,34,-0.002078218
Achyranthes,Ptilostemon,10,5.5,5.285283130058808,6.292641565029404,4.335584939017642,7.214113252023523,4.842641565029404,High_Plateau,0.387952431,0.2476809028550743,35,-0.002715822
Achyranthes,Puccinellia,10,5.5,4.911029976178373,6.105514988089187,4.223308992853512,7.064411990471349,4.655514988089187,High_Plateau,0.3279541718076215,0.1932247040155964,43,-0.001650295
Achyranthes,Pulicaria,10,5.5,3.9100695570491895,5.605034778524595,3.923020867114757,6.664027822819676,4.155034778524595,High_Plateau,0.4060379300724162,0.267211163,33,-0.00170391
Achyranthes,Quercus,10,5.5,7.294133452368339,7.297066726,4.938240035710502,8.017653380947335,5.847066726,High_Plateau,0.4283876811762674,0.2626667116649535,27,-0.002059486
Achyranthes,Ranunculus,10,5.5,4.852807130975451,6.076403565487725,4.205842139292635,7.041122852390181,4.626403565487726,High_Plateau,0.4451564004252938,0.30466301,28,-0.003257895
Achyranthes,Raphanus,10,5.5,3.4365033075534144,5.368251653776707,3.7809509922660243,6.474601323021366,3.918251653776707,High_Plateau,0.3156129287517087,0.1442596211094057,40,-0.003524982
Achyranthes,Rapistrum,10,5.5,3.776235218240207,5.538117609120103,3.882870565472062,6.6104940872960825,4.088117609120104,High_Plateau,0.3051451599616722,0.1395901596757485,42,-0.002663582
Achyranthes,Reichardia,10,5.5,4.191600806913265,5.745800403456633,4.007480242,6.7766403227653065,4.295800403456633,High_Plateau,0.4001439637147941,0.2800906794391194,36,-0.001753486
Achyranthes,Reseda,10,5.5,3.935425357099602,5.617712679,3.9306276071298805,6.6741701428398414,4.167712678549801,High_Plateau,0.3949458686212623,0.1797325297162059,25,-0.003998483
Achyranthes,Rhamnus,10,5.5,7.626605222978337,7.463302611489168,5.037981566893501,8.150642089191335,6.013302611489168,High_Plateau,0.4096128450230363,0.2250265376880657,27,-0.001606978
Achyranthes,Rhus,10,5.5,7.417456727965122,7.358728363982561,4.975237018389537,8.066982691186048,5.908728363982561,High_Plateau,0.4447055878635588,0.2870501827391262,26,-0.001893665
Achyranthes,Rhynchospora,10,5.5,5.294150819862784,6.2970754099313915,4.338245245958835,7.217660327945113,4.847075409931392,High_Plateau,0.3766024871282071,0.2084568418389061,33,-0.002286735
Achyranthes,Ribes,10,5.5,7.352396169378729,7.326198084689365,4.955718850813619,8.040958467751492,5.876198084689365,High_Plateau,0.462006472,0.2726780052873494,20,-0.003599278
Achyranthes,Robinia,10,5.5,7.447053832650093,7.373526916325046,4.984116149795028,8.078821533060037,5.923526916325047,High_Plateau,0.40144715,0.2499877704689554,32,-0.002590644
Achyranthes,Romulea,10,5.5,5.167072323,6.233536161701255,4.300121697020753,7.166828929361005,4.783536161701255,High_Plateau,0.4200414585633604,0.3118688684161523,35,-0.002765373
Achyranthes,Rorippa,10,5.5,4.366915996752262,5.833457998376131,4.060074799025679,6.846766398700905,4.383457998376131,High_Plateau,0.386062712,0.2029380521604281,30,-0.003378205
Achyranthes,Rosa,10,5.5,7.390859463785032,7.345429731892516,4.967257839,8.056343785514013,5.895429731892516,High_Plateau,0.4337016922559965,0.2817229486512611,28,-0.00310467
Achyranthes,Rostraria,10,5.5,3.4131569786234786,5.356578489311739,3.7739470935870436,6.465262791449391,3.9065784893117392,High_Plateau,0.2839652702669498,0.1382156545129695,47,-0.002110501
Achyranthes,Rubia,10,5.5,4.8556035285411285,6.077801764270564,4.206681058562339,7.042241411416452,4.627801764270565,High_Plateau,0.4489905124763105,0.2794536439535672,24,-0.003253506
Achyranthes,Rubus,10,5.5,7.4811234702695755,7.390561735134788,4.994337041080873,8.092449388,5.9405617351347875,High_Plateau,0.4332981232015185,0.2724953002176892,27,-0.002098009
Achyranthes,Rudbeckia,10,5.5,4.812655541894585,6.056327770947292,4.193796662568375,7.025062216757834,4.606327770947292,High_Plateau,0.3747045831542456,0.295031247,44,-0.002083005
Achyranthes,Ruellia,10,5.5,5.336985582559589,6.318492791279795,4.351095674767877,7.234794233023836,4.868492791279795,High_Plateau,0.4314989641946264,0.2606622273336456,26,-0.002020125
Achyranthes,Rumex,10,5.5,4.882095711387284,6.091047855693642,4.214628713416185,7.052838284554914,4.6410478556936425,High_Plateau,0.4418266784543606,0.2401185724913281,21,-0.00150416
Achyranthes,Ruppia,10,5.5,4.842504851997023,6.0712524259985114,4.202751455599107,7.037001941,4.621252425998511,High_Plateau,0.4015554069648226,0.1843604968819697,24,-0.002138826
Achyranthes,Ruscus,10,5.5,6.266425086772061,6.783212543,4.629927526031619,7.606570034708824,5.333212543386031,High_Plateau,0.4049470104969395,0.2816719226224637,35,-0.002725125
Achyranthes,Ruta,10,5.5,4.808500956572436,6.054250478286217,4.192550286971731,7.023400382628974,4.604250478286218,High_Plateau,0.4274094004796199,0.2689610669393179,28,-0.002218179
Achyranthes,Sagina,10,5.5,4.296391549492952,5.7981957747464765,4.038917464847886,6.818556619797182,4.348195774746476,High_Plateau,0.4347365728916829,0.1856179061772776,16,-0.005381336
Achyranthes,Salicornia,10,5.5,3.8670456208628923,5.583522810431446,3.9101136862588675,6.646818248345157,4.1335228104314465,High_Plateau,0.6473037287444919,0.5853381545177313,13,-0.001598691
Achyranthes,Salix,10,5.5,6.988211500100785,7.144105750050393,4.846463450030235,7.8952846000403145,5.694105750050393,High_Plateau,0.3929237833729043,0.2081062532074652,29,-0.001704391
Achyranthes,Salsola,10,5.5,4.727181216170383,6.013590608085192,4.168154364851115,6.990872486468153,4.563590608085192,High_Plateau,0.685704202,0.6358849248546014,10,0.006384515
Achyranthes,Salvia,10,5.5,5.290323669085659,6.295161835,4.337097100725698,7.216129467634264,4.845161835,High_Plateau,0.4057779874920862,0.2424941773029869,30,-0.00400608
Achyranthes,Salvinia,10,5.5,3.3446332597216917,5.322316629860846,3.753389977916507,6.4378533038886765,3.872316629860846,High_Plateau,0.3384545355344129,0.1239138965041993,32,-0.002147415
Achyranthes,Sambucus,10,5.5,7.175567676985621,7.237783838492811,4.902670303095686,7.970227070794248,5.787783838,High_Plateau,0.478122331,0.3057649739729099,20,-0.007875528
Achyranthes,Samolus,10,5.5,4.846086937999844,6.073043468999922,4.203826081399953,7.038434775199938,4.6230434689999225,High_Plateau,0.472562847,0.2775403398287836,18,-0.004538983
Achyranthes,Santolina,10,5.5,7.352584593085452,7.326292296542726,4.955775377925636,8.041033837234181,5.876292296542726,High_Plateau,0.388145731,0.2725023046958599,38,-0.001602158
Achyranthes,Sapindus,10,5.5,7.411933043138803,7.3559665215694015,4.973579912941641,8.064773217,5.905966521569402,High_Plateau,0.3902916367300992,0.1947076461216394,28,-0.002128713
Achyranthes,Saponaria,10,5.5,4.342646591874786,5.821323295937393,4.052793977562436,6.837058636749914,4.371323295937393,High_Plateau,0.4728329087002374,0.2695852695040633,17,-0.003158904
Achyranthes,Sarcocapnos,10,5.5,5.360507277187178,6.3302536385935895,4.358152183156154,7.244202910874872,4.880253638593589,High_Plateau,0.4504631952649942,0.257326236,21,-0.001177309
Achyranthes,Satureja,10,5.5,5.782633233276012,6.541316616638007,4.4847899699828035,7.413053293310405,5.091316616638006,High_Plateau,0.400374035,0.2481019138077475,32,-0.003892502
Achyranthes,Saxifraga,10,5.5,5.072194174746546,6.186097087373273,4.271658252423964,7.1288776698986185,4.736097087373273,High_Plateau,0.4330957751837873,0.2231360680171012,21,-0.00390067
Achyranthes,Scabiosa,10,5.5,4.6399543890907795,5.969977195,4.141986316727234,6.955981755636312,4.519977195,High_Plateau,0.4128938328280347,0.1909862338618877,22,-0.004075033
Achyranthes,Scandix,10,5.5,3.9826144410819646,5.641307220540982,3.9447843323245895,6.693045776432786,4.191307220540983,High_Plateau,0.3691575217423841,0.1691029081021242,30,-0.003254392
Achyranthes,Schinus,10,5.5,7.357831088334973,7.3289155441674865,4.957349326500491,8.043132435,5.878915544167487,High_Plateau,0.4418839549722229,0.2733892631483718,25,-0.002901287
Achyranthes,Schismus,10,5.5,3.4131569786234786,5.356578489311739,3.7739470935870436,6.465262791449391,3.9065784893117392,High_Plateau,0.3209779252595068,0.1382156545129695,38,-0.001846965
Achyranthes,Schoenoplectus,10,5.5,4.737444536891281,6.018722268,4.171233361067384,6.9949778147565125,4.568722268,High_Plateau,0.3576288933370853,0.2036505218667431,37,-0.003607512
Achyranthes,Schoenus,10,5.5,4.970366722549938,6.135183361274969,4.241110016764981,7.088146689019975,4.685183361274969,High_Plateau,0.3727483424254039,0.1762566700426841,30,-0.003114994
Achyranthes,Scilla,10,5.5,5.3580506046192236,6.329025302309612,4.357415181385767,7.243220241847689,4.879025302309612,High_Plateau,0.358006426,0.1796763337208501,34,-0.003248917
Achyranthes,Scirpus,10,5.5,4.901353687746978,6.100676843873488,4.220406106324093,7.060541475098791,4.650676843873489,High_Plateau,0.3367072206451665,0.1696743139855493,38,-0.001847309
Achyranthes,Scleranthus,10,5.5,3.9717937384828086,5.635896869241404,3.9415381215448426,6.688717495393123,4.185896869241405,High_Plateau,0.4670924548568801,0.2495578869749089,16,-0.001522421
Achyranthes,Scolymus,10,5.5,3.8930074121457046,5.596503706072852,3.9179022236437113,6.657202964858282,4.146503706072853,High_Plateau,0.398425931,0.2439836003361329,32,-0.002781981
Achyranthes,Scorpiurus,10,5.5,3.2818743867593976,5.2909371933796985,3.7345623160278194,6.412749754703759,3.840937193379699,High_Plateau,0.3491148400273539,0.1618226779976598,34,-0.002896497
Achyranthes,Scorzonera,10,5.5,4.804045457425473,6.052022728712736,4.191213637227642,7.021618182970189,4.602022728712736,High_Plateau,0.3829946412987716,0.204900015,31,-0.00277284
Achyranthes,Scrophularia,10,5.5,5.120304053902736,6.210152026951368,4.286091216170821,7.148121621561094,4.760152026951368,High_Plateau,0.3820604254227241,0.1946978563437188,30,-0.002200096
Achyranthes,Scutellaria,10,5.5,5.124307186819692,6.212153593409846,4.287292156045908,7.1497228747278765,4.762153593409846,High_Plateau,0.3987000476834412,0.2198783015509627,29,-0.00280199
Achyranthes,Sedum,10,5.5,4.898970008809674,6.099485004404837,4.219691002642902,7.059588004,4.649485004404838,High_Plateau,0.4209426860894799,0.2150596076001961,23,-0.002857478
Achyranthes,Selaginella,10,5.5,5.023502760973471,6.161751380486735,4.257050828292041,7.109401104389388,4.711751380486735,High_Plateau,0.4125654240792281,0.2232221542933009,26,-0.004155161
Achyranthes,Senecio,10,5.5,4.939040554996302,6.119520277,4.231712166,7.075616221998521,4.669520277498151,High_Plateau,0.4418167560987818,0.3392669021561228,33,-0.004194347
Achyranthes,Senna,10,5.5,6.719156949997251,7.009578474998626,4.765747084999175,7.78766278,5.5595784749986255,High_Plateau,0.4453123422210899,0.3049960337330396,28,-0.003363596
Achyranthes,Serapias,10,5.5,4.889157894293561,6.094578947146781,4.216747368288068,7.055663157717424,4.644578947146781,High_Plateau,0.4324198548225518,0.2872010157909908,29,-0.00221749
Achyranthes,Serratula,10,5.5,5.000101423467272,6.150050711733636,4.250030427040182,7.100040569386909,4.7000507117336365,High_Plateau,0.3921879182800233,0.26421412,36,-0.001931142
Achyranthes,Sesamoides,10,5.5,5.207662195446853,6.253831097723427,4.312298658634056,7.183064878178742,4.803831097723426,High_Plateau,0.4266964703699779,0.2432337332136369,25,-0.003998483
Achyranthes,Seseli,10,5.5,4.933243237747811,6.116621618873905,4.229972971324344,7.073297295099124,4.666621618873906,High_Plateau,0.3572909667473101,0.1863677666744609,35,-0.002764782
Achyranthes,Setaria,10,5.5,3.7818123695879624,5.540906184793981,3.8845437108763887,6.612724947835185,4.090906184793981,High_Plateau,0.3019735556681863,0.1415033329172358,43,-0.002849601
Achyranthes,Sideritis,10,5.5,5.191908595964637,6.245954297982319,4.307572578789391,7.176763438385855,4.795954297982319,High_Plateau,0.3712840698933388,0.2061255845714148,34,-0.002718731
Achyranthes,Silene,10,5.5,4.1769355358173375,5.738467767908668,4.003080660745201,6.770774214326935,4.288467767908669,High_Plateau,0.4773192424891217,0.2660866604711298,15,-0.022994302
Achyranthes,Silybum,10,5.5,3.413142843744495,5.356571421872247,3.7739428531233483,6.465257137497798,3.906571421872248,High_Plateau,0.31702068,0.1139220979827342,36,-0.002143418
Achyranthes,Sinapis,10,5.5,3.4494376673164626,5.374718833658231,3.7848313001949387,6.479775066926585,3.9247188336582317,High_Plateau,0.2998322410981334,0.1290342629748939,42,-0.003013287
Achyranthes,Sisymbrium,10,5.5,3.4421784955834487,5.3710892477917245,3.7826535486750346,6.476871398,3.9210892477917243,High_Plateau,0.3509173099535188,0.1571184512371939,33,-0.002446554
Achyranthes,Smilax,10,5.5,5.965986664939844,6.632993332469922,4.539795999481953,7.486394665975938,5.1829933324699216,High_Plateau,0.4687916147516661,0.3436990463076599,27,-0.003181824
Achyranthes,Smyrnium,10,5.5,3.3726282603297824,5.336314130164891,3.761788478098935,6.449051304131913,3.8863141301648914,High_Plateau,0.3439378625794071,0.118391344,30,-0.001893165
Achyranthes,Solanum,10,5.5,5.299489936782213,6.299744968391106,4.339846981034664,7.219795974712886,4.849744968391107,High_Plateau,0.4310729139344694,0.2762889851988783,28,-0.002222636
Achyranthes,Solidago,10,5.5,4.818934807068822,6.059467403534411,4.195680442120647,7.0275739228275285,4.609467403534412,High_Plateau,0.366957195,0.2714883311098768,43,-0.002938196
Achyranthes,Sonchus,10,5.5,3.839453774530995,5.569726887265498,3.9018361323592985,6.635781509812398,4.1197268872654975,High_Plateau,0.3985250448796082,0.2606482082484185,34,-0.002922099
Achyranthes,Sorghum,10,5.5,4.302045055273197,5.801022527636599,4.040613516581959,6.820818022109279,4.351022527636599,High_Plateau,0.3591095898730204,0.2063708654346789,37,-0.002402264
Achyranthes,Sparganium,10,5.5,5.017475102366027,6.158737551183013,4.255242530709808,7.106990041,4.708737551183013,High_Plateau,0.4105965630410043,0.2188900472478412,26,-0.002183236
Achyranthes,Spergula,10,5.5,3.571614781624068,5.435807390812034,3.8214844344872203,6.528645912649628,3.985807390812034,High_Plateau,0.4051656984916313,0.1206604451683329,15,-0.017398666
Achyranthes,Spergularia,10,5.5,4.0763824414015515,5.688191220700776,3.9729147324204654,6.730552977,4.2381912207007755,High_Plateau,0.4219513646969687,0.1361260457683994,13,-0.009061787
Achyranthes,Sphaeralcea,10,5.5,5.072538547,6.186269274,4.271761564173902,7.129015418898536,4.736269274,High_Plateau,0.3719644122228961,0.2242136916420743,36,-0.004164062
Achyranthes,Spiraea,10,5.5,7.407757648218025,7.353878824109012,4.9723272944654076,8.063103059,5.903878824109013,High_Plateau,0.3984415822394964,0.1948223466134741,26,-0.003394541
Achyranthes,Spiranthes,10,5.5,5.324498060267094,6.312249030133547,4.347349418080128,7.229799224106838,4.8622490301335475,High_Plateau,0.3671538426495395,0.1976696950353744,34,-0.001741556
Achyranthes,Sporobolus,10,5.5,4.937123365151523,6.118561682575761,4.231137009545456,7.074849346,4.668561682575762,High_Plateau,0.3540207429334653,0.196504808,37,-0.003960445
Achyranthes,Stachys,10,5.5,4.901731518,6.100865759,4.220519455508726,7.0606926073449685,4.650865759,High_Plateau,0.3882842376598611,0.2320447558729907,33,-0.0034088
Achyranthes,Staehelina,10,5.5,7.6410850226051545,7.470542511302577,5.0423255067815465,8.156434009042062,6.020542511302578,High_Plateau,0.3906010862219683,0.2200443787997279,31,-0.00243021
Achyranthes,Stellaria,10,5.5,4.373974703613752,5.836987351806876,4.062192411084125,6.849589881445501,4.3869873518068765,High_Plateau,0.4385361740254205,0.1988132318846526,17,0.007733937
Achyranthes,Sternbergia,10,5.5,5.1258116272520065,6.212905813626003,4.287743488175602,7.150324650900803,4.762905813626004,High_Plateau,0.3499876706163025,0.155210262,33,-0.002202001
Achyranthes,Stipa,10,5.5,5.1705381211035855,6.235269060551793,4.301161436331076,7.1682152484414345,4.7852690605517925,High_Plateau,0.346957279,0.190379399,38,-0.002872147
Achyranthes,Stipagrostis,10,5.5,4.969733526186287,6.134866763093143,4.240920057855886,7.087893410474515,4.684866763093144,High_Plateau,0.4041634472368384,0.2393128518149062,30,-0.004244855
Achyranthes,Suaeda,10,5.5,4.646855500133485,5.973427750066742,4.144056650040046,6.958742200053394,4.523427750066743,High_Plateau,0.6944573845141301,0.6709765822425819,12,0.000649838
Achyranthes,Succisa,10,5.5,5.159362570922867,6.229681285461433,4.297808771,7.1637450283691475,4.779681285461434,High_Plateau,0.4282828547129781,0.2297038314514393,23,-0.002676911
Achyranthes,Succowia,10,5.5,3.299580767117483,5.299790383558742,3.739874230135245,6.419832306846994,3.8497903835587417,High_Plateau,0.3581332927777941,0.1223304850407325,27,-0.002922237
Achyranthes,Taeniatherum,10,5.5,4.972012074178165,6.136006037089082,4.241603622253449,7.0888048296712665,4.686006037089083,High_Plateau,0.3470501451168992,0.2397304325384976,44,-0.002123314
Achyranthes,Tagetes,10,5.5,3.1180614020785193,5.209030701,3.685418420623556,6.347224560831408,3.7590307010392596,High_Plateau,0.3836482143985089,0.2307349846128122,34,-0.002124286
Achyranthes,Tamarix,10,5.5,7.381684062810657,7.340842031405328,4.964505218843197,8.052673625124264,5.890842031405329,High_Plateau,0.4437852741922801,0.1901822165809626,14,-0.019907656
Achyranthes,Tanacetum,10,5.5,4.832887466423296,6.066443733211647,4.199866239926989,7.033154986569318,4.616443733211648,High_Plateau,0.4218846974785195,0.3071533693446029,34,-0.001851379
Achyranthes,Taraxacum,10,5.5,5.168480335315666,6.234240167657832,4.300544100594699,7.167392134126267,4.784240167657833,High_Plateau,0.3775956906120961,0.2023192558954905,32,-0.002762661
Achyranthes,Taxus,10,5.5,7.504254346788914,7.402127173394456,5.001276304036674,8.101701738715565,5.952127173394457,High_Plateau,0.3959235570010903,0.1816500560498254,25,-0.003809231
Achyranthes,Terminalia,10,5.5,7.481087001663917,7.390543500831958,4.994326100499174,8.092434800665567,5.940543500831959,High_Plateau,0.4623888323889994,0.2985136226513232,23,-0.005666091
Achyranthes,Teucrium,10,5.5,6.419557973022027,6.859778986511014,4.675867391906608,7.667823189208811,5.4097789865110135,High_Plateau,0.4191373557942333,0.2606205553804073,29,-0.002140178
Achyranthes,Thalictrum,10,5.5,4.979082284150145,6.139541142075073,4.243724685245043,7.091632913660058,4.689541142075073,High_Plateau,0.466104821,0.3050857154951769,23,-0.001366668
Achyranthes,Thapsia,10,5.5,5.163969524030953,6.231984762015476,4.299190857209286,7.165587809612381,4.781984762015476,High_Plateau,0.3930100704322726,0.2413602326757463,33,-0.002727856
Achyranthes,Thelypteris,10,5.5,5.2174411532596565,6.258720576629829,4.315232345977897,7.186976461303862,4.808720576629828,High_Plateau,0.3866965231121704,0.2534383504752502,36,-0.002966247
Achyranthes,Themeda,10,5.5,4.969733526186287,6.134866763093143,4.240920057855886,7.087893410474515,4.684866763093144,High_Plateau,0.359164386,0.2393128518149062,41,-0.002180677
Achyranthes,Thesium,10,5.5,4.756992948321104,6.028496474160551,4.177097884496331,7.002797179328441,4.578496474160552,High_Plateau,0.5038661751691093,0.3014792104898363,14,0.024416384
Achyranthes,Thunbergia,10,5.5,5.209993095091024,6.254996547545511,4.312997928527307,7.183997238,4.804996547545512,High_Plateau,0.40304667,0.1955384603093691,25,-0.002020125
Achyranthes,Thymelaea,10,5.5,6.857998872815839,7.078999436407919,4.807399661844752,7.843199549126336,5.628999436,High_Plateau,0.4192198833745444,0.2360752432535124,26,-0.001876013
Achyranthes,Thymus,10,5.5,6.4850490425494804,6.892524521274741,4.695514712764844,7.6940196170197925,5.442524521,High_Plateau,0.3933316971586422,0.2582474626490049,35,-0.001755958
Achyranthes,Tilia,10,5.5,7.6844586774760115,7.492229338738006,5.055337603242803,8.173783470990404,6.0422293387380055,High_Plateau,0.4103672175708124,0.2512896502316077,30,-0.002091144
Achyranthes,Tolpis,10,5.5,4.128378036588923,5.714189018294461,3.988513410976677,6.751351214635569,4.264189018294461,High_Plateau,0.3994790085925304,0.262425529,34,-0.002269065
Achyranthes,Tordylium,10,5.5,3.3614107592453206,5.3307053796226604,3.758423227773596,6.444564303698129,3.8807053796226603,High_Plateau,0.3281362560537358,0.119865331,34,-0.002895601
Achyranthes,Torilis,10,5.5,3.320912619698984,5.310456309849492,3.746273785909695,6.428365047879594,3.860456309849492,High_Plateau,0.3398918619748375,0.1270564638701405,32,-0.003486987
Achyranthes,Trachelium,10,5.5,5.360507277187178,6.3302536385935895,4.358152183156154,7.244202910874872,4.880253638593589,High_Plateau,0.4298317066927655,0.257326236,26,-0.002012742
Achyranthes,Tradescantia,10,5.5,5.042450617721272,6.171225308860636,4.262735185316382,7.1169802470885095,4.721225308860636,High_Plateau,0.4130291410112965,0.2401828413318623,28,-0.002129646
Achyranthes,Tragopogon,10,5.5,3.5572902266581714,5.428645113329086,3.8171870679974513,6.522916090663269,3.978645113329086,High_Plateau,0.3712530237151189,0.1814167797993188,31,-0.00277284
Achyranthes,Tragus,10,5.5,3.482186780715488,5.391093390357744,3.794656034214646,6.492874712286195,3.941093390357744,High_Plateau,0.306009353,0.1332579247101494,41,-0.003456364
Achyranthes,Trifolium,10,5.5,4.0320362433198715,5.666018121659936,3.9596108729959614,6.712814497327949,4.2160181216599355,High_Plateau,0.3323769965153214,0.1613290031086983,38,-0.003422996
Achyranthes,Triglochin,10,5.5,4.871513842994581,6.085756921497291,4.211454152898375,7.048605537197833,4.635756921497291,High_Plateau,0.3890928727884345,0.1679584618038468,25,-0.003658102
Achyranthes,Trigonella,10,5.5,3.2893617104430883,5.294680855221544,3.7368085131329263,6.415744684177236,3.8446808552215446,High_Plateau,0.3206649443524256,0.162246541,41,-0.001843537
Achyranthes,Trisetum,10,5.5,4.907699048242135,6.103849524121067,4.222309714,7.063079619296854,4.653849524121068,High_Plateau,0.3353763601876236,0.2411671838092276,47,-0.002757249
Achyranthes,Triticum,10,5.5,3.4348476166378994,5.367423808,3.780454285,6.473939046655159,3.917423808,High_Plateau,0.3038888106367772,0.1615610778134631,45,-0.001793995
Achyranthes,Tuberaria,10,5.5,4.579750104882031,5.939875052441016,4.123925031464609,6.9319000419528125,4.489875052441016,High_Plateau,0.395236679,0.2210001503192926,30,-0.00194903
Achyranthes,Tulipa,10,5.5,5.433025505,6.366512753,4.379907651566894,7.273210202089192,4.9165127526114905,High_Plateau,0.3478574281486963,0.150925935,33,-0.00208279
Achyranthes,Typha,10,5.5,5.100767353399034,6.200383676699516,4.280230206,7.140306941359613,4.750383676699517,High_Plateau,0.4625631275511069,0.3228231762680464,26,-0.002183236
Achyranthes,Ulex,10,5.5,7.692826831587493,7.4964134157937465,5.057848049476248,8.177130732634998,6.046413415793747,High_Plateau,0.4309920905196602,0.300676353,31,-0.001680039
Achyranthes,Ulmus,10,5.5,7.301793054158853,7.300896527079427,4.940537916247656,8.020717221663542,5.850896527079427,High_Plateau,0.3906068598001515,0.1790544262169455,26,-0.002902163
Achyranthes,Umbilicus,10,5.5,4.889157894293561,6.094578947146781,4.216747368288068,7.055663157717424,4.644578947146781,High_Plateau,0.4488193573570819,0.2872010157909908,25,-0.002606026
Achyranthes,Urospermum,10,5.5,3.8930074121457046,5.596503706072852,3.9179022236437113,6.657202964858282,4.146503706072853,High_Plateau,0.3943630960341684,0.2439836003361329,33,-0.002314439
Achyranthes,Urtica,10,5.5,4.326334462279462,5.813167231139731,4.047900338683839,6.830533784911784,4.363167231139731,High_Plateau,0.369328226,0.1608889417932665,29,-0.001573413
Achyranthes,Utricularia,10,5.5,4.838869823660201,6.0694349118301005,4.201660947098061,7.035547929,4.619434911830101,High_Plateau,0.4236254831305176,0.2202803941003145,23,-0.002133441
Achyranthes,Valantia,10,5.5,3.874362625956413,5.587181312978206,3.912308787786924,6.649745050382565,4.137181312978207,High_Plateau,0.3958462201063617,0.1893732656977343,26,-0.002102758
Achyranthes,Verbascum,10,5.5,3.515057946266831,5.407528973133416,3.8045173838800492,6.506023178506733,3.9575289731334156,High_Plateau,0.3633817963257807,0.1654984567573397,31,-0.001893499
Achyranthes,Verbesina,10,5.5,4.615476826659047,5.9577384133295235,4.134643047997714,6.946190730663619,4.507738413329523,High_Plateau,0.3441189493463077,0.2091512010299552,41,-0.001826786
Achyranthes,Veronica,10,5.5,4.355587936561184,5.8277939682805915,4.056676380968355,6.842235174624474,4.377793968280592,High_Plateau,0.3901689977765873,0.202623154,29,-0.001836749
Achyranthes,Viburnum,10,5.5,7.730556297928191,7.515278148964096,5.069166889378457,8.192222519171278,6.0652781489640955,High_Plateau,0.4417765921351548,0.2330734952722175,20,-0.007875528
Achyranthes,Vicia,10,5.5,4.012960469368953,5.6564802346844765,3.953888140810686,6.705184187747582,4.206480234684477,High_Plateau,0.3756343902509199,0.2476091043369568,38,-0.002249564
Achyranthes,Vigna,10,5.5,4.169444828,5.734722414,4.000833448380896,6.767777931174528,4.284722414,High_Plateau,0.3849232862501288,0.2416496070322829,35,-0.002850789
Achyranthes,Vinca,10,5.5,5.177223992606788,6.238611996303394,4.303167197782036,7.170889597042715,4.788611996303394,High_Plateau,0.407805979,0.1969105205724785,24,-0.002383221
Achyranthes,Vincetoxicum,10,5.5,5.394375564717335,6.3471877823586675,4.368312669,7.257750225886934,4.897187782358667,High_Plateau,0.3917010883460561,0.2221440463231106,31,-0.001928526
Achyranthes,Viscum,10,5.5,7.800102712975772,7.550051356487886,5.0900308138927315,8.220041085190308,6.100051356487886,High_Plateau,0.3653562492058472,0.062886711,18,-0.003336817
Achyranthes,Wisteria,10,5.5,7.557984666410027,7.428992333205013,5.017395399923008,8.123193867,5.978992333205014,High_Plateau,0.4122254788872564,0.2718713063262289,32,-0.00422503
Achyranthes,Withania,10,5.5,7.5144519651716575,7.407225982585828,5.004335589551497,8.105780786068664,5.957225982585829,High_Plateau,0.436897551,0.2552307080341064,24,-0.003068439
Achyranthes,Wolffia,10,5.5,5.222256223289024,6.261128111644512,4.3166768669867075,7.188902489,4.811128111644512,High_Plateau,0.377738328,0.1695039495514005,28,-0.001643318
Achyranthes,Xanthium,10,5.5,3.3687451622861704,5.334372581143085,3.7606235486858512,6.447498064914468,3.8843725811430856,High_Plateau,0.29986718,0.1207332993699221,41,-0.002254971
Achyranthes,Xeranthemum,10,5.5,3.333759448414849,5.316879724207425,3.750127834524455,6.433503779,3.8668797242074247,High_Plateau,0.3427467258987282,0.1244693989404554,31,-0.003098914
Achyranthes,Yucca,10,5.5,5.793380725545542,6.546690362772771,4.488014217663663,7.417352290218217,5.096690362772771,High_Plateau,0.3698934367985913,0.2196412814936059,36,-0.002011766
Achyranthes,Zinnia,10,5.5,3.412465794621955,5.356232897310978,3.7737397383865865,6.464986317848782,3.9062328973109777,High_Plateau,0.3013979869224288,0.1155581742877321,40,-0.002167167
Achyranthes,Ziziphora,10,5.5,3.3407694081304564,5.320384704065228,3.752230822439137,6.436307763252183,3.8703847040652284,High_Plateau,0.319851751,0.1196660493380889,36,-0.002552468
Achyranthes,Ziziphus,10,5.5,7.367578851580316,7.333789425790158,4.9602736554740945,8.047031540632126,5.883789425790158,High_Plateau,0.4429297084729238,0.2754850552880347,25,-0.002922712
Adenocarpus,Adiantum,10,5.5,6.465846140589581,6.88292307,4.689753842176874,7.686338456235832,5.432923070294791,High_Plateau,0.5408474425719442,0.5615794764660345,36,-0.002162683
Adenocarpus,Adonis,10,5.5,5.797834653,6.548917326261905,4.489350395757143,7.419133861009524,5.098917326261905,High_Plateau,0.6910042476513656,0.7795725774292092,26,-0.001519041
Adenocarpus,Aegilops,10,5.5,4.724348085097075,6.012174042548537,4.167304425529123,6.989739234,4.562174042548538,High_Plateau,0.3743668878761413,0.3189117755976431,47,-0.001574931
Adenocarpus,Aeluropus,10,5.5,6.5904858986081685,6.945242949304085,4.72714577,7.736194359443267,5.495242949304084,High_Plateau,0.317360942,0.1558573912393236,41,-0.002937808
Adenocarpus,Aeonium,10,5.5,8.755872467800936,8.027936233900467,5.376761740340281,8.602348987120374,6.577936233900468,High_Plateau,0.4648829743460372,0.3355527192316204,27,-0.001536592
Adenocarpus,Aesculus,10,5.5,8.78288045,8.041440225,5.3848641350905755,8.613152180120768,6.5914402251509605,High_Plateau,0.7618021705676272,0.9129641359394202,25,-0.001593495
Adenocarpus,Agave,10,5.5,6.212630354286693,6.756315177143346,4.613789106286008,7.5850521417146775,5.306315177143347,High_Plateau,0.6704428181919798,0.8371293099135486,38,-0.001766313
Adenocarpus,Ageratina,10,5.5,7.705589521817865,7.502794760908932,5.061676856545359,8.182235808727146,6.052794760908933,High_Plateau,0.3675192025674579,0.2889938613426373,45,-0.002653993
Adenocarpus,Agrimonia,10,5.5,6.4192752494099325,6.859637624704966,4.675782575,7.667710099763973,5.409637624704967,High_Plateau,0.7612492108087294,0.8708163831818125,20,-0.00186378
Adenocarpus,Agropyron,10,5.5,6.544714926162492,6.922357463081246,4.7134144778487475,7.717885970464997,5.472357463081247,High_Plateau,0.3180763717111273,0.1817434178268376,44,-0.001925975
Adenocarpus,Agrostemma,10,5.5,4.627546773197781,5.9637733865988904,4.138264031959334,6.951018709279113,4.513773387,High_Plateau,0.6442113618618587,0.7353154321978091,32,-0.00158683
Adenocarpus,Agrostis,10,5.5,6.205373414316549,6.752686707158274,4.611612024294964,7.582149366,5.302686707158275,High_Plateau,0.4560398760861848,0.449594544,43,-0.002642452
Adenocarpus,Aira,10,5.5,4.676069041,5.988034521,4.152820712385422,6.970427616513897,4.538034521,High_Plateau,0.4094554561361325,0.3479803457323304,42,-0.001511551
Adenocarpus,Ajuga,10,5.5,6.184266270106732,6.742133135053366,4.605279881032019,7.573706508042693,5.292133135053366,High_Plateau,0.6806402946873655,0.8574559308369399,38,-0.001424653
Adenocarpus,Albizia,10,5.5,8.703143709,8.001571855,5.360943112809151,8.581257483745535,6.551571855,High_Plateau,0.8123346561931377,0.9403016866091376,16,-0.002819405
Adenocarpus,Alcea,10,5.5,6.508146648095153,6.904073324047577,4.702443994428545,7.703258659238061,5.4540733240475765,High_Plateau,0.684432733,0.8325027475189917,34,-0.003117911
Adenocarpus,Alchemilla,10,5.5,6.574528667948513,6.937264333974257,4.722358600384554,7.729811467179406,5.487264333974257,High_Plateau,0.5476662826295488,0.4682398502796093,23,-0.001522726
Adenocarpus,Alisma,10,5.5,6.648414512264105,6.974207256132052,4.744524353679232,7.7593658049056415,5.524207256132053,High_Plateau,0.5343669189999987,0.4992044782347347,30,-0.00166827
Adenocarpus,Alkanna,10,5.5,6.094549034,6.697274517159755,4.578364710295853,7.5378196137278035,5.247274517159755,High_Plateau,0.5644258856490896,0.5514697720482388,29,-0.003500963
Adenocarpus,Allium,10,5.5,6.329992144,6.814996072,4.6489976433188716,7.631996857758496,5.364996072,High_Plateau,0.6709022212941088,0.7890865995930548,32,-0.003534073
Adenocarpus,Allocasuarina,10,5.5,8.767945993257644,8.033972996628822,5.380383797977293,8.607178397303057,6.583972996628822,High_Plateau,0.4958732395927508,0.3403411371343491,20,-0.003247262
Adenocarpus,Alnus,10,5.5,8.727307316617031,8.013653658308515,5.3681921949851095,8.590922926646812,6.563653658308516,High_Plateau,0.6704223249275212,0.6892956157529097,20,-0.002528802
Adenocarpus,Aloe,10,5.5,7.724527790995963,7.5122638954979815,5.0673583372987885,8.189811116398385,6.062263895497981,High_Plateau,0.3718482627867058,0.2153309349643479,35,-0.002007663
Adenocarpus,Alopecurus,10,5.5,5.9430679975512275,6.621533998775614,4.532920399265368,7.477227199020492,5.1715339987756135,High_Plateau,0.4126388595556621,0.3956181485339664,47,-0.002387079
Adenocarpus,Alternanthera,10,5.5,6.254419964277397,6.777209982138698,4.6263259892832185,7.601767985710959,5.327209982138699,High_Plateau,0.3947332773063975,0.2447695951558259,33,-0.0025426
Adenocarpus,Althaea,10,5.5,5.7624220911502935,6.531211045575146,4.478726627345088,7.404968836460117,5.081211045575147,High_Plateau,0.6713455900214205,0.8061778268588653,34,-0.002364741
Adenocarpus,Alyssum,10,5.5,5.803253095,6.551626547649435,4.490975928589661,7.421301238119549,5.101626547649435,High_Plateau,0.7033488272961915,0.8456544367557742,31,-0.003003089
Adenocarpus,Amaranthus,10,5.5,4.688019232760296,5.994009616380148,4.156405769828089,6.975207693104119,4.544009616380148,High_Plateau,0.4894199010792459,0.401206508,29,-0.002244489
Adenocarpus,Amelanchier,10,5.5,8.744821830833374,8.022410915416687,5.373446549250012,8.597928732333349,6.572410915416687,High_Plateau,0.7723703446065115,0.909563868,22,-0.002198086
Adenocarpus,Ammi,10,5.5,4.644388836223979,5.9721944181119895,4.1433166508671935,6.957755534489592,4.522194418,High_Plateau,0.6100989115520905,0.7246943796974324,39,-0.001934838
Adenocarpus,Amorpha,10,5.5,8.934829054309754,8.117414527154876,5.430448716292926,8.673931621723902,6.667414527154877,High_Plateau,0.8555555827389761,0.9933049336349415,12,-9.94E-06
Adenocarpus,Anabasis,10,5.5,8.701756026,8.000878013,5.360526808,8.58070241,6.5508780130835005,High_Plateau,0.441081986,0.3208772632503346,31,-0.001785635
Adenocarpus,Anacyclus,10,5.5,5.136639171005816,6.218319585502908,4.290991751301744,7.154655668402327,4.768319585502908,High_Plateau,0.4102561745284607,0.3906741555257368,47,-0.001493964
Adenocarpus,Anarrhinum,10,5.5,5.551578554804353,6.425789277402176,4.415473566441306,7.320631421921741,4.975789277402177,High_Plateau,0.662477067,0.8048152173048699,36,-0.002045144
Adenocarpus,Anchusa,10,5.5,5.4578528643551305,6.378926432177565,4.387355859306539,7.283141145742052,4.928926432177565,High_Plateau,0.6705972137282215,0.7881007932659653,32,-0.001655117
Adenocarpus,Andropogon,10,5.5,6.553695649,6.926847824535685,4.716108694721411,7.721478259628548,5.476847824535685,High_Plateau,0.3648910572120127,0.2590237847656707,42,-0.002372735
Adenocarpus,Androsace,10,5.5,5.453133471978817,6.3765667359894085,4.385940041593646,7.2812533887915265,4.926566735989409,High_Plateau,0.7087321467241149,0.8316635853406376,28,-0.002503309
Adenocarpus,Andryala,10,5.5,5.775876032,6.5379380158213305,4.482762809492798,7.410350412657064,5.087938016,High_Plateau,0.5265861579629135,0.5658869415432952,40,-0.001929292
Adenocarpus,Anemone,10,5.5,6.32403439,6.812017195,4.647210316997114,7.629613755996152,5.362017195,High_Plateau,0.6859189034142783,0.8024694306792548,30,-0.002473188
Adenocarpus,Anthemis,10,5.5,5.602172006055645,6.4510860030278225,4.4306516018166935,7.340868802422259,5.001086003027822,High_Plateau,0.595988064,0.7539860592263515,46,-0.001830475
Adenocarpus,Anthericum,10,5.5,6.52421817,6.912109084756745,4.707265450854047,7.709687267805396,5.4621090847567455,High_Plateau,0.6717261158322935,0.8233992008769039,36,-0.002474572
Adenocarpus,Anthoxanthum,10,5.5,5.627533531623524,6.463766765811762,4.438260059487058,7.351013413,5.013766765811763,High_Plateau,0.4055498955864932,0.4059418466371127,50,-0.001607538
Adenocarpus,Anthriscus,10,5.5,5.258755901374872,6.2793779506874365,4.327626770412461,7.203502360549949,4.829377950687436,High_Plateau,0.6280708121690154,0.7688380783269738,40,-0.001838434
Adenocarpus,Anthyllis,10,5.5,7.732592710113849,7.516296355056925,5.069777813034154,8.193037084045539,6.066296355056925,High_Plateau,0.8140335753613438,0.9842973797550302,21,-0.000329227
Adenocarpus,Antinoria,10,5.5,5.1215045379906705,6.210752268995336,4.2864513613972015,7.148601815196269,4.760752268995335,High_Plateau,0.3408421735590862,0.128629266,32,-0.00184788
Adenocarpus,Antirrhinum,10,5.5,6.212714664640886,6.756357332320443,4.613814399392266,7.585085865856355,5.306357332320443,High_Plateau,0.678172829,0.8608279077925088,39,-0.001863306
Adenocarpus,Aphanes,10,5.5,4.526354823303569,5.913177411651784,4.107906446991071,6.910541929321427,4.463177411651785,High_Plateau,0.5418054176085886,0.4565181202376889,23,-0.001522726
Adenocarpus,Apium,10,5.5,5.468422773406179,6.384211387,4.390526832021854,7.287369109362472,4.934211387,High_Plateau,0.6843358321125512,0.8403537747179844,35,-0.002246169
Adenocarpus,Arabidopsis,10,5.5,4.6836123500811135,5.991806175040557,4.155083705024334,6.973444940032445,4.541806175040557,High_Plateau,0.6780140487112897,0.8111026496960896,33,-0.001400159
Adenocarpus,Arabis,10,5.5,5.8222914155850765,6.561145707792538,4.496687424675523,7.428916566234031,5.111145707792538,High_Plateau,0.5678878137416511,0.5580714846739083,29,-0.001890245
Adenocarpus,Arbutus,10,5.5,8.689124369165658,7.994562184582829,5.356737310749697,8.575649747666263,6.544562184582829,High_Plateau,0.6713021309295781,0.7731318893023362,30,-0.001953206
Adenocarpus,Arceuthobium,10,5.5,6.558684143390679,6.9293420716953396,4.7176052430172035,7.723473657356272,5.479342072,High_Plateau,0.3742606409608827,0.1708296367062989,29,-0.001952733
Adenocarpus,Arenaria,10,5.5,5.457682259432796,6.378841129716398,4.387304677829839,7.283072903773119,4.928841129716398,High_Plateau,0.7051049628359677,0.8324665108243046,29,-0.001693885
Adenocarpus,Argyrolobium,10,5.5,7.684802582,7.4924012910349695,5.0554407746209815,8.173921032827977,6.042401291,High_Plateau,0.8362711176003781,0.9353473992891548,9,-0.026354588
Adenocarpus,Arisaema,10,5.5,6.457049032010125,6.878524516005062,4.687114709603037,7.682819613,5.428524516005062,High_Plateau,0.5648143585410943,0.568373326,31,-0.001942221
Adenocarpus,Arisarum,10,5.5,6.519432627516708,6.909716313758354,4.705829788255013,7.707773051006683,5.459716313758355,High_Plateau,0.7051447454712956,0.8246164635266574,28,-0.003141712
Adenocarpus,Aristida,10,5.5,5.622760137144413,6.461380068572206,4.436828041143324,7.349104054857765,5.0113800685722065,High_Plateau,0.53696307,0.5623581342859505,37,-0.003803809
Adenocarpus,Aristolochia,10,5.5,7.026262554782634,7.163131277391317,4.857878766434791,7.910505021913053,5.713131277391318,High_Plateau,0.7743908795602391,0.9216523863244196,23,-0.001339437
Adenocarpus,Armeria,10,5.5,7.167347672458905,7.233673836229452,4.900204301737672,7.966939068983562,5.783673836229452,High_Plateau,0.7331598029320964,0.8803506869501057,28,-0.001662255
Adenocarpus,Arrhenatherum,10,5.5,6.410704036361677,6.855352018180838,4.673211210908503,7.664281614544671,5.405352018180839,High_Plateau,0.5232015023482905,0.6248099575960689,48,-0.001623806
Adenocarpus,Artemisia,10,5.5,6.7837910976469455,7.041895548823472,4.785137329294084,7.813516439058779,5.591895548823473,High_Plateau,0.5346958898123471,0.5822665675851759,40,-0.002730104
Adenocarpus,Arum,10,5.5,6.489264768,6.894632384,4.696779430341512,7.695705907122017,5.444632383902521,High_Plateau,0.698412898,0.8437487569371582,32,-0.001738097
Adenocarpus,Arundo,10,5.5,6.241372450198904,6.7706862250994515,4.622411735059671,7.596548980079562,5.320686225099452,High_Plateau,0.3747489861313964,0.2292711764340546,36,-0.001605747
Adenocarpus,Asparagus,10,5.5,6.168478244757787,6.734239122378893,4.6005434734273365,7.567391297903114,5.284239122378894,High_Plateau,0.6851980703709061,0.8504623115889983,36,-0.00307058
Adenocarpus,Asperula,10,5.5,6.427395746059098,6.863697873029549,4.6782187238177295,7.670958298423639,5.413697873029549,High_Plateau,0.702461278,0.8601828863412577,33,-0.002329047
Adenocarpus,Asphodeline,10,5.5,6.443084942103733,6.871542471051866,4.682925483,7.677233976841493,5.4215424710518665,High_Plateau,0.7027501409843679,0.8609755866360022,33,-0.003403921
Adenocarpus,Asphodelus,10,5.5,6.2655392659287745,6.782769632964387,4.629661779778632,7.6062157063715095,5.332769632964387,High_Plateau,0.5713474793918231,0.5981702634509123,33,-0.003403921
Adenocarpus,Asplenium,10,5.5,6.471227207500898,6.885613603750449,4.691368162250269,7.688490883000359,5.435613603750449,High_Plateau,0.6765300520968355,0.8492322584381848,38,-0.001408716
Adenocarpus,Asteriscus,10,5.5,5.3437974623347175,6.321898731167359,4.3531392387004155,7.237518984933887,4.871898731167359,High_Plateau,0.5089349874985684,0.5387835727410454,41,-0.001828263
Adenocarpus,Astragalus,10,5.5,6.2628192560527784,6.781409628026389,4.628845776815833,7.605127702421111,5.331409628026389,High_Plateau,0.8132642611325409,0.9748250249981276,20,-0.001756486
Adenocarpus,Asyneuma,10,5.5,6.589726136675672,6.9448630683378365,4.7269178410027015,7.735890454670269,5.494863068337836,High_Plateau,0.4830285246310122,0.454106433,37,-0.001890752
Adenocarpus,Athamanta,10,5.5,6.208771802630039,6.754385901,4.612631540789012,7.5835087210520165,5.304385901,High_Plateau,0.7101226504667879,0.8588827152090647,31,-0.001406249
Adenocarpus,Atractylis,10,5.5,5.903178493,6.6015892462751005,4.520953548,7.461271397020081,5.151589246,High_Plateau,0.5551595138312304,0.565564285,33,-0.002253685
Adenocarpus,Atriplex,10,5.5,5.817450705,6.558725352330585,4.495235211398351,7.426980281864468,5.108725352330586,High_Plateau,0.5354266530631118,0.5424646088842461,35,-0.00189213
Adenocarpus,Atropa,10,5.5,6.456953839080089,6.878476919540045,4.687086151724027,7.682781535632036,5.428476919540045,High_Plateau,0.6960742852572582,0.8554555168394531,34,-0.001466238
Adenocarpus,Avena,10,5.5,4.7274835558798785,6.013741778,4.168245066763964,6.990993422351952,4.563741777939939,High_Plateau,0.3688909161450407,0.3161887851895693,48,-0.001623806
Adenocarpus,Avenula,10,5.5,6.3232711555176655,6.811635577758833,4.646981346655299,7.629308462207066,5.3616355777588325,High_Plateau,0.5627443373100812,0.5726688428918646,32,-0.003024129
Adenocarpus,Baldellia,10,5.5,6.177501622474346,6.738750811237173,4.603250486742304,7.571000648989738,5.288750811237174,High_Plateau,0.7087694037341749,0.8480094477030873,30,-0.00166827
Adenocarpus,Ballota,10,5.5,6.804387749307431,7.052193874653716,4.791316324792229,7.821755099722973,5.602193874653716,High_Plateau,0.6659615391749099,0.869214554,43,-0.001525871
Adenocarpus,Barbarea,10,5.5,5.281976285379406,6.290988142689702,4.334592885613821,7.212790514151763,4.840988142689703,High_Plateau,0.6798110206977576,0.7820151121722483,29,-0.002376313
Adenocarpus,Bassia,10,5.5,5.239242693436025,6.269621346718012,4.321772808030808,7.195697077,4.819621346718012,High_Plateau,0.5200018041279919,0.4624964526252592,29,-0.002875181
Adenocarpus,Bellevalia,10,5.5,6.609911849237869,6.954955924618934,4.732973554771361,7.743964739695148,5.504955924618935,High_Plateau,0.3490318281100749,0.1450101116767677,32,-0.001855565
Adenocarpus,Bellis,10,5.5,5.930423128,6.615211564210934,4.529126938526561,7.472169251368748,5.165211564210935,High_Plateau,0.6508074071940175,0.847174178,44,-0.001769422
Adenocarpus,Berberis,10,5.5,8.728629044097568,8.014314522048783,5.368588713,8.591451617639027,6.564314522048784,High_Plateau,0.7588190759572732,0.9071478745224923,25,-0.002343134
Adenocarpus,Beta,10,5.5,5.465076271382153,6.382538135691076,4.389522881414646,7.286030508552861,4.932538135691077,High_Plateau,0.5584667676478576,0.5393073596758663,29,-0.002280081
Adenocarpus,Biarum,10,5.5,6.439939172419721,6.869969586,4.681981751725916,7.675975668967888,5.419969586209861,High_Plateau,0.5885845530300198,0.58295396,27,-0.001527007
Adenocarpus,Bidens,10,5.5,5.175302018,6.2376510090900705,4.302590605454042,7.170120807272056,4.787651009,High_Plateau,0.6610377029102288,0.8269315839661224,39,-0.003732946
Adenocarpus,Bifora,10,5.5,4.644388836223979,5.9721944181119895,4.1433166508671935,6.957755534489592,4.522194418,High_Plateau,0.6060180151526804,0.7246943796974324,40,-0.001647911
Adenocarpus,Biscutella,10,5.5,6.717773961145193,7.008886980572596,4.765332188343558,7.7871095844580775,5.558886980572597,High_Plateau,0.7110864930421839,0.8526363886298556,30,-0.001632081
Adenocarpus,Boerhavia,10,5.5,5.357960987856193,6.328980493928096,4.3573882963568575,7.243184395142477,4.878980493928097,High_Plateau,0.7042387189844341,0.8472435755382102,31,-0.002049866
Adenocarpus,Bombycilaena,10,5.5,4.475164133805001,5.8875820669025005,4.0925492401415005,6.890065653522001,4.437582067,High_Plateau,0.4703718591607188,0.4947286685224526,45,-0.002801463
Adenocarpus,Borago,10,5.5,5.242465995574024,6.271232997787012,4.322739798672207,7.196986398,4.821232997787012,High_Plateau,0.6871885652817729,0.8212834963730683,32,-0.001655117
Adenocarpus,Bothriochloa,10,5.5,6.593954291484544,6.946977145742272,4.728186287445363,7.737581716593818,5.496977145742273,High_Plateau,0.3039787313177511,0.153493124,44,-0.001650909
Adenocarpus,Botrychium,10,5.5,6.244483164930599,6.772241582465299,4.623344949479179,7.597793265972239,5.322241582465299,High_Plateau,0.5566301235560561,0.5273384927162008,28,-0.001898077
Adenocarpus,Brachypodium,10,5.5,5.926994977825143,6.6134974889125715,4.528098493347543,7.470797991130057,5.163497488912572,High_Plateau,0.4972074418839734,0.4909540823746414,38,-0.003243938
Adenocarpus,Brassica,10,5.5,5.230894019208062,6.265447009604031,4.319268205762419,7.192357607683225,4.815447009604031,High_Plateau,0.6686521226528455,0.8006958700978524,34,-0.001889631
Adenocarpus,Briza,10,5.5,5.047794874870553,6.173897437435276,4.264338462461166,7.119117949948221,4.7238974374352765,High_Plateau,0.4360145412707611,0.360217369,37,-0.002585269
Adenocarpus,Bromus,10,5.5,5.324549092493137,6.312274546246568,4.347364727747941,7.229819636997255,4.862274546246569,High_Plateau,0.4400659372560631,0.3518781969888124,35,-0.002567229
Adenocarpus,Bryonia,10,5.5,6.466584253390125,6.883292126695062,4.689975276017037,7.686633701,5.433292126695063,High_Plateau,0.6185292122003329,0.5609857022588491,17,-0.003198033
Adenocarpus,Buddleja,10,5.5,8.721337408186963,8.010668704093481,5.366401222456089,8.588534963274785,6.560668704093482,High_Plateau,0.7013863684874879,0.9072147771498424,39,-0.001662256
Adenocarpus,Bufonia,10,5.5,5.807034470285419,6.553517235,4.492110341085626,7.422813788114167,5.103517235,High_Plateau,0.5842036583319404,0.5663260313832787,26,-0.003292204
Adenocarpus,Buglossoides,10,5.5,5.134796122418303,6.217398061209151,4.290438836725491,7.153918448967321,4.7673980612091515,High_Plateau,0.682337671,0.8198425949754206,33,-0.001863664
Adenocarpus,Bunium,10,5.5,6.208771802630039,6.754385901,4.612631540789012,7.5835087210520165,5.304385901,High_Plateau,0.7101226504667879,0.8588827152090647,31,-0.001406249
Adenocarpus,Bupleurum,10,5.5,5.767208216240507,6.533604108120254,4.480162464872152,7.406883286496203,5.083604108120253,High_Plateau,0.6736178896130585,0.8026082709328967,33,-0.002889856
Adenocarpus,Buxus,10,5.5,8.734535041448682,8.017267521,5.370360512434605,8.593814016579472,6.567267520724341,High_Plateau,0.7757556015767274,0.9082132065251476,21,-0.002688099
Adenocarpus,Cachrys,10,5.5,6.435308418893233,6.867654209446616,4.680592526,7.674123367557293,5.417654209446617,High_Plateau,0.71273481,0.8641930820925154,31,-0.001836488
Adenocarpus,Cakile,10,5.5,4.6039265172322725,5.951963258616136,4.131177955169681,6.941570607,4.501963258616136,High_Plateau,0.6202495345415295,0.7451792015578271,39,-0.002852717
Adenocarpus,Calamagrostis,10,5.5,6.213250684203742,6.756625342101871,4.613975205261123,7.585300273681497,5.306625342101871,High_Plateau,0.3068890138028275,0.208879763,50,-0.002905936
Adenocarpus,Calendula,10,5.5,4.888081906869749,6.094040953434874,4.216424572060925,7.055232763,4.6440409534348746,High_Plateau,0.6579464670644617,0.8039367690986472,37,-0.00186301
Adenocarpus,Calicotome,10,5.5,8.934829054309754,8.117414527154876,5.430448716292926,8.673931621723902,6.667414527154877,High_Plateau,0.9915439914440728,0.9933049336349415,3,0.9900111366769784
Adenocarpus,Callistemon,10,5.5,8.726246726048027,8.013123363024013,5.367874017814408,8.59049869,6.563123363024014,High_Plateau,0.6523225841173778,0.6862156121869541,24,-0.003742631
Adenocarpus,Callitriche,10,5.5,5.0067695666244685,6.153384783312234,4.25203087,7.102707826649787,4.703384783312234,High_Plateau,0.4653630606362172,0.4022433302618259,35,-0.001421661
Adenocarpus,Calystegia,10,5.5,6.566827382,6.9334136909323245,4.7200482145593945,7.726730952745861,5.483413690932325,High_Plateau,0.7168355094033075,0.87250303,31,-0.002379234
Adenocarpus,Camelina,10,5.5,4.600725301059183,5.950362650529591,4.130217590317755,6.940290120423674,4.500362650529592,High_Plateau,0.657597965,0.7458858292749945,30,-0.002764565
Adenocarpus,Campanula,10,5.5,5.812908522669393,6.5564542613346966,4.493872556800818,7.425163409067757,5.106454261334697,High_Plateau,0.7179891005293839,0.8583762628602056,29,-0.002401268
Adenocarpus,Capsella,10,5.5,5.318854931338323,6.309427465669161,4.345656479401497,7.227541972535329,4.859427465669162,High_Plateau,0.651031189,0.7571369307959902,33,-0.001400159
Adenocarpus,Cardamine,10,5.5,5.803942005631745,6.551971002815872,4.491182601689523,7.421576802252698,5.101971002815873,High_Plateau,0.7081609307569219,0.8468339241482908,30,-0.001875382
Adenocarpus,Cardiospermum,10,5.5,5.902474149,6.601237074,4.520742244592072,7.4609896594560965,5.151237074,High_Plateau,0.5867116176387913,0.5710606148112132,26,-0.001885528
Adenocarpus,Carduncellus,10,5.5,6.207583498,6.753791749053005,4.612275049431803,7.583033399242405,5.303791749053005,High_Plateau,0.7009410729142982,0.8488120473953045,32,-0.001772796
Adenocarpus,Carduus,10,5.5,5.036862810537924,6.1684314052689615,4.261058843161377,7.114745124,4.718431405268962,High_Plateau,0.6300191855957975,0.8137897540440053,45,-0.001633627
Adenocarpus,Carex,10,5.5,6.511918866350707,6.9059594331753535,4.703575659905212,7.704767546540284,5.455959433175353,High_Plateau,0.5276955017838533,0.5106777320768751,33,-0.00246104
Adenocarpus,Carlina,10,5.5,5.5660929609773975,6.433046480488699,4.419827888293219,7.326437184,4.983046480488699,High_Plateau,0.6844981284953738,0.8242998909768237,33,-0.002545567
Adenocarpus,Carpobrotus,10,5.5,7.245828538338346,7.272914269169172,4.923748561501504,7.998331415335338,5.822914269169173,High_Plateau,0.6015066264898035,0.625255448,29,-0.001621936
Adenocarpus,Carthamus,10,5.5,4.6166748798674515,5.958337439933725,4.135002463960236,6.946669951946981,4.508337439933726,High_Plateau,0.6381627472483208,0.8137107912672765,43,-0.001994977
Adenocarpus,Castanea,10,5.5,8.728823337,8.014411668340545,5.368647001004327,8.591529334672437,6.564411668340545,High_Plateau,0.6696995457284292,0.6876998781075381,20,-0.001777906
Adenocarpus,Casuarina,10,5.5,8.688121707679949,7.994060853839974,5.3564365123039845,8.575248683,6.544060853839975,High_Plateau,0.4864411877919598,0.3214770335327671,20,-0.003247262
Adenocarpus,Catananche,10,5.5,5.240707107111611,6.270353553555806,4.322212132133483,7.196282842844644,4.8203535535558055,High_Plateau,0.6300640537218238,0.8222796864662698,46,-0.002538717
Adenocarpus,Catapodium,10,5.5,4.6131133610742125,5.956556680537107,4.133934008322264,6.945245344429685,4.5065566805371065,High_Plateau,0.4273723944006572,0.4167136951018715,46,-0.001625353
Adenocarpus,Cedrus,10,5.5,8.795411695760597,8.047705847880298,5.388623508728179,8.618164678,6.597705847880299,High_Plateau,0.5941049997553612,0.6022834935071029,28,-0.001874319
Adenocarpus,Celtis,10,5.5,8.698205643,7.999102822,5.3594616930249614,8.579282257366616,6.549102822,High_Plateau,0.4862440882101871,0.3207381489393242,20,-0.001523835
Adenocarpus,Cenchrus,10,5.5,5.171625643194066,6.235812821597033,4.3014876929582195,7.168650257277626,4.785812821597033,High_Plateau,0.305196651,0.1231590691679254,40,-0.002184996
Adenocarpus,Centaurea,10,5.5,5.650652871,6.475326435407204,4.445195861244323,7.360261148325764,5.025326435407205,High_Plateau,0.6467987051065811,0.8310797624445505,43,-0.002480254
Adenocarpus,Centaurium,10,5.5,4.655379465900759,5.977689732950379,4.146613839770228,6.9621517863603035,4.527689733,High_Plateau,0.6617332579353471,0.7785618322957003,33,-0.001503979
Adenocarpus,Cephalanthera,10,5.5,6.540418469672688,6.920209234836344,4.712125540901806,7.716167387869076,5.470209234836345,High_Plateau,0.6802905010358962,0.8157223010253167,33,-0.001733892
Adenocarpus,Cephalaria,10,5.5,6.225112514875309,6.762556257437654,4.617533754462593,7.590045005950124,5.312556257437654,High_Plateau,0.7008812534428791,0.8487148831396047,32,-0.001885169
Adenocarpus,Cerastium,10,5.5,5.385613363816793,6.342806681908396,4.3656840091450375,7.2542453455267175,4.892806681908397,High_Plateau,0.6822571100134982,0.827855523,34,-0.001638022
Adenocarpus,Ceratophyllum,10,5.5,6.529012334340388,6.9145061671701935,4.708703700302117,7.711604933736155,5.464506167170194,High_Plateau,0.5693670071137438,0.5036549653917443,22,-0.002686948
Adenocarpus,Cerinthe,10,5.5,4.820959782821238,6.060479891410619,4.196287934846372,7.028383913128495,4.610479891,High_Plateau,0.6928544311673361,0.824574719,31,-0.002548461
Adenocarpus,Cestrum,10,5.5,8.826089587450772,8.063044793725386,5.397826876235232,8.630435835,6.613044793725386,High_Plateau,0.6381464376120217,0.7069078470332297,30,-0.002389928
Adenocarpus,Chaenomeles,10,5.5,8.748564025728166,8.024282012864083,5.374569208,8.599425610291267,6.574282012864083,High_Plateau,0.7602714813040579,0.9100639052081796,25,-0.002399234
Adenocarpus,Chaenorhinum,10,5.5,5.487103125242973,6.393551562621486,4.396130937572892,7.294841250097189,4.9435515626214865,High_Plateau,0.6444256822354748,0.7852242272130833,38,-0.002412259
Adenocarpus,Chaerophyllum,10,5.5,5.660508941350664,6.480254470675332,4.448152682405199,7.364203576540266,5.030254470675333,High_Plateau,0.6630138691784269,0.8387241923457968,40,-0.001838434
Adenocarpus,Chamaecyparis,10,5.5,8.71838015,8.009190075148945,5.365514045089366,8.587352060119155,6.559190075148945,High_Plateau,0.6024642461985751,0.6272285553780096,29,-0.001911274
Adenocarpus,Chamaecytisus,10,5.5,8.954902112611556,8.127451056305778,5.4364706337834665,8.681960845044623,6.677451056305778,High_Plateau,0.9695250674014034,0.949267086,3,0.9900111366769784
Adenocarpus,Chamaemelum,10,5.5,5.425428602720333,6.362714301360167,4.377628581,7.2701714410881335,4.912714301360166,High_Plateau,0.5951270744222218,0.7521797445588124,46,-0.0014088
Adenocarpus,Cheilanthes,10,5.5,6.505488942987197,6.902744471493598,4.701646682896159,7.702195577194879,5.452744471493599,High_Plateau,0.5229883299257451,0.5257939736159839,36,-0.001826295
Adenocarpus,Cheirolophus,10,5.5,6.496448147222136,6.898224073611068,4.698934444166641,7.698579258888854,5.448224073611068,High_Plateau,0.6450727553383678,0.8356942196799715,44,-0.001716148
Adenocarpus,Chenopodium,10,5.5,4.780086046,6.0400430227917905,4.184025813675074,7.012034418233432,4.590043023,High_Plateau,0.5228526055990389,0.4436172909905991,26,-0.003259029
Adenocarpus,Chloris,10,5.5,5.881375369950802,6.590687684975401,4.514412611,7.452550147980321,5.140687684975401,High_Plateau,0.2963115638131753,0.1545599184890394,46,-0.001464776
Adenocarpus,Chondrilla,10,5.5,5.824976835210339,6.562488417605169,4.497493050563102,7.429990734084136,5.112488417605169,High_Plateau,0.4496314831812824,0.4531538996202841,45,-0.002331379
Adenocarpus,Christella,10,5.5,6.5782688676061705,6.939134433803085,4.723480660281851,7.731307547042468,5.489134433803086,High_Plateau,0.3371147286945761,0.1704201438323201,38,-0.001501377
Adenocarpus,Chrozophora,10,5.5,4.518069209681572,5.909034604840786,4.105420762904472,6.9072276838726285,4.459034604840786,High_Plateau,0.3848746300508588,0.1674952393247482,26,-0.002428526
Adenocarpus,Chrysanthemum,10,5.5,5.233732578274155,6.266866289137077,4.320119773482246,7.1934930313096626,4.816866289137078,High_Plateau,0.2999479643006163,0.1289867918526934,42,-0.0016187
Adenocarpus,Cicer,10,5.5,5.980275813378345,6.640137906689173,4.544082744013504,7.492110325351338,5.190137906689173,High_Plateau,0.7776918195274132,0.8960019067848793,19,-0.004461202
Adenocarpus,Cichorium,10,5.5,5.660186968135176,6.480093484067588,4.448056090440553,7.364074787,5.030093484067589,High_Plateau,0.6538552164650168,0.8368748662231081,42,-0.00198655
Adenocarpus,Cinnamomum,10,5.5,8.768811364052814,8.034405682026406,5.380643409215844,8.607524545621125,6.584405682026407,High_Plateau,0.7653157912128064,0.9117470183997842,24,-0.001467591
Adenocarpus,Circaea,10,5.5,6.4627864582705135,6.881393229135257,4.688835937481154,7.685114583308206,5.4313932291352565,High_Plateau,0.7419292892173452,0.8650572409440092,24,-0.001883724
Adenocarpus,Cirsium,10,5.5,5.568138364417171,6.434069182208585,4.420441509325151,7.3272553457668685,4.984069182208586,High_Plateau,0.6496756139399136,0.8531026107322375,45,-0.001633627
Adenocarpus,Cistanche,10,5.5,6.5582936327175325,6.929146816358767,4.71748809,7.723317453087013,5.479146816358766,High_Plateau,0.3909573566017576,0.2535130347737901,35,-0.001827224
Adenocarpus,Cistus,10,5.5,8.979040226032069,8.139520113016035,5.443712067809621,8.691616090412827,6.689520113016035,High_Plateau,0.6539671537842485,0.7138471950860343,27,-0.002167177
Adenocarpus,Citrullus,10,5.5,5.133419961888474,6.216709980944237,4.290025988566542,7.1533679847553895,4.766709980944237,High_Plateau,0.4009912845160814,0.1503708361781944,20,-0.002215308
Adenocarpus,Citrus,10,5.5,8.974883473649273,8.137441736824636,5.442465042094781,8.689953389,6.687441736824637,High_Plateau,0.6437955393305946,0.6934088338062867,27,-0.001691515
Adenocarpus,Cladanthus,10,5.5,4.6820955837786284,5.991047791889314,4.154628675133589,6.972838233511451,4.541047791889314,High_Plateau,0.6266037742672815,0.7001278553075335,32,-0.001724822
Adenocarpus,Clematis,10,5.5,8.326339367849155,7.813169683924578,5.247901810354746,8.430535747139661,6.3631696839245775,High_Plateau,0.5850632895578975,0.6170680764230874,32,-0.001830774
Adenocarpus,Cleome,10,5.5,4.532116940767102,5.91605847,4.109635082,6.912846776306841,4.466058470383551,High_Plateau,0.5318546348727918,0.4449344948025796,24,-0.002016536
Adenocarpus,Clinopodium,10,5.5,6.032596966289744,6.666298483144872,4.5597790898869235,7.513038786515898,5.216298483144872,High_Plateau,0.6847336240316884,0.9069339467060796,43,-0.002401986
Adenocarpus,Clypeola,10,5.5,4.600725301059183,5.950362650529591,4.130217590317755,6.940290120423674,4.500362650529592,High_Plateau,0.649417178,0.7458858292749945,32,-0.002380655
Adenocarpus,Colchicum,10,5.5,6.458420120077157,6.879210060038579,4.687526036023147,7.683368048030863,5.429210060038579,High_Plateau,0.7040362016883283,0.8550406733542046,32,-0.001964638
Adenocarpus,Coleostephus,10,5.5,4.475164133805001,5.8875820669025005,4.0925492401415005,6.890065653522001,4.437582067,High_Plateau,0.5237569793822857,0.4947286685224526,32,-0.003196836
Adenocarpus,Colutea,10,5.5,8.931010697492189,8.115505348746094,5.4293032092476565,8.672404278996876,6.665505348746095,High_Plateau,0.8202951322146131,0.988886767,20,-0.001756486
Adenocarpus,Conopodium,10,5.5,5.325300437818066,6.312650218909033,4.347590131,7.230120175127226,4.8626502189090335,High_Plateau,0.6930002649642701,0.8248297020831293,31,-0.002365039
Adenocarpus,Conringia,10,5.5,4.596253207519509,5.948126603759754,4.128875962255853,6.938501283007804,4.498126603759754,High_Plateau,0.6348175590550771,0.7414087613602711,35,-0.002703833
Adenocarpus,Convolvulus,10,5.5,6.290201879179311,6.7951009395896556,4.637060563753794,7.616080751671724,5.345100939589656,High_Plateau,0.71557456,0.8699843076440235,31,-0.002395121
Adenocarpus,Coris,10,5.5,5.248201132636924,6.274100566318461,4.324460339791077,7.199280453,4.824100566318462,High_Plateau,0.704066854,0.8224297102399798,28,-0.00298686
Adenocarpus,Coronilla,10,5.5,6.486506836380738,6.893253418190369,4.695952050914221,7.694602734552296,5.443253418,High_Plateau,0.8188547498509308,0.9784569914282344,19,-0.005107322
Adenocarpus,Corrigiola,10,5.5,5.472204596546255,6.386102298273127,4.391661378963876,7.288881838618503,4.936102298273127,High_Plateau,0.7125510963893181,0.8309644346535314,27,-0.001913949
Adenocarpus,Corydalis,10,5.5,5.608453543,6.454226771,4.432536062788958,7.343381417051944,5.004226771,High_Plateau,0.7256696744519873,0.8406797207787206,25,-0.00149638
Adenocarpus,Corynephorus,10,5.5,5.110395617722147,6.205197808861073,4.283118685316644,7.144158247088859,4.755197808861073,High_Plateau,0.4096467408281323,0.4059857160210689,49,-0.001954323
Adenocarpus,Cotoneaster,10,5.5,9.055779162237425,8.177889581118713,5.466733748671228,8.722311665,6.7278895811187125,High_Plateau,0.6228333904645458,0.6433118791608581,26,-0.001924121
Adenocarpus,Cotula,10,5.5,5.338265080287605,6.319132540143802,4.351479524086281,7.235306032115043,4.869132540143802,High_Plateau,0.6483636431377062,0.8258096303657247,42,-0.001576104
Adenocarpus,Crambe,10,5.5,6.250781819913055,6.775390909956528,4.625234545973917,7.600312727965222,5.3253909099565275,High_Plateau,0.6962731782845302,0.8558384875122043,34,-0.001392162
Adenocarpus,Crassula,10,5.5,5.2976475180531395,6.298823759,4.3392942554159415,7.219059007221256,4.848823759,High_Plateau,0.5813929620068512,0.5277995180506377,22,-0.003150162
Adenocarpus,Crataegus,10,5.5,8.742199562023279,8.021099781011639,5.372659868606984,8.596879824809312,6.571099781,High_Plateau,0.7720346376892839,0.9089677560953836,22,-0.002574595
Adenocarpus,Crepis,10,5.5,5.480680113722658,6.390340056861329,4.394204034116798,7.292272045489064,4.940340056861329,High_Plateau,0.5006204620854254,0.5058599074946953,39,-0.002546971
Adenocarpus,Crocus,10,5.5,6.462073543610182,6.881036771805091,4.688622063083054,7.684829417444073,5.431036771805092,High_Plateau,0.6824478668818795,0.8530524602701647,37,-0.002427468
Adenocarpus,Crotalaria,10,5.5,6.013466414443589,6.656733207221794,4.554039924333077,7.505386565777435,5.206733207221795,High_Plateau,0.8690389046353864,0.9862671143860176,7,-0.035467074
Adenocarpus,Crucianella,10,5.5,5.158235837974522,6.229117918987261,4.297470751392357,7.163294335189809,4.779117918987261,High_Plateau,0.6591035291239913,0.7733926980069029,33,-0.001955596
Adenocarpus,Crupina,10,5.5,4.475164133805001,5.8875820669025005,4.0925492401415005,6.890065653522001,4.437582067,High_Plateau,0.4826828468822012,0.4947286685224526,42,-0.002979257
Adenocarpus,Cucumis,10,5.5,4.540261276927573,5.920130638463787,4.112078383078272,6.916104511,4.470130638463787,High_Plateau,0.4035276081545816,0.1554434834551946,20,-0.002215308
Adenocarpus,Cucurbita,10,5.5,5.1578641191931975,6.228932059596598,4.297359235757959,7.163145647677279,4.778932059596599,High_Plateau,0.4211728142488367,0.1825625466836364,19,-0.002454454
Adenocarpus,Cullen,10,5.5,6.624624140293988,6.962312070146994,4.737387242088197,7.749849656117595,5.512312070146994,High_Plateau,0.816008934,0.9804310425329636,20,-0.002339842
Adenocarpus,Cuphea,10,5.5,5.950336330646048,6.625168165323024,4.535100899193814,7.480134532,5.175168165323024,High_Plateau,0.6037359823952299,0.5805805288528659,23,-0.002529122
Adenocarpus,Cupressus,10,5.5,8.796004701,8.048002351,5.388801410404023,8.618401880538697,6.5980023506733705,High_Plateau,0.4235069932674856,0.277492685,30,-0.001708563
Adenocarpus,Cuscuta,10,5.5,5.068580888475664,6.184290444237831,4.270574266542699,7.127432355390265,4.734290444237832,High_Plateau,0.6809925761845826,0.792531291,30,-0.002045762
Adenocarpus,Cutandia,10,5.5,4.676069041284741,5.988034520642371,4.152820712385422,6.970427616513897,4.538034520642371,High_Plateau,0.3930057197158867,0.3479803457323305,46,-0.001625353
Adenocarpus,Cyclamen,10,5.5,6.456783220362985,6.878391610181493,4.687034966108896,7.6827132881451945,5.428391610181492,High_Plateau,0.7122925682361554,0.8552172787815883,30,-0.00247578
Adenocarpus,Cymbalaria,10,5.5,6.417476167,6.858738083286745,4.675242849972047,7.666990466629397,5.408738083286745,High_Plateau,0.6892281568261294,0.8665006972774962,37,-0.001865754
Adenocarpus,Cymbopogon,10,5.5,6.275114346993596,6.787557173496798,4.632534304098079,7.610045738797439,5.337557173496798,High_Plateau,0.3519896701995554,0.2250550492305721,41,-0.002638818
Adenocarpus,Cynanchum,10,5.5,8.767440380466823,8.033720190233412,5.380232114140046,8.606976152186729,6.583720190233412,High_Plateau,0.7117569081498849,0.911661606,37,-0.002382784
Adenocarpus,Cynara,10,5.5,6.2079515305611945,6.753975765280597,4.612385459168358,7.583180612224478,5.303975765280597,High_Plateau,0.523704708,0.5767639212973192,42,-0.002936907
Adenocarpus,Cynodon,10,5.5,6.5280760701278995,6.914038035,4.708422821,7.711230428051159,5.464038035,High_Plateau,0.4734314806060704,0.5087997520748297,46,-0.001464776
Adenocarpus,Cynoglossum,10,5.5,5.158465109956172,6.229232554978086,4.2975395329868515,7.163386043982468,4.779232554978086,High_Plateau,0.7168152609786925,0.8398851219575133,27,-0.00387574
Adenocarpus,Cynosurus,10,5.5,5.055654456477622,6.177827228238811,4.266696336943286,7.122261782591049,4.7278272282388105,High_Plateau,0.4664144437295412,0.4785131262966697,44,-0.002393797
Adenocarpus,Cyperus,10,5.5,5.833321313526573,6.566660656763286,4.4999963940579715,7.433328525,5.116660656763287,High_Plateau,0.4596829747779116,0.4321635423298524,40,-0.002344128
Adenocarpus,Cypripedium,10,5.5,6.621195512488557,6.960597756244278,4.736358653746567,7.748478204995423,5.5105977562442785,High_Plateau,0.6643304151887311,0.7594401724200481,30,-0.003211779
Adenocarpus,Cytinus,10,5.5,6.589726136675672,6.9448630683378365,4.7269178410027015,7.735890454670269,5.494863068337836,High_Plateau,0.5362987676096395,0.454106433,24,-0.003434898
Adenocarpus,Cytisus,10,5.5,8.943581155485429,8.121790577742715,5.433074346645629,8.677432462194172,6.671790577742715,High_Plateau,0.8888216640389343,0.9886484350730088,4,0.027166246
Adenocarpus,Dactylis,10,5.5,6.4982297076856845,6.899114853842843,4.699468912305705,7.699291883074274,5.449114853842842,High_Plateau,0.4980980698327855,0.5337947322778437,43,-0.003061456
Adenocarpus,Dactylorhiza,10,5.5,6.465976222,6.8829881111722955,4.689792866703377,7.686390488937836,5.432988111172295,High_Plateau,0.6820568603157467,0.8603597324280013,38,-0.001778004
Adenocarpus,Daphne,10,5.5,9.029292502,8.164646251030675,5.458787750618406,8.711717001,6.7146462510306755,High_Plateau,0.7577294179269033,0.8966076454605837,24,-0.001634459
Adenocarpus,Dasypyrum,10,5.5,5.605524691301341,6.452762345650671,4.431657407390402,7.342209876520537,5.0027623456506705,High_Plateau,0.297909499,0.1415780198513008,44,-0.002767715
Adenocarpus,Datura,10,5.5,4.847696884753732,6.073848442376866,4.204309065,7.039078753901492,4.623848442376866,High_Plateau,0.6403553247366367,0.7442806478417325,34,-0.002781499
Adenocarpus,Daucus,10,5.5,4.569748504070534,5.934874252035267,4.120924551,6.927899401628213,4.484874252035267,High_Plateau,0.6247539939330375,0.7868880210452912,43,-0.001968659
Adenocarpus,Delphinium,10,5.5,6.050282697,6.675141348,4.565084809,7.520113079,5.225141348,High_Plateau,0.74107163,0.904373761,29,-0.001563466
Adenocarpus,Dianthus,10,5.5,6.191183359215033,6.745591679607516,4.607355008,7.576473343686013,5.295591679607517,High_Plateau,0.6937362294829543,0.8590285794023784,35,-0.001616219
Adenocarpus,Dichanthium,10,5.5,6.275114346993596,6.787557173496798,4.632534304098079,7.610045738797439,5.337557173496798,High_Plateau,0.3397596940351956,0.2250550492305721,44,-0.001650909
Adenocarpus,Digitalis,10,5.5,5.991463611649983,6.645731805824991,4.547439083494995,7.496585444659994,5.195731805824991,High_Plateau,0.689704859,0.8675617413531495,37,-0.002403951
Adenocarpus,Digitaria,10,5.5,5.083709923609107,6.1918549618045535,4.275112977082732,7.133483969443644,4.741854961804554,High_Plateau,0.4919907749656279,0.5132180461026409,42,-0.002346864
Adenocarpus,Dioscorea,10,5.5,6.428493789189473,6.864246894594737,4.678548136756842,7.671397515675789,5.414246894594736,High_Plateau,0.7347553062222378,0.8670527536020881,26,-0.001409336
Adenocarpus,Diospyros,10,5.5,8.738972330286323,8.019486165143162,5.371691699085897,8.595588932114529,6.569486165143162,High_Plateau,0.6916753113378641,0.7810739637922058,26,-0.002315336
Adenocarpus,Dipcadi,10,5.5,6.3419103700111465,6.820955185005573,4.652573111003344,7.636764148004459,5.370955185005574,High_Plateau,0.5565277970168689,0.5931991924725691,36,-0.003457718
Adenocarpus,Diplotaxis,10,5.5,5.276261540055216,6.288130770027609,4.332878462016565,7.210504616022087,4.838130770027608,High_Plateau,0.6685723075631251,0.7841067062775854,32,-0.001933743
Adenocarpus,Dipsacus,10,5.5,4.578410394808388,5.939205197404194,4.123523118442517,6.931364157923355,4.489205197404194,High_Plateau,0.6615430478478215,0.7700384719494892,32,-0.001885169
Adenocarpus,Dittrichia,10,5.5,6.161623032689227,6.730811516344613,4.598486909806768,7.5646492130756915,5.280811516344613,High_Plateau,0.6540117097551366,0.8288703502981822,41,-0.001494928
Adenocarpus,Dodonaea,10,5.5,8.677430146915286,7.988715073457643,5.353229044074586,8.570972058766115,6.538715073457643,High_Plateau,0.6450912291246582,0.6797113046391068,25,-0.002438752
Adenocarpus,Doronicum,10,5.5,6.369776632766473,6.834888316383236,4.660932989829941,7.647910653106589,5.384888316383236,High_Plateau,0.6863620726006585,0.8692809814165744,38,-0.003332126
Adenocarpus,Draba,10,5.5,5.986523839330592,6.643261919665296,4.545957151799177,7.494609535732237,5.1932619196652965,High_Plateau,0.5214998391131811,0.5392630792530679,38,-0.00186495
Adenocarpus,Dryopteris,10,5.5,6.528147868696682,6.914073934348341,4.708444360609004,7.711259147478673,5.464073934348342,High_Plateau,0.3449681901816886,0.1862377563251215,38,-0.002054825
Adenocarpus,Dysphania,10,5.5,4.765282255330143,6.032641127665071,4.179584676599043,7.006112902132058,4.582641127665072,High_Plateau,0.5137668251098542,0.4662840576411126,31,-0.001971215
Adenocarpus,Ebenus,10,5.5,7.680670388173402,7.4903351940867005,5.054201116,8.172268155,6.040335194086701,High_Plateau,0.8183828302978342,0.9850957509094695,20,-0.001924424
Adenocarpus,Echinochloa,10,5.5,4.611928184677654,5.955964092338827,4.133578455403296,6.944771273871062,4.505964092338827,High_Plateau,0.489962355,0.5173742578824821,43,-0.002316231
Adenocarpus,Echinophora,10,5.5,6.435308418893233,6.867654209446616,4.680592526,7.674123367557293,5.417654209446617,High_Plateau,0.7126404138373892,0.8641930820925154,31,-0.00278045
Adenocarpus,Echinops,10,5.5,6.176282533593003,6.738141266796502,4.602884760077901,7.570513013437202,5.288141266796502,High_Plateau,0.6839094244689259,0.8641606115685674,38,-0.002256758
Adenocarpus,Echium,10,5.5,5.025701585930268,6.162850792965134,4.2577104757790805,7.110280634372107,4.712850792965134,High_Plateau,0.6888619875641292,0.8163861501958258,31,-0.001530053
Adenocarpus,Elaeagnus,10,5.5,8.729509297354412,8.014754648677206,5.368852789206324,8.591803718941765,6.564754648677206,High_Plateau,0.6741825458618259,0.6888965064779852,19,-0.004026937
Adenocarpus,Elatine,10,5.5,4.823080761507374,6.061540380753687,4.196924228452212,7.0292323046029495,4.611540380753687,High_Plateau,0.7296250830257547,0.8241073724298519,22,-0.002368224
Adenocarpus,Eleocharis,10,5.5,6.166625426575528,6.733312713287764,4.599987627972658,7.566650170630211,5.2833127132877635,High_Plateau,0.4804477524994591,0.4653930457444266,39,-0.001939759
Adenocarpus,Eleusine,10,5.5,5.485400578477484,6.392700289238742,4.395620173543245,7.294160231390993,4.942700289238742,High_Plateau,0.4365333698578547,0.4268622809553243,45,-0.001854419
Adenocarpus,Elymus,10,5.5,6.6156175651886375,6.957808782594318,4.734685269556591,7.746247026075455,5.507808782594319,High_Plateau,0.4555058809894157,0.4321836203728129,41,-0.003119566
Adenocarpus,Enarthrocarpus,10,5.5,4.600725301059183,5.950362650529591,4.130217590317755,6.940290120423674,4.500362650529592,High_Plateau,0.608378523,0.7458858292749945,42,-0.001808296
Adenocarpus,Enneapogon,10,5.5,6.235822661418677,6.767911330709339,4.620746798425603,7.5943290645674715,5.317911330709339,High_Plateau,0.4769825327766991,0.4668886851314993,40,-0.002974262
Adenocarpus,Ephedra,10,5.5,8.799124368877253,8.049562184438626,5.389737310663175,8.619649747550902,6.599562184438627,High_Plateau,0.4321130364127973,0.2540200827289898,25,-0.00376457
Adenocarpus,Epilobium,10,5.5,6.262860839446674,6.781430419723337,4.628858251834002,7.605144336,5.331430419723337,High_Plateau,0.5831398999471253,0.5476850541725365,24,-0.002916682
Adenocarpus,Epimedium,10,5.5,6.182708373598229,6.741354186799114,4.6048125120794685,7.573083349439292,5.291354186799115,High_Plateau,0.7302870745432541,0.8582012384705422,26,-0.001834077
Adenocarpus,Epipactis,10,5.5,6.520534840738021,6.91026742,4.706160452221406,7.708213936295209,5.460267420369011,High_Plateau,0.6848691735468247,0.824879646,33,-0.001733892
Adenocarpus,Equisetum,10,5.5,6.595212021129017,6.947606010564508,4.728563606338705,7.738084808451607,5.497606010564509,High_Plateau,0.5192474020529834,0.4447212603217167,27,-0.003735021
Adenocarpus,Eragrostis,10,5.5,5.482656928688969,6.391328464344484,4.3947970786066906,7.293062771475588,4.941328464344485,High_Plateau,0.3767320017577191,0.2252151759261957,35,-0.002591478
Adenocarpus,Eremopyrum,10,5.5,4.681743188716033,5.990871594358016,4.154522957,6.972697275486413,4.540871594358016,High_Plateau,0.3998998966955915,0.3453904677957662,44,-0.001925975
Adenocarpus,Erica,10,5.5,8.762382376371237,8.031191188185618,5.378714712911371,8.604952950548494,6.581191188185619,High_Plateau,0.62107695,0.6974926263217767,33,-0.002721032
Adenocarpus,Erigeron,10,5.5,6.134540900289502,6.717270450144751,4.5903622700868505,7.5538163601158015,5.267270450144752,High_Plateau,0.5428826332586995,0.5986526333950143,40,-0.002792999
Adenocarpus,Erodium,10,5.5,5.428307967384941,6.3641539836924705,4.378492390215483,7.2713231869539765,4.914153984,High_Plateau,0.7409744437636496,0.8301621968316484,20,-0.001340519
Adenocarpus,Erucastrum,10,5.5,5.861650611361698,6.580825305680849,4.508495183,7.4446602445446795,5.130825305680849,High_Plateau,0.6586437322907712,0.846416247,42,-0.001808296