Genus,Family,Order,HybProp,Hyb_Ratio,perc_per,perc_wood,perc_ag,floral_symm,mating_system,repro_syndrome,pollination_syndrome,RedList,tavg,C_value,CV_C_value
Abies,Pinaceae,Pinophyta,-0.160755198,0.041666667,1,1,0.004761905,0.0975,1,1,0,0.695652174,0.8674,1.7322331621830875,-1.076183349
Abronia,Nyctaginaceae,Caryophyllales,0.081685298,0.3125,0.6875,0,0.005063291,0.111237374,0.956459115,0.7712029985649999,0.824636364,2.522055855,0.4142791668199994,-0.20811559,1.1541624861614022
Abutilon,Malvaceae,Malvales,-0.18384477,0,0.763157895,0.394736842,0.006153846,0,1,1,1,3.5,0.057,-0.418329493,-1.590640909
Acacia,Fabaceae,Fabales,-0.17057748,0.136363636,1,1,0.096494845,0,0.999125874,0.5701559065899999,1,1.5,0.807875,-0.426222519,0.20883245961356753
Acaena,Rosaceae,Rosales,0.3826193747055725,0.4,1,0,0.001060071,0.228822358,0.992916667,0.5,0.8758546157500002,2.5506004600100005,0.4966398215249995,-0.541409669,0.2510074046525489
Acalypha,Euphorbiaceae,Malpighiales,-0.18384477,0,0,0,0.01239531,0.2,0.985,0.979,0,2.772727273,0.5546469015800003,-0.226880512,0.18969200067545575
Acamptopappus,Asteraceae,Asterales,-0.18384477,0,1,1,0.00210989,0,1,0.7791726190500001,1,2.494815165875003,0.92838875,-0.412717521,-0.259386277
Acanthomintha,Lamiaceae,Lamiales,-0.18384477,0,0,0,0.004320557,0.5381994950050002,1,0.9975,1,3.943825758,0.1402231547699997,-0.341470283,-0.80072319
Acanthopanax,Araliaceae,Apiales,-0.18384477,0,1,1,0,0,1,0.5,1,1.9852941180000083,0.9670000000000036,-0.36845952,0.6176545817132467
Acanthospermum,Asteraceae,Asterales,-0.18384477,0,0,0,0.00210989,0,0.9925,0.9995,1,1.999771374,0.6946749166850015,-0.402071892,0.8678231122982476
Acanthus,Acanthaceae,Lamiales,-0.18384477,0,1,0,0.000857143,1,1,0.7445937499999998,1,1.933263403,0.6323980833350006,-0.110538776,0.25773939991801853
Acer,Sapindaceae,Sapindales,-0.17205435,0.042553191,1,1,0.001265823,0.005,1,0.916666667,0.833333333,2.166666667,0.945,-0.463636205,-0.093834894
Achillea,Asteraceae,Asterales,-0.133439062,0.233333333,1,0,0.00210989,0,1,0.5,1,3.086840077,0.8444462500000006,-0.029222303,1.3056304826404233
Achlys,Berberidaceae,Ranunculales,-0.18384477,0,1,0,0,0,0,0.5,1,0.8665000000000014,0.0814,0.38270050557036356,-0.242827853
Achnatherum,Poaceae,Poales,-0.001767009,0.2,1,0,0.074314214,0.245333333,0.988125,0.496748188,0.00625,2.1086791978899995,0.840058167,0.2331567649190209,0.10147780961017557
Achyranthes,Amaranthaceae,Caryophyllales,-0.18384477,0,0.916666667,0.5,0.041463415,0,0.9750163703799996,0.719820088,0.644098007,3.25,0.5969456547550005,0.20877891312483624,1.172529512034256
Acianthus,Orchidaceae,Asparagales,-0.18384477,0,1,0,0,0,0,0.5,1,0.8665000000000014,0.0814,0.38270050557036356,-0.242827853
Acinos,Lamiaceae,Lamiales,3.6397882038928264,1.2,0.8,0,0.004320557,0.136666667,1,1,1,2.7246229707750005,0.3201750001999991,-0.166893899,-0.262523412
Aciphylla,Apiaceae,Apiales,-0.18384477,0,1,0,0.003968254,0.7852831196800001,1,0.6261130952449999,1,1.908856061,0.5829839166700002,-0.109887934,-0.358759984
Aconitum,Ranunculaceae,Ranunculales,-0.142192994,0.055555556,1,0,0,0.06,1,0.958333333,1,2.815952597,0.884,0.14595612306827502,0.4400726158359601
Acorus,Acoraceae,Acorales,-0.18384477,0,1,0,0,0.942580128,1,0,1,2.6113636634449997,0.3944250348150002,-0.515179468,0.31594221233022285
Acrotriche,Ericaceae,Ericales,-0.18384477,0,1,1,0,0,1,0.5,1,1.9852941180000083,0.9670000000000036,-0.36845952,0.6176545817132467
Actaea,Ranunculaceae,Ranunculales,0.8782755010926624,0.25,1,0,0,0.7343589743850001,1,0.5,1,2.332924672555001,0.5393533333450009,2.247436881857335,-0.701777993
Actinotus,Apiaceae,Apiales,-0.18384477,0,0.5,0,0.003968254,0.5051161616700002,1,0.99375,1,4,0.2126040833600003,0.052376949,-1.379842247
Adenocarpus,Fabaceae,Fabales,-0.18384477,0,1,1,0.096494845,1,1,0.9975,1,1.5675372022200016,0.6804543333349987,-0.468099619,-1.361850934
Adenophora,Campanulaceae,Asterales,-0.18384477,0,1,0,0,0,1,1,1,2.9176510744450006,0.9442698333299993,0.049106148408331024,0.41625760376334403
Adenophorus,Polypodiaceae,Monilophyta,0.2410033386678065,0.3,1,0,0,0.876826923,0.999791667,0.5374945054799999,0.974444444,2.93429046,0.5747254853649998,2.8448243033934784,0.3873480484811584
Adenophyllum,Asteraceae,Asterales,-0.18384477,0,1,1,0.00210989,0,1,0.7791726190500001,1,2.494815165875003,0.92838875,-0.412717521,-0.259386277
Adenostoma,Rosaceae,Rosales,-0.18384477,0,1,1,0.001060071,0,1,0.519926302,0.996586022,2.020593619600004,0.9570162500000032,-0.358343444,0.5654142844952098
Adenostyles,Asteraceae,Asterales,1.9403957710572715,0.333333333,1,0,0.00210989,0.188098291,1,0.5,1,2.558688816485001,0.4654150001099989,-0.155686546,-0.53504991
Adiantum,Pteridaceae,Monilophyta,-0.150304129,0.05,1,0,0,0.8082532052050001,0.998536585,0.5459974119599998,1,3.666666667,0.5088617307899999,0.10425682842302132,1.5462407872983719
Adonis,Ranunculaceae,Ranunculales,-0.042228733,0.1,0.6,0,0,0.5989743590100001,1,0.875,1,2.5542751010900004,0.474489548,1.4991654912336023,-0.893200503
Adriana,Euphorbiaceae,Malpighiales,-0.18384477,0,1,1,0.01239531,0,0.998557692,0.662405112,0.758953446,1.8022929723750003,0.8815447797499999,-0.157618513,0.1513167761521461
Aegilops,Poaceae,Poales,-0.123152183,0.066666667,0,0,0.074314214,0.8403191489400001,1,0.980714286,0,1.0339281247699994,0.040335,0.6125329454881937,0.7468496771196488
Aeluropus,Poaceae,Poales,-0.18384477,0,1,0,0.074314214,0.7215836557049999,0.8808333333600001,0.4777815579799997,0.01875,0.8280833333349998,0.1098876666600001,0.54411713,1.868351328592045
Aeonium,Crassulaceae,Saxifragales,-0.18384477,0,1,1,0,0.005,0.998251748,0.7497346342400006,0.9144135305199996,2.024905052965001,0.8883596130949989,-0.459714922,4.486165483248006
Aesculus,Sapindaceae,Sapindales,-0.18384477,0,1,1,0.001265823,0.035,1,1,1,2,0.8400150000000005,-0.536701684,-1.590640909
Aethionema,Brassicaceae,Brassicales,-0.18384477,0,0.9,0,0.00485306,0.4789583333800001,1,1,1,4,0.3182584881650006,-0.490294405,-1.590640909
Agalinis,Orobanchaceae,Lamiales,-0.18384477,0,0,0,0,0.836330128,0.99375,0.98125,0.95,1.6751228354849996,0.469,-0.288741659,0.038474712145860686
Agalinus,Orobanchaceae,Lamiales,-0.18384477,0,0,0,0,0,0.98875,0.996166667,1,1.906504913199999,0.6995553333350021,-0.397644213,0.891297665
Agastache,Lamiaceae,Lamiales,-0.18384477,0,1,0,0.004320557,0.913135684,1,0.588825893,1,1.6814912482749995,0.5638417829750005,-0.268688961,0.29103051119803647
Agave,Asparagaceae,Asparagales,-0.18384477,0,1,0,0,0,1,0.5186433290700001,1,3.306012907465001,0.9360049999999996,0.2845975252163111,0.3478962665780271
Ageratina,Asteraceae,Asterales,-0.18384477,0,1,0.5,0.00210989,0.6122858701650001,0.999545455,0.7927582784449999,0.9763571428099996,0.9,0.542385945,-0.2954457,1.0814001945131495
Ageratum,Asteraceae,Asterales,-0.18384477,0,0.5,0,0.00210989,0,1,0.8505831460249996,1,2,0.7577480833299997,-0.376324683,0.17009673071029283
Agoseris,Asteraceae,Asterales,0.009268007,0.166666667,0.833333333,0,0.00210989,0.146217949,0.996590909,0.7231147283350003,0.882011905,2.414419402,0.57073625,-0.254558876,0.9130889654786282
Agrimonia,Rosaceae,Rosales,-0.142192994,0.055555556,1,0,0.001060071,0.111891026,1,0.75,1,1.7585904824500005,0.6648664583449997,-0.015456199,0.10813067992798964
Agropyron,Poaceae,Poales,0.17479324388779902,0.590909091,1,0,0.074314214,0.618635392,0.933636364,0.4116744599699998,0.080880282,2.151235101,0.3155770714450003,0.6745955680871353,0.4233369722231361
Agrostemma,Caryophyllaceae,Caryophyllales,-0.18384477,0,0,0,0.001818182,0.5863661616550001,1,1,1,3.6028049783600005,0.1684647380999999,-0.303320148,-0.227811335
Agrostis,Poaceae,Poales,-0.165170127,0.152380952,0.808411215,0,0.074314214,0.700833333,1,0.576923077,0,1.166666667,0.1171344047750001,0.14563143446982446,0.9810674370196695
Aichryson,Crassulaceae,Saxifragales,-0.18384477,0,0,0,0,0.683472222,0.997083333,0.9925,0.942291667,3.4301023809550006,0.1732741392099998,-0.493657251,-1.532190915
Aira,Poaceae,Poales,-0.18384477,0,0,0,0.074314214,0.901106383,1,1,0,2.165700758,0.062587564,-0.003690539,0.4682364256163229
Ajuga,Lamiaceae,Lamiales,0.058925578038717716,0.266666667,0.866666667,0,0.004320557,0.257948718,1,0.875,1,2.912215624105001,0.556990583,-0.185729052,-0.231880417
Albizia,Fabaceae,Fabales,-0.18384477,0,1,1,0.096494845,0,0.996875,0.473375,1,1.966666667,0.951,-0.422364909,-1.162248158
Alcea,Malvaceae,Malvales,-0.18384477,0,1,0,0.006153846,0.4668472223050003,1,1,1,3.859979167,0.2739694167100004,-0.243576285,-1.119636548
Alchemilla,Rosaceae,Rosales,-0.183017208,0.017985612,1,0,0.001060071,0,0,0.5,1,0.9763712121200024,0.083595,0.091166022,-0.225842879
Alectryon,Sapindaceae,Sapindales,-0.18384477,0,1,1,0.001265823,0.451955128,0.998882576,0.7423343389200001,0.959375,3,0.5077572381050013,-0.192317049,1.1760650340596255
Alhagi,Fabaceae,Fabales,-0.18384477,0,1,1,0.096494845,1,1,1,1,1.5446760911150017,0.6807733333349987,-0.447249972,-1.24694488
Alisma,Alismataceae,Alismatales,-0.150304129,0.05,0.925,0.1,0,0.5101923077100001,1,0.5,0.833333333,2.770837440310001,0.4279931319450004,1.1242081240605557,-1.224192106
Alkanna,Boraginaceae,Boraginales,-0.18384477,0,0.941176471,0,0.001824818,0.005,1,0.95259026,0.983,2.976769636774999,0.9154874999899988,-0.145273179,0.650471736
Allium,Amaryllidaceae,Asparagales,-0.18384477,0,1,0,0,0,1,0.543478261,1,4,0.91,2.0933804399284663,0.4226385785143967
Allocasuarina,Casuarinaceae,Fagales,-0.067977104,0.090909091,1,1,0.094736842,0.000212766,0.99875,0.4240539215599999,0.710625,1.225476135069998,0.8743864226499987,-0.45801108,0.22380697990383788
Allophyllum,Polemoniaceae,Ericales,-0.18384477,0,0,0,0,0,0.98875,0.996166667,1,1.906504913199999,0.6995553333350021,-0.397644213,0.891297665
Almaleea,Fabaceae,Fabales,-0.18384477,0,1,1,0.096494845,1,1,1,1,1.5446760911150017,0.6807733333349987,-0.447249972,-1.24694488
Alnus,Betulaceae,Fagales,-0.128669691,0.090909091,1,1,0.054545455,0.2242512894899999,1,0.833333333,0,0.166666667,0.913666667,-0.499441347,-0.472586479
Aloe,Xanthorrhoeaceae,Asparagales,-0.18384477,0,1,0.555555556,0,0,0.9980965909249998,0.689483725,0.7140773809450003,1.5,0.8716958029950006,1.689878986841123,-0.10834533
Alopecurus,Poaceae,Poales,-0.143425816,0.136363636,0.647727273,0,0.074314214,0.7719116699150002,1,0.642857143,0,0.9386351833449996,0.054958333,0.6132572508025043,2.4623794533439725
Alsinidendron,Caryophyllaceae,Caryophyllales,-0.18384477,0,1,0,0.001818182,0.6114583333900002,0.967083333,0.5929568451949999,0.8494173728500002,4,0,-0.473704363,-0.826927774
Alternanthera,Amaranthaceae,Caryophyllales,-0.18384477,0,0.821428571,0.071428571,0.041463415,0,0.996846591,0.6715514353300002,0.5,1.888888889,0.6443473333250007,-0.228023468,0.1691175297140231
Althaea,Malvaceae,Malvales,-0.18384477,0,0.611111111,0,0.006153846,0.4466022727700002,1,1,1,3.91,0.2651220714600006,-0.371772754,-1.212545681
Alyssoides,Brassicaceae,Brassicales,-0.18384477,0,1,0,0.00485306,0.6258611112700005,0.992083333,0.342081845,0.749918785,3.433980882415001,0.1934563690649999,-0.349540536,0.12749118772393747
Alyssum,Brassicaceae,Brassicales,-0.18384477,0,0.675324675,0,0.00485306,0.958125,1,1,1,0.508145833,0.5293310512900001,-0.507781206,0.7621341982832651
Amaranthus,Amaranthaceae,Caryophyllales,-0.159581599,0.194174757,0.04368932,0,0.041463415,0,1,1,0,2,0.199,-0.48689616,-0.257273691
Ambrosia,Asteraceae,Asterales,-0.173740031,0.034090909,0.547619048,0.170454545,0.00210989,0.025,1,0.666666667,0,2.13853744,0.95,-0.266328839,1.2348739871034882
Amelanchier,Rosaceae,Rosales,-0.109310014,0.105263158,1,1,0.001060071,0,1,0.875,1,2.2902443840249984,0.9020730357150002,-0.43548001,-0.12422718
Ammannia,Lythraceae,Myrtales,-0.18384477,0,0,0,0,0,0.98875,0.996166667,1,1.906504913199999,0.6995553333350021,-0.397644213,0.891297665
Ammi,Apiaceae,Apiales,-0.18384477,0,0,0,0.003968254,0.5140744950000001,1,1,1,3.9675,0.1207570000199998,-0.240322827,-1.590640909
Ammophila,Poaceae,Poales,0.13479131160761837,0.1,1,0,0.074314214,0.391666667,1,0,0,2.028311466279999,0.7755745833399988,0.061884965,-1.590640909
Amorpha,Fabaceae,Fabales,-0.18384477,0,1,1,0.096494845,1,1,1,1,1.5446760911150017,0.6807733333349987,-0.447249972,-1.24694488
Amphibromus,Poaceae,Poales,-0.18384477,0,1,0,0.074314214,0.251,0.9975,0.292744048,0.0025,1.939090909,0.8472315000150007,-0.049088965,-1.215184288
Amphicarpum,Poaceae,Poales,-0.18384477,0,0.5,0,0.074314214,0.9475,0.9875,0.956180585,0.033122066,2.271388889,0.1412030128249999,-0.22545169,-0.256652139
Amphipogon,Poaceae,Poales,-0.18384477,0,1,0,0.074314214,0.255,0.9984375,0.247008929,0,1.929752525,0.8467577500150008,0.030154827845963714,-1.554184315
Amsinckia,Boraginaceae,Boraginales,-0.168148411,0.034482759,0,0,0.001824818,0.3451909479700001,0.998333333,1,1,4,0.33825,-0.433350207,-0.827471828
Amsonia,Apocynaceae,Gentianales,-0.18384477,0,1,0,0.000658617,0,1,0.7483043727200002,0.9212803030049996,2.7155808004950006,0.9132912499749994,-0.056077662,0.4601616667000339
Amyema,Loranthaceae,Santalales,-0.18384477,0,1,1,0,0.3862500000200001,0.972415044,0.8071332417100006,1,3.669203301,0.4491754166700007,0.9896569051079097,-0.38390937
Anabasis,Amaranthaceae,Caryophyllales,-0.18384477,0,1,1,0.041463415,0.025227273,0.9984375,0.7520476190200001,0,1.7373218238799994,0.9534690259849996,-0.398647522,-1.054842957
Anacyclus,Asteraceae,Asterales,-0.18384477,0,0.25,0,0.00210989,0.5633522727750001,1,0.9261547619049996,0.975795455,3.735837121,0.188493143,0.2750894226148669,-0.333724173
Anagallis,Primulaceae,Ericales,-0.18384477,0,0.333333333,0,0,0.908846154,1,0.833333333,1,1.611410642,0.5279070000050001,-0.350399997,0.8686535773860196
Anarrhinum,Plantaginaceae,Lamiales,0.4534273927244555,0.2,0.5,0,0.005925926,0.077875,1,1,1,2.735946293,0.2623262502349991,-0.368168985,-0.153872661
Anchusa,Boraginaceae,Boraginales,-0.174276118,0.027027027,0.445945946,0,0.001824818,0.384607615,1,1,1,4,0.2703713095550006,-0.187757819,-1.20903964
Androcymbium,Colchicaceae,Liliales,-0.18384477,0,1,0,0,0,1,0.5,1,3.176555322,0.9457887499949994,-0.197054204,-0.262819669
Andropogon,Poaceae,Poales,-0.136986522,0.058823529,1,0,0.074314214,1,0.8850000000299997,0.672146409,0,3.333333333,0.147141488,0.003179276,-1.590640909
Androsace,Primulaceae,Ericales,-0.18384477,0,0.602941176,0,0,0,1,0.875,1,3.123175169260001,0.8963669999999995,-0.374350222,0.6658182280314248
Andryala,Asteraceae,Asterales,-0.18384477,0,0.7,0,0.00210989,0,0.999318182,0.7030353257100004,1,1.5122366072199986,0.742423417,-0.286505917,-0.025100521
Anemone,Ranunculaceae,Ranunculales,-0.165373113,0.065217391,1,0,0,0.01,1,0.611111111,1,3,0.8953642083149986,1.7320136100162264,0.7427824396433841
Angelica,Apiaceae,Apiales,-0.18384477,0,0.983333333,0,0.003968254,0,1,1,1,2.9495461309700004,0.8999874999999995,-0.151319494,0.25745678746990486
Angianthus,Asteraceae,Asterales,-0.18384477,0,0,0,0.00210989,0.540991162,1,1,0.995,3.945070455,0.034175,-0.055425688,-0.8898522
Anisantha,Poaceae,Poales,-0.18384477,0,0,0,0.074314214,0.901106383,1,1,0,2.165700758,0.062587564,-0.003690539,0.46823642561631446
Antennaria,Asteraceae,Asterales,-0.161246466,0.083333333,1,0,0.00210989,0.04,1,0.5,1,1.98685289,0.729,-0.102213811,0.024046801862090093
Anthemis,Asteraceae,Asterales,-0.182810573,0.006329114,0.486842105,0,0.00210989,0.520921717,1,1,1,4,0.1781760320699998,0.5138515129223675,-1.32127045
Anthericum,Asparagaceae,Asparagales,-0.18384477,0,1,0,0,0.852916667,1,0.5,1,3.560731060595001,0.3764765842549995,0.575727886,3.801887124021339
Anthoxanthum,Poaceae,Poales,-0.18384477,0,0.5,0,0.074314214,0.870375027,1,0.75,0,1.7984480838149997,0.104560833,0.20783249576768362,0.13764605159516666
Anthriscus,Apiaceae,Apiales,-0.18384477,0,0.333333333,0,0.003968254,0.5119633838950002,1,0.75,1,3.876904761910001,0.1879105714399999,-0.28314307,-1.138120306
Anthyllis,Fabaceae,Fabales,-0.18384477,0,0.643410853,0.789473684,0.096494845,0.9513563829849998,1,1,1,1.8956580085050008,0.5957630000099988,-0.508453775,-0.267638013
Antidesma,Phyllanthaceae,Malpighiales,6.188876852827524,0.5,1,1,0.002292264,0,0.988125,0.806121204,0.542349134,1.75,0.8400806980350007,2.9872218901938643,-0.512300565
Antinoria,Poaceae,Poales,-0.18384477,0,0.25,0,0.074314214,0.940106383,0.9975,0.968463819,0.006666667,2.318844697,0.1027843974249999,-0.29255904,0.5148011926228209
Antirrhinum,Plantaginaceae,Lamiales,-0.142730436,0.096774194,0.59375,0.28125,0.005925926,0.16,1,1,1,3,0.815,-0.481147463,-1.590640909
Aotus,Fabaceae,Fabales,-0.18384477,0,1,1,0.096494845,1,1,1,1,1.5446760911150017,0.6807733333349987,-0.447249972,-1.24694488
Apera,Poaceae,Poales,-0.18384477,0,0,0,0.074314214,0.9375,1,1,0,1.889109849,0.086235449,0.14057556892050035,0.25683053519073057
Aphanes,Rosaceae,Rosales,-0.18384477,0,0,0,0.001060071,0.25104798,0.75,1,1,2,0.4866295833400003,-0.507781206,0.9206083980717789
Aphanostephus,Asteraceae,Asterales,-0.18384477,0,0.25,0,0.00210989,0.5383522727750001,0.999791667,0.9062023809549998,0.98,3.919416666664999,0.1044434999999997,0.060670267,-0.890298016
Aphelia,Centrolepidaceae,Poales,-0.18384477,0,0,0,0,0,0.98875,0.996166667,1,1.906504913199999,0.6995553333350021,-0.397644213,0.891297665
Apium,Apiaceae,Apiales,-0.001767009,0.2,0.5,0,0.003968254,0.171935897,1,0.625,1,4,0.5645654167249997,-0.440524279,-0.455359859
Apocynum,Apocynaceae,Gentianales,0.5242354106796112,0.444444444,1,0,0.000658617,0.3411324786550001,1,0.524525878,0.92329881,2.6806302365949994,0.5276291868599996,-0.111499489,-0.486961651
Aquilegia,Ranunculaceae,Ranunculales,-0.136683092,0.170212766,1,0,0,0.4670512820800002,1,1,1,4,0.486666667,-0.514506899,-1.376970608
Arabidella,Brassicaceae,Brassicales,-0.18384477,0,0.5,0.5,0.00485306,0.285888889,0.99875,0.9585660332600004,0.9162916666749998,2.9011253073400014,0.5254550833400006,-0.358690704,0.39829169551958415
Arabidopsis,Brassicaceae,Brassicales,-0.18384477,0,0.1,0,0.00485306,0.5512916666700001,1,0.9,1,2.058529987,0.5882,-0.549908499,0.16634215076954043
Arabis,Brassicaceae,Brassicales,-0.181597292,0.018691589,0.690721649,0,0.00485306,0.37745134,0.958333333,0.884615385,1,4,0.56,-0.520922175,2.1706679470748313
Aralia,Araliaceae,Apiales,-0.18384477,0,1,0.333333333,0,0.631666667,0.999772727,0.8161726190400002,0.982666667,2,0.5906388104500003,0.21433007517620684,-0.141100004
Arbutus,Ericaceae,Ericales,6.188876852827524,0.5,1,1,0,0.015,0.992007576,1,1,1.5,0.97,-0.347591945,0.802292451
Arceuthobium,Santalaceae,Santalales,-0.18384477,0,1,0,0.002139037,0.6293055556000001,0.925959596,0.675997875,0.526390588,0,0.2405891666999997,0.573515861,1.6001260957245318
Arctium,Asteraceae,Asterales,0.2410033386678065,0.466666667,0,0,0.00210989,0.104791667,1,1,1,2.891571858699999,0.2309562502499994,-0.354952347,-0.261156583
Arctomecon,Papaveraceae,Ranunculales,-0.18384477,0,1,0,0,0,0,0.5,1,0.8665000000000014,0.0814,0.38270050557036356,-0.242827853
Arctostaphylos,Ericaceae,Ericales,-0.160077043,0.121212121,1,1,0,0,1,0.5,1,2,0.90744125,-0.417656924,0.7642441135497798
Arctotheca,Asteraceae,Asterales,-0.18384477,0,0.666666667,0,0.00210989,0.4925883838800001,0.999791667,0.944288004,1,3.9665625,0.1822356666949998,-0.029586134,-1.338235467
Ardisia,Primulaceae,Ericales,-0.18384477,0,1,1,0,0,0.9497204410649992,0.5704785187949999,1,2.328571429,0.63,-0.229337529,1.1121737004376864
Arenaria,Caryophyllaceae,Caryophyllales,-0.18384477,0,0.618421053,0,0.001818182,0,1,0.875,1,4,0.9136312500000004,-0.491639543,-0.446691036
Argemone,Papaveraceae,Ranunculales,-0.087288381,0.083333333,0.583333333,0,0,0,0.999545455,0.7594462877500001,1,2.0480492816750004,0.6934333333499993,-0.505090929,-0.104420876
Argentina,Rosaceae,Rosales,-0.18384477,0,1,0,0.001060071,0.008888889,1,0.5616331340300004,0.8234917184000003,2.249804408,0.80166275,0.071912019,0.059127479
Argentipallium,Asteraceae,Asterales,-0.18384477,0,1,0,0.00210989,0,1,0.5233750000000001,1,3.2945950335699994,0.9172816666650004,-0.096785013,-0.090371872
Argyrochosma,Pteridaceae,Monilophyta,-0.18384477,0,1,0,0,0,0,0.5,1,0.8665000000000014,0.0814,0.38270050557036356,-0.242827853
Argyrolobium,Fabaceae,Fabales,-0.18384477,0,1,0.5,0.096494845,0.966356383,0.999772727,0.9934166666700002,1,1.7383154760200004,0.6171502884649991,-0.32887778,-1.590640909
Argyroxiphium,Asteraceae,Asterales,4.914332528360175,1.6,1,1,0.00210989,0.280491453,0.9393324199500002,0.845482524,0.8247257575600001,3.25,0.5229069697050001,3.0234517903555385,0.1947940966773993
Argythamnia,Euphorbiaceae,Malpighiales,-0.18384477,0,1,0,0.01239531,0.133583333,0.985477855,0.8230085964200002,0.6461369047650001,2.555807117,0.6559968030400006,0.9798624283525413,-0.066201428
Arisaema,Araceae,Alismatales,-0.18384477,0,1,0,0.000248447,0.700363248,1,0.638952381,0.989782609,2.0301701388900004,0.5387681666849996,0.083407181,-1.453826804
Arisarum,Araceae,Alismatales,-0.18384477,0,1,0,0.000248447,0.882029915,1,0.8892380952350001,1,2.251367643,0.5401985641050007,1.2973947106920525,-0.212506696
Aristida,Poaceae,Poales,-0.18384477,0,0.517857143,0,0.074314214,1,1,0.976178571,0,2,0.133073397,-0.30985634,-0.007808122
Aristolochia,Aristolochiaceae,Piperales,-0.18384477,0,1,0.238095238,0,1,1,0.5,1,2.636363636,0.5155993947050002,-0.535356546,0.010888912834438118
Armeria,Plumbaginaceae,Caryophyllales,-0.145222214,0.133333333,1,0.288888889,0.001196172,0.30640812,1,1,1,2.7546251351950013,0.6025820641350002,-0.006044532,-1.590640909
Armoracia,Brassicaceae,Brassicales,-0.18384477,0,1,0,0.00485306,0.683274281,1,0,1,3.095785756,0.332317256,-0.417656924,0.058610478
Arnica,Asteraceae,Asterales,-0.173729338,0.027777778,0.945945946,0,0.00210989,0,1,0.5,1,3.546083333,0.9144912499999996,0.6246928441309866,0.8165354725186399
Aronia,Rosaceae,Rosales,2.4714559066768476,0.625,1,1,0.001060071,0.01,1,1,1,2.2462680374899997,0.9153210416600004,-0.413621508,0.086014804
Arrhenatherum,Poaceae,Poales,1.9403957710572715,0.333333333,1,0,0.074314214,0.3733333333500001,1,0.5,0,2.120005633269999,0.704,0.27441685334639493,0.39405398352210375
Artemisia,Asteraceae,Asterales,-0.179743919,0.047297297,0.896296296,0.286666667,0.00210989,0,1,0.794117647,0.075,2.3230641814999995,0.8708022916249988,0.041240012,0.4868918981974589
Arthrocnemum,Amaranthaceae,Caryophyllales,-0.18384477,0,1,1,0.041463415,0.025227273,0.9984375,0.7520476190200001,0,1.7373218238799994,0.9534690259849996,-0.398647522,-1.054842957
Arthropodium,Asparagaceae,Asparagales,-0.18384477,0,1,0,0,0,1,0.503779762,1,3.13883059,0.9443758333299992,-0.256240299,-0.063375636
Arum,Araceae,Alismatales,0.17019532064892345,0.222222222,1,0,0.000248447,0.7792307692749999,1,0.5,1,2.1861826506600006,0.5589322820600008,0.797195337,-0.127798382
Arundinaria,Poaceae,Poales,-0.18384477,0,1,0,0.074314214,0.255,0.9984375,0.247008929,0,1.929752525,0.8467577500150008,0.030154827845963714,-1.554184315
Arundo,Poaceae,Poales,-0.18384477,0,1,0,0.074314214,0.238333333,0.99875,0.49672619,0,1.955824495,0.8706330682100003,-0.209160451,-0.915112911
Asarum,Aristolochiaceae,Piperales,-0.18384477,0,1,0,0,0.910801282,1,0.5,1,2,0.559900064,0.2730717148094513,-0.351541058
Asclepias,Apocynaceae,Gentianales,-0.181485376,0.013513514,0.986486486,0.027027027,0.000658617,0,1,0.5,1,3.1741587904049986,0.981,-0.529303422,0.099154271
Asparagus,Asparagaceae,Asparagales,-0.18384477,0,1,0,0,0,1,0.5,1,3.197225694455001,0.9487254166599998,-0.312567976,-0.398897022
Asperula,Rubiaceae,Gentianales,-0.179811401,0.025,0.975,0.0125,0.0006,0.8552991453199997,1,0.875,1,2.029567599,0.5873016245500005,0.05809448,0.36436375774627294
Asphodeline,Xanthorrhoeaceae,Asparagales,-0.18384477,0,1,0,0,0.7494551282099999,1,0.664755952,1,1.733610164,0.5780978333399995,0.011442269373908484,-1.590640909
Asphodelus,Xanthorrhoeaceae,Asparagales,1.9403957710572715,0.5,0.9,0,0,0.262532051,0.992627494,0.7632377391499999,1,3.0235827048650004,0.5027120834199997,-0.117018461,-1.25746756
Aspidotis,Pteridaceae,Monilophyta,6.188876852827524,0.5,1,0,0,0.4888461538699999,0.983939394,0.6371242706299999,0.8345833333250002,2.7563852739600008,0.4658418535400002,4.2056695856592246,-0.554145751
Asplenium,Aspleniaceae,Monilophyta,-0.142540092,0.259259259,1,0,0,0.5987179487500002,1,1,1,1.083333333,0.5203027069950006,0.26187541465012776,-0.40978205
Astelia,Asteliaceae,Asparagales,-0.18384477,0,1,0,0,0.8127326146499998,0.99,0.3036697722149998,0.6989027034049999,4,0.1672048214399997,-0.414966647,1.007481239856963
Aster,Asteraceae,Asterales,-0.174019242,0.11409396,0.944444444,0.039473684,0.00210989,0,1,0.5,1,4,0.8590541666649998,0.3794990075086355,0.38655307708167785
Asteriscus,Asteraceae,Asterales,-0.18384477,0,0.5,0,0.00210989,0,0.999545455,0.850329762,1,3.515693452394999,0.7877725000000007,-0.470117327,-1.590640909
Asterolasia,Rutaceae,Sapindales,-0.18384477,0,1,1,0.001652893,0.30625,0.989174078,0.8710581501899999,0.998402778,4.061858795,0.4641046153949998,-0.481468027,-0.996217621
Astilbe,Saxifragaceae,Saxifragales,6.188876852827524,0.5,1,0,0,0.4888461538699999,0.983939394,0.6371242706299999,0.8345833333250002,2.7563852739600008,0.4658418535400002,4.2056695856592246,-0.554145751
Astragalus,Fabaceae,Fabales,-0.18384477,0,0.88863109,0,0.096494845,0.8830931657399997,1,0.85,1,2.8,0.3536787564250001,-0.469444758,-0.33320137
Astrantia,Apiaceae,Apiales,-0.18384477,0,1,0,0.003968254,0,1,0.5,1,3.331143528,0.8806483333299994,0.21709060371359168,0.085820437
Astrodaucus,Apiaceae,Apiales,-0.18384477,0,0.4799538403150001,0,0.003968254,0.5126161616700001,1,0.99625,1,4,0.2089382500250003,0.092150582,-1.368206211
Astroloma,Ericaceae,Ericales,-0.18384477,0,1,1,0,0,1,0.5,1,1.9852941180000083,0.9670000000000036,-0.36845952,0.6176545817132467
Astrotricha,Araliaceae,Apiales,-0.18384477,0,1,1,0,0,1,0.5,1,1.9852941180000083,0.9670000000000036,-0.36845952,0.6176545817132467
Asyneuma,Campanulaceae,Asterales,-0.18384477,0,1,0,0,0,0,0.5,1,0.8665000000000014,0.0814,0.38270050557036356,-0.242827853
Athamanta,Apiaceae,Apiales,-0.18384477,0,1,0,0.003968254,0.005,1,1,1,2.993026979,0.8947904166599998,-0.420347201,0.3053470378379852
Atractylis,Asteraceae,Asterales,-0.18384477,0,0.75,0,0.00210989,0,0.994545455,0.6433794773300002,1,1.6067589717599997,0.7215613333349994,-0.049088965,0.13311239651412243
Atraphaxis,Polygonaceae,Caryophyllales,-0.18384477,0,1,1,0.002727273,0.408333333,1,0.950096383,0.989375,3,0.5412517628300002,-0.421040686,-0.558467849
Atriplex,Amaranthaceae,Caryophyllales,-0.17371594,0.119205298,0.369281046,0.232026144,0.041463415,0.096333978,1,0.96875,0.086956522,4,0.5357334426550002,-0.428019473,1.7419996394712427
Atropa,Solanaceae,Solanales,-0.18384477,0,1,0,0.089837398,0.3709701764350001,1,1,1,1.44171654,0.4550382500350002,-0.323497226,0.7429251356516309
Aubrieta,Brassicaceae,Brassicales,0.6658514465899229,0.333333333,1,0,0.00485306,0.215021368,1,0.4482663688899996,0.945000233,3.006441939,0.4754750298699992,-0.529303422,-0.374241708
Aureolaria,Orobanchaceae,Lamiales,-0.18384477,0,0.8638420776600008,0,0,0.035,0.993536585,0.5580257389250001,0.986339286,1.666439665,0.7111944166649993,0.6504108285889104,0.3526158865551606
Australopyrum,Poaceae,Poales,-0.18384477,0,1,0,0.074314214,0.25,0.9984375,0.253726478,0,1.862030303,0.8461855530400009,0.18362000210269755,-1.590640909
Austrofestuca,Poaceae,Poales,-0.18384477,0,1,0,0.074314214,0.247,0.996875,0.478190476,0,1.99957702,0.8711498333550004,-0.086752844,-0.66616919
Avena,Poaceae,Poales,-0.145570165,0.108108108,0,0,0.074314214,0.8168794326300001,1,1,0,1.1018401548049994,0.028333333,0.613765414,0.4913192935367813
Avenula,Poaceae,Poales,-0.141359959,0.08,1,0,0.074314214,0.306666667,1,0.1818840245749999,0.00625,2.01762013,0.796755833,0.12679471469814935,-1.285731345
Azolla,Salviniaceae,Monilophyta,-0.18384477,0,0.666666667,0,0,0.943205128,1,0.5,0.992222222,1.7645003246800004,0.5418339432400002,-0.482223574,0.26613391374043277
Baccharis,Asteraceae,Asterales,-0.18384477,0,1,0.833333333,0.00210989,0,0.999772727,0.611566931,1,1.928571429,0.887419542,-0.052148055,0.052419202586688786
Bacopa,Plantaginaceae,Lamiales,-0.18384477,0,0.666666667,0,0.005925926,1,1,0.7406235590850002,0.991,0.5821934523850001,0.552206628,-0.424382617,0.9808142075694103
Baeckea,Myrtaceae,Myrtales,-0.18384477,0,1,1,0.003243243,0.303125,0.992172266,0.855896291,1,3.9805357142900006,0.4932541987249999,-0.488702645,-1.065323697
Bahia,Asteraceae,Asterales,-0.18384477,0,0.75,0,0.00210989,0,0.994545455,0.6433794773300002,1,1.6067589717599997,0.7215613333349994,-0.049088965,0.13311239651412243
Baileya,Asteraceae,Asterales,-0.18384477,0,0.2,0,0.00210989,0.6797553419000001,0.9975,0.8031269841249995,0.931765873,2.1545942134150007,0.4482391034900005,0.3988421680136841,0.2841874944295356
Baldellia,Alismataceae,Alismatales,-0.18384477,0,1,0,0,0,1,0.5,1,3.176555322,0.9457887499949994,-0.197054204,-0.262819669
Ballota,Lamiaceae,Lamiales,-0.18384477,0,1,0.142857143,0.004320557,0.786875,1,1,1,1.898637805,0.602220443,0.12866196623741752,0.2727840577966784
Balsamorhiza,Asteraceae,Asterales,0.2796258939508336,0.363636364,1,0,0.00210989,0.358755342,0.991818182,0.685447208,0.7422333333300002,2.493067386205001,0.5230709487499999,1.298483820660638,-0.098576666
Banksia,Proteaceae,Proteales,0.11961816489383825,0.142857143,1,1,0.000625,0,1,0.7045939915750001,0.9791611110799998,2.449781125480001,0.8945,-0.471462465,0.32859315256034727
Baptisia,Fabaceae,Fabales,0.2410033386678065,0.166666667,1,0,0.096494845,0.960106383,0.969807692,0.914579809,0.989375,3.302574433,0.4120560806049998,0.6267218968731596,1.0365104804653964
Barbarea,Brassicaceae,Brassicales,-0.18384477,0,0.36,0,0.00485306,0.4921805555950002,1,1,1,3.967222222,0.2261127381300001,-0.500628208,-1.385789079
Bartonia,Gentianaceae,Gentianales,-0.18384477,0,0,0,0,0,0.98875,0.996166667,1,1.906504913199999,0.6995553333350021,-0.397644213,0.891297665
Bartsia,Orobanchaceae,Lamiales,-0.18384477,0,1,0,0,1,1,0.5,1,2,0.5949925000050007,0.036694222447615346,0.2963374499528951
Bassia,Amaranthaceae,Caryophyllales,0.043752431,0.125,0.125,0.166666667,0.041463415,0.043868038,1,1,0.333333333,2.0264893467749987,0.3267250000699996,-0.435143725,0.32429216411010087
Bauera,Cunoniaceae,Oxalidales,-0.18384477,0,1,1,0,0,1,0.5,1,1.9852941180000083,0.9670000000000036,-0.36845952,0.6176545817132467
Baumea,Cyperaceae,Poales,-0.18384477,0,1,0,0.00045977,0.682019231,1,0.374607143,0,2.175480769240001,0.127935167,-0.419475402,0.6207484950398564
Beckmannia,Poaceae,Poales,-0.18384477,0,0.333333333,0,0.074314214,0.942606383,1,1,0,2.476837121,0.095798397,-0.203316153,0.4921935568218647
Begonia,Begoniaceae,Cucurbitales,-0.18384477,0,1,0,0,1,0.92252443,0.316131488,1,2.24,0.04,-0.509731657,1.1406272985661388
Bellevalia,Asparagaceae,Asparagales,-0.18384477,0,1,0,0,0.688857323,0.876363636,0.6167578070149999,0.588657862,1.477400735,0.2181323333699998,1.5017522962158123,2.390510344646931
Bellis,Asteraceae,Asterales,-0.18384477,0,0.857142857,0,0.00210989,0,1,0.5,1,3.694756653,0.9060662500000012,-0.356228931,-0.632894114
Bellium,Asteraceae,Asterales,-0.18384477,0,0.5,0,0.00210989,0,1,0.947713889,1,3.3736945922149992,0.9144650000000002,-0.38402846,-0.228203184
Berberis,Berberidaceae,Ranunculales,-0.160755198,0.041666667,1,1,0,0,1,0.833333333,1,1.941176471,0.9222693750000006,-0.397267456,0.9862623232291726
Bergia,Elatinaceae,Malpighiales,-0.18384477,0,0,0,0,0,0.98875,0.996166667,1,1.906504913199999,0.6995553333350021,-0.397644213,0.891297665
Berlandiera,Asteraceae,Asterales,-0.18384477,0,1,0,0.00210989,0,1,0.5233750000000001,1,3.2945950335699994,0.9172816666650004,-0.096785013,-0.090371872
Berteroa,Brassicaceae,Brassicales,-0.18384477,0,0.3,0,0.00485306,0.4959305555950001,1,1,1,3.986085859,0.2126964881300001,-0.490294405,-1.323247141
Bertya,Euphorbiaceae,Malpighiales,-0.18384477,0,1,1,0.01239531,0,0.998557692,0.662405112,0.758953446,1.8022929723750003,0.8815447797499999,-0.157618513,0.1513167761521461
Besseya,Plantaginaceae,Lamiales,-0.18384477,0,1,0,0.005925926,0.4487174941800003,0.998333333,0.9149553570950008,1,3.922145833,0.3238377381250006,-0.404205539,-1.113676412
Beta,Amaranthaceae,Caryophyllales,-0.18384477,0,0.5,0,0.041463415,0.1758295454499999,1,1,0.5,1.8138200437149987,0.5755287500150005,-0.448210785,-1.590640909
Betula,Betulaceae,Fagales,-0.01525425,0.357142857,1,1,0.054545455,0.190598807,1,0.8,0,2.846153846,0.995,-0.498589426,0.6709427950980152
Beyeria,Euphorbiaceae,Malpighiales,-0.18384477,0,1,1,0.01239531,0,0.998557692,0.662405112,0.758953446,1.8022929723750003,0.8815447797499999,-0.157618513,0.1513167761521461
Biarum,Araceae,Alismatales,-0.18384477,0,1,0,0.000248447,0.702232906,1,0.6420119047899999,0.992336957,1.8059239267550005,0.5589548333500001,-0.139213247,-1.45771027
Bidens,Asteraceae,Asterales,-0.16316083,0.126582278,0.327868852,0.012658228,0.00210989,0,1,1,1,2.555555556,0.59125,-0.292110661,0.743757853
Bifora,Apiaceae,Apiales,-0.18384477,0,0,0,0.003968254,0.5140744950000001,1,1,1,3.9675,0.1207570000199998,-0.240322827,-1.590640909
Bilderdykia,Polygonaceae,Caryophyllales,-0.18384477,0,0.333333333,0.333333333,0.002727273,0.182125,0.99375,0.964624562,0.9519226190499996,2.6817904179450007,0.6293878333400003,-0.296424851,0.4671646356527173
Billardiera,Pittosporaceae,Apiales,-0.18384477,0,1,0.5,0.005,0.630641026,0.998655303,0.7968750000199998,0.977934524,1.2459699612700006,0.5719064569699995,-0.301475467,1.543976362786588
Biscutella,Brassicaceae,Brassicales,-0.18384477,0,0.871794872,0.1923254110399999,0.00485306,0.5455138889000001,1,1,1,4,0.3740110485550003,-0.41227637,1.2027250592803125
Bistorta,Polygonaceae,Caryophyllales,-0.18384477,0,1,0,0.002727273,0,1,0.7548251713550002,0.9967083333299998,3.045262284119999,0.87372,-0.307537145,-0.057263606
Blechnum,Blechnaceae,Monilophyta,-0.18384477,0,1,0,0,0.943141026,1,1,1,2.25,0.5559464102600008,0.896150388,0.35225839146923205
Blennosperma,Asteraceae,Asterales,-0.18384477,0,0,0,0.00210989,0.540991162,1,1,0.995,3.945070455,0.034175,-0.055425688,-0.8898522
Blephilia,Lamiaceae,Lamiales,-0.18384477,0,1,0,0.004320557,0.913135684,1,0.588825893,1,1.6814912482749995,0.5638417829750005,-0.268688961,0.29103051119803647
Bloomeria,Asparagaceae,Asparagales,-0.18384477,0,1,0,0,0,0,0.5,1,0.8665000000000014,0.0814,0.38270050557036356,-0.242827853
Blumea,Asteraceae,Asterales,-0.18384477,0,0.6175211105399999,0,0.00210989,0,1,0.8845313491800008,0.979181818,3.072217803,0.8878100000000001,-0.288673115,0.6525082589446305
Blysmus,Cyperaceae,Poales,-0.18384477,0,1,0,0.00045977,0.6703525641350001,1,0.5,0,2.1417307692400005,0.128532,-0.366173357,0.7237042455435112
Bobea,Rubiaceae,Gentianales,0.8782755010926624,0.25,1,1,0.0006,0,0.997730978,0.7493230056550001,0.952638889,2.5,0.8844718749999988,-0.381250626,0.4473197029576171
Boechera,Brassicaceae,Brassicales,-0.149766044,0.088235294,0.847222222,0,0.00485306,0.140685897,0.998882576,0.7011266246550002,0.8987738095099996,2.915602508274999,0.6882094047750001,-0.553515916,-1.590640909
Boerhavia,Nyctaginaceae,Caryophyllales,-0.18384477,0,0.461538462,0,0.005063291,0,1,0.7361151695599999,1,1.3807323193799983,0.691271333,-0.404524446,-0.151739322
Bolanthus,Caryophyllaceae,Caryophyllales,-0.18384477,0,1,0,0.001818182,0,1,0.8792686688299998,0.975939394,3.172054711,0.9032799999999988,-0.491639543,0.3118250959470437
Bombycilaena,Asteraceae,Asterales,-0.18384477,0,0,0,0.00210989,0,0.9925,0.9995,1,1.999771374,0.6946749166850015,-0.402071892,0.8678231122982476
Borago,Boraginaceae,Boraginales,-0.18384477,0,0.5,0,0.001824818,0,1,1,1,3.0228563561050006,0.915,-0.350399997,0.8285166392025232
Borderea,Dioscoreaceae,Dioscoreales,-0.18384477,0,1,0,0.009195402,0.161166667,0.989189977,0.8081806281000002,0.7055952380949999,2.428932627,0.6516116894000007,2.051366280153477,-0.082221817
Bornmuellera,Brassicaceae,Brassicales,-0.18384477,0,1,0,0.00485306,0.6534305557300003,0.99752443,0.1577499999949999,0.910667373,3.342446429,0.2295636831599999,-0.439179141,0.2911138304893618
Boronia,Rutaceae,Sapindales,-0.18384477,0,1,1,0.001652893,0.30625,0.989174078,0.8710581501899999,0.998402778,4.061858795,0.4641046153949998,-0.481468027,-0.996217621
Boschniakia,Orobanchaceae,Lamiales,-0.18384477,0,1,0,0,0,0,0.5,1,0.8665000000000014,0.0814,0.38270050557036356,-0.242827853
Bossiaea,Fabaceae,Fabales,-0.18384477,0,1,1,0.096494845,1,1,1,1,1.5446760911150017,0.6807733333349987,-0.447249972,-1.24694488
Bothriochloa,Poaceae,Poales,-0.18384477,0,1,0,0.074314214,0.665,0,0.5,0,3,0.1658452380999997,0.9020664458647898,-0.127381148
Botrychium,Ophioglossaceae,Monilophyta,-0.18384477,0,1,0,0,0.015,1,1,0.997386364,2.9149457571700004,0.9145164999849986,0.5315625037036303,0.6486725598731657
Bouteloua,Poaceae,Poales,-0.165688867,0.037037037,0.796296296,0,0.074314214,0.6875656565700001,0.996944444,0.5470210205200001,0.201015258,2.116351221065001,0.28375831,-0.085918783,0.5683299454686663
Boykinia,Saxifragaceae,Saxifragales,-0.18384477,0,1,0,0,0,0,0.5,1,0.8665000000000014,0.0814,0.38270050557036356,-0.242827853
Brachiaria,Poaceae,Poales,-0.18384477,0,0,0,0.074314214,0.901106383,1,1,0,2.165700758,0.062587564,-0.003690539,0.46823642561631446
Brachyactis,Asteraceae,Asterales,-0.18384477,0,0.6175211105399999,0,0.00210989,0,1,0.8845313491800008,0.979181818,3.072217803,0.8878100000000001,-0.288673115,0.6525082589446305
Brachyelytrum,Poaceae,Poales,-0.18384477,0,1,0,0.074314214,0.255,0.9984375,0.247008929,0,1.929752525,0.8467577500150008,0.030154827845963714,-1.554184315
Brachyglottis,Asteraceae,Asterales,6.188876852827524,0.5,1,1,0.00210989,0,0.988125,0.8032045371450001,0.549509848,1.875,0.8398959155700009,2.871705050100399,-0.392099478
Brachyloma,Ericaceae,Ericales,-0.18384477,0,1,1,0,0,1,0.5,1,1.9852941180000083,0.9670000000000036,-0.36845952,0.6176545817132467
Brachypodium,Poaceae,Poales,-0.042228733,0.1,0.7,0,0.074314214,0.6522057729499999,1,0.5,0,1.6140522533599997,0.2338267143250003,-0.508827425,0.4578795549088474
Brachyscome,Asteraceae,Asterales,-0.18384477,0,0.735294118,0,0.00210989,0.02,0.995,0.6139268400500002,0.956595238,1.509542066659999,0.7205978333299994,0.026713087163168444,0.39863660352824104
Bracteantha,Asteraceae,Asterales,-0.18384477,0,0.6,0,0.00210989,0,1,0.8566469576550003,0.9183939393649996,3.039312943,0.8998975000000005,-0.252479946,0.7195336477189969
Brassica,Brassicaceae,Brassicales,-0.175568508,0.035714286,0.259259259,0.06779661,0.00485306,0,1,1,1,2.6033558728800004,0.37,-0.461353545,0.4805958552845481
Braya,Brassicaceae,Brassicales,-0.18384477,0,1,0,0.00485306,0.6898247864849998,0.999090909,0.024727273,0.99125,3.241047661,0.316670994,-0.444559695,0.24548792359022786
Brickellia,Asteraceae,Asterales,-0.160755198,0.041666667,1,0.8125,0.00210989,0.005,1,0.637124973,1,2.060391774469997,0.8791758749800006,-0.150021673,0.3870776735258806
Brighamia,Campanulaceae,Asterales,-0.18384477,0,1,1,0,0.3899583333450001,0.983922101,0.8599498626300003,0.999791667,4,0.4646666987300004,-0.444559695,-0.460826155
Brimeura,Asparagaceae,Asparagales,-0.18384477,0,1,0,0,0.7692234848799999,0.899532006,0.4154620951649997,0.8058121097150002,4,0.1602716666749997,0.54411713,1.2437935228843615
Briza,Poaceae,Poales,-0.18384477,0,0.1875,0,0.074314214,0.892647754,1,0.75,0,1.439485963,0.092424167,0.34971970146724385,-0.235845527
Brodiaea,Asparagaceae,Asparagales,-0.113814862,0.071428571,1,0,0,0.8796901710200015,1,0.3589583332949999,1,3.0704765652350017,0.5378457829900003,1.8895523001076129,0.435974707
Bromopsis,Poaceae,Poales,-0.18384477,0,1,0,0.074314214,0.255,0.9984375,0.247008929,0,1.929752525,0.8467577500150008,0.030154827845963714,-1.554184315
Bromus,Poaceae,Poales,-0.181822325,0.02173913,0.317391304,0,0.074314214,0.8714716312199999,1,0.880952381,0,1.2028564073399992,0.0185,0.5427896906650115,0.23107901015857366
Bryonia,Cucurbitaceae,Cucurbitales,-0.18384477,0,1,0,0.024852071,0.06780303,0.75,1,1,1.9861942155199996,0.4236937500000002,-0.295518345,-0.191254189
Buddleja,Scrophulariaceae,Lamiales,-0.113814862,0.071428571,1,1,0.001764706,0,1,1,1,2.6,0.93,-0.418105303,-0.037153018
Bufonia,Caryophyllaceae,Caryophyllales,-0.18384477,0,0.714285714,0,0.001818182,0.005,0.999772727,0.7010455216650002,1,1.4113291396849983,0.7404758333299997,-0.248943421,0.033859768
Buglossoides,Boraginaceae,Boraginales,-0.18384477,0,0.428571429,0,0.001824818,0,1,0.5,1,3.073962669225001,0.8828837500000019,-0.337820359,0.470623831
Bulbine,Xanthorrhoeaceae,Asparagales,-0.18384477,0,0.666666667,0,0,0,0.98815197,0.6775597084550001,1,0,0.6965164999999994,1.6213661539121214,0.31950892331155967
Bulbocodium,Colchicaceae,Liliales,-0.18384477,0,1,0,0,0,0,0.5,1,0.8665000000000014,0.0814,0.38270050557036356,-0.242827853
Bulbostylis,Cyperaceae,Poales,-0.18384477,0,1,0,0.00045977,0.682019231,1,0.374607143,0,2.175480769240001,0.127935167,-0.419475402,0.6207484950398564
Bunias,Brassicaceae,Brassicales,-0.18384477,0,0.166666667,0,0.00485306,0.5303244950050002,1,0.75,1,3.8395238095300006,0.2062053214350001,-0.264311131,-0.962736065
Bunium,Apiaceae,Apiales,-0.18384477,0,1,0,0.003968254,0.005,1,1,1,2.993026979,0.8947904166599998,-0.420347201,0.3053470378379852
Buphthalmum,Asteraceae,Asterales,-0.18384477,0,1,0,0.00210989,0.631047009,1,0.5,1,1.250559659,0.5062919249400003,-0.256240299,-1.590640909
Bupleurum,Apiaceae,Apiales,-0.18384477,0,0.414893617,0.14893617,0.003968254,0.5173475446300001,1,0.857142857,1,4,0.2920875952550003,-0.250635556,0.33609080780637324
Bursaria,Pittosporaceae,Apiales,-0.18384477,0,1,1,0.005,0.434166667,0.999791667,0.9441666666600002,0.991125,3.369129464,0.5016672628250005,-0.400422733,-0.219997074
Buxus,Buxaceae,Buxales,-0.18384477,0,1,1,0,0.02,1,1,1,2,0.9140200000000008,-0.435816294,0.5997922553189575
Cacalia,Asteraceae,Asterales,-0.18384477,0,1,0,0.00210989,0,1,0.5233750000000001,1,3.2945950335699994,0.9172816666650004,-0.096785013,-0.090371872
Cachrys,Apiaceae,Apiales,-0.18384477,0,1,0,0.003968254,0.7852831196800001,1,0.6261130952449999,1,1.908856061,0.5829839166700002,-0.109887934,-0.358759984
Caesalpinia,Fabaceae,Fabales,-0.18384477,0,1,0.8,0.096494845,1,1,0.9682419093750004,1,1.833333333,0.6692732211549983,-0.377302768,0.653844654
Caesia,Xanthorrhoeaceae,Asparagales,-0.18384477,0,1,0,0,0,0,0.5,1,0.8665000000000014,0.0814,0.38270050557036356,-0.242827853
Cakile,Brassicaceae,Brassicales,-0.18384477,0,0,0,0.00485306,0.5086388889250002,1,1,1,3.993863636,0.1970909881250001,-0.494329821,-1.352197392
Caladenia,Orchidaceae,Asparagales,-0.149147556,0.155172414,1,0,0,0.783376068,1,0.4295409035349999,0.997986111,2.900715243,0.5134545284200003,1.0127869549026487,0.8648488517486503
Calamagrostis,Poaceae,Poales,-0.09835704,0.268292683,1,0,0.074314214,0.255333333,0.9375,0.5,0,2,0.929,0.18681470612793885,-0.075379046
Calamintha,Lamiaceae,Lamiales,-0.18384477,0,1,0,0.004320557,0.913135684,1,0.588825893,1,1.6814912482749995,0.5638417829750005,-0.268688961,0.29103051119803647
Calamovilfa,Poaceae,Poales,-0.18384477,0,1,0,0.074314214,0.255,0.9984375,0.247008929,0,1.929752525,0.8467577500150008,0.030154827845963714,-1.554184315
Calandrinia,Montiaceae,Caryophyllales,-0.18384477,0,0.05,0,0,0.8893108974499999,0.9975,0.8495277777349999,1,1,0.4688098333350001,-0.441869418,0.4565450041323888
Caleana,Orchidaceae,Asparagales,-0.18384477,0,1,0,0,0,0,0.5,1,0.8665000000000014,0.0814,0.38270050557036356,-0.242827853
Calendula,Asteraceae,Asterales,-0.067977104,0.090909091,0.181818182,0,0.00210989,0.279557692,1,1,1,4,0.4876604167050001,-0.346310458,-1.121013225
Calicotome,Fabaceae,Fabales,-0.18384477,0,1,1,0.096494845,1,1,1,1,1.5446760911150017,0.6807733333349987,-0.447249972,-1.24694488
Callianthemum,Ranunculaceae,Ranunculales,-0.18384477,0,1,0,0,0,0,0.5,1,0.8665000000000014,0.0814,0.38270050557036356,-0.242827853
Callirhoe,Malvaceae,Malvales,-0.18384477,0,0.8,0,0.006153846,0.906477273,1,0.689310163,0.98175,0.5660312500150001,0.5028798663049998,-0.43183125,1.1111052066058953
Callistemon,Myrtaceae,Myrtales,-0.18384477,0,1,1,0.003243243,0,1,0.6524788329900001,0.9613166666650002,2.4114993421900026,0.9238248749999992,-0.431108309,0.21911444689305606
Callitriche,Plantaginaceae,Lamiales,-0.18384477,0,0.196428571,0,0.005925926,0.687347222,1,0.444444444,0,0,0.1558933809650001,-0.276624322,1.6221526142773204
Callitris,Cupressaceae,Pinophyta,-0.18384477,0,1,1,0.007142857,0.02325,0.99625,0.795416667,0,0.933333333,0.9389918938950004,0.7189851398062763,-1.019317305
Calocephalus,Asteraceae,Asterales,-0.18384477,0,0.666666667,0,0.00210989,0.4925883838800001,0.999791667,0.944288004,1,3.9665625,0.1822356666949998,-0.029586134,-1.338235467
Calochilus,Orchidaceae,Asparagales,-0.18384477,0,1,0,0,0,0,0.5,1,0.8665000000000014,0.0814,0.38270050557036356,-0.242827853
Calochortus,Liliaceae,Liliales,-0.175261979,0.036363636,1,0,0,0.869294872,1,0.695165598,0.9942499999950002,2.2062745483450006,0.5543174816900005,0.13384987623578193,0.16608556441043168
Calotis,Asteraceae,Asterales,-0.18384477,0,0.833333333,0,0.00210989,0.015,0.998536585,0.567173242,1,1.6315169513899996,0.7301485416599989,0.040160475,0.24598327405031908
Calycadenia,Asteraceae,Asterales,-0.18384477,0,0,0,0.00210989,0.4871717172050001,1,1,1,3.9925,0.1100287381249998,-0.386718738,-1.31506391
Calycoseris,Asteraceae,Asterales,-0.18384477,0,0,0,0.00210989,0.540991162,1,1,0.995,3.945070455,0.034175,-0.055425688,-0.8898522
Calylophus,Onagraceae,Myrtales,-0.18384477,0,1,0,0.001538462,0.008888889,1,0.5879189560550004,0.8517380952150003,2.3420981241450005,0.8119294997500006,0.11610893799027754,0.086023756
Calyptridium,Montiaceae,Caryophyllales,-0.10214321,0.076923077,0.307692308,0,0,0.7351442308300009,0.99875,0.7888791486099997,0.964727273,2.3001471022899995,0.475831593,-0.01864472,0.489887677
Calystegia,Convolvulaceae,Solanales,-0.108871574,0.2,1,0.057142857,0.044375,0.1192919579949999,1,0.5,1,1.4229905577150002,0.5542647440600004,-0.478188158,0.12649068539566702
Calytrix,Myrtaceae,Myrtales,-0.18384477,0,1,1,0.003243243,0.303125,0.992172266,0.855896291,1,3.9805357142900006,0.4932541987249999,-0.488702645,-1.065323697
Camassia,Asparagaceae,Asparagales,-0.18384477,0,1,0,0,0.7591880341950001,1,0.631069941,0.995,1.8025962752350009,0.5668770641149996,-0.239426068,-1.275519594
Camelina,Brassicaceae,Brassicales,-0.18384477,0,0,0,0.00485306,0.5073888889250001,1,1,1,4,0.203330393,-0.50374579,-1.35941345
Camissonia,Onagraceae,Myrtales,-0.139280283,0.227272727,0.112676056,0.007042254,0.001538462,0.053333333,0.9975,0.952744949,0.915947619,2.31885125,0.6583086668650009,-0.291156309,0.5695119509155727
Campanula,Campanulaceae,Asterales,-0.183489842,0.005263158,0.707100592,0,0,0.025,1,0.80952381,1,0,0.7125,-0.322824657,0.028903907
Camphorosma,Amaranthaceae,Caryophyllales,-0.18384477,0,0.5,0.5,0.041463415,0.094825758,0.9916588438799998,0.8779743055849996,0,2.6436538462099985,0.6268964621150013,-0.317094906,0.24954983084511947
Canavalia,Fabaceae,Fabales,0.043752431,0.125,1,0,0.096494845,1,0.979166667,0.933487676,1,4,0.4435259936049996,0.4346411001669752,1.1830955101137561
Capsella,Brassicaceae,Brassicales,0.11961816489383825,0.142857143,0.357142857,0,0.00485306,0.095166667,1,1,1,2.798672675,0.046666667,-0.525492197,0.44744926276968766
Caragana,Fabaceae,Fabales,-0.18384477,0,1,1,0.096494845,0.98,1,1,1,1.492545138715002,0.6646446153849989,-0.370577075,-0.80537451
Caralluma,Apocynaceae,Gentianales,-0.18384477,0,1,0,0.000658617,0,1,0.7483043727200002,0.9212803030049996,2.7155808004950006,0.9132912499749994,-0.056077662,0.4601616667000339
Cardamine,Brassicaceae,Brassicales,-0.173188044,0.076086957,0.673469388,0,0.00485306,0.5782478632650001,1,0.615384615,1,2,0.5356408068200006,-0.474931507,1.2353441933125797
Cardaminopsis,Brassicaceae,Brassicales,-0.18384477,0,0.9,0,0.00485306,0.8162083333399999,1,0.7910833334850004,1,1.6607809827400004,0.609919481,-0.253674589,0.5307973926468066
Cardaria,Brassicaceae,Brassicales,0.043752431,0.125,1,0,0.00485306,0.399740385,0.998690268,0.6097291667000001,0.952468254,2.9915737575550008,0.5449482976599995,-0.16937003,0.23783011461233913
Cardiospermum,Sapindaceae,Sapindales,-0.18384477,0,0.75,0,0.001265823,0,0.994318182,0.6487517859700003,1,1.4396759089699986,0.7159590833349995,-0.141879138,0.082917526
Carduncellus,Asteraceae,Asterales,-0.18384477,0,1,0,0.00210989,0,1,0.5233750000000001,1,3.2945950335699994,0.9172816666650004,-0.096785013,-0.090371872
Carduus,Asteraceae,Asterales,-0.153206685,0.153846154,0.330769231,0,0.00210989,0,1,0.8,1,2.515227055890001,0.806,-0.010079947,0.9176048797175298
Carex,Cyperaceae,Poales,-0.182276588,0.104582844,1,0,0.00045977,0.423856838,1,0.5,0.008474576,2.416666667,0.17,-0.529395136,1.0267801935204026
Carlina,Asteraceae,Asterales,-0.18384477,0,0.653846154,0,0.00210989,0,1,0.75,1,3.6006884920749997,0.9047900000000016,-0.00389231,-0.633019096
Carpesium,Asteraceae,Asterales,-0.18384477,0,0.5,0,0.00210989,0,1,1,1,3.024201053,0.90835,-0.345415398,0.8363894406000306
Carpha,Cyperaceae,Poales,-0.18384477,0,1,0,0.00045977,0.682019231,1,0.374607143,0,2.175480769240001,0.127935167,-0.419475402,0.6207484950398564
Carpinus,Betulaceae,Fagales,-0.18384477,0,1,1,0.054545455,0.4540006447450001,1,1,0,4,0.6140214848800007,-0.447249972,0.5568203486015683
Carpobrotus,Aizoaceae,Caryophyllales,-0.020441651,0.153846154,1,0.384615385,0.000990099,0,0.9986363636499996,0.698283317,1,2.4922718601150016,0.8396702500099994,-0.166337738,0.5265522462803557
Carthamus,Asteraceae,Asterales,-0.077632742,0.125,0.058823529,0,0.00210989,0.064519231,1,1,1,2.242556720855001,0.6295740001650004,-0.34865923,0.9395720245869533
Carum,Apiaceae,Apiales,-0.18384477,0,0.785714286,0,0.003968254,0.5140050505650001,1,1,1,4,0.2407220320850004,0.05717698,-1.350837969
Carya,Juglandaceae,Fagales,0.058925578038717716,0.266666667,1,1,0,0,0.997730978,0.5043027063549994,0.9541220813199998,2.375043186,0.8865039285749978,-0.474152742,0.4433204050845725
Cassia,Fabaceae,Fabales,-0.18384477,0,0.5,0,0.096494845,1,0.997083333,0.966321429,1,2.5,0.4119432436049998,-0.454424044,-1.456752483
Cassinia,Asteraceae,Asterales,1.0906995549581298,0.5,1,1,0.00210989,0.015,0.995416667,0.7621499512100003,0.959777419,2.155897309,0.8977783333299999,-0.376886794,0.6137258818809926
Cassiope,Ericaceae,Ericales,-0.18384477,0,1,1,0,0.02,1,1,1,2,0.9140200000000008,-0.435816294,0.5997922553189523
Cassytha,Lauraceae,Laurales,-0.18384477,0,1,0,0.0004,0,0.005,0.4995,1,0.7489999999999999,0.0814,0.1805369741462051,-0.328296426
Castanea,Fagaceae,Fagales,-0.18384477,0,1,1,0.001492537,0,1,1,0.5,1.1792547068699997,0.9194991071450002,-0.468099619,-1.590640909
Castilleja,Orobanchaceae,Lamiales,-0.1592483,0.144736842,0.818181818,0.037974684,0,0.416666667,0.992064394,0.705428118,1,1,0.4326075238600004,0.034772537470325014,1.7876332233868528
Casuarina,Casuarinaceae,Fagales,-0.18384477,0,1,1,0.094736842,0.066212766,0.995625,0.3098541666549999,0,2.107499106434999,0.9529712878749989,-0.525268007,0.1888366704961617
Catalpa,Bignoniaceae,Lamiales,-0.18384477,0,1,1,0.01,0,0.998557692,0.643600218,0.8432190860200001,2,0.8840765297500001,-0.152370567,0.878944511
Catananche,Asteraceae,Asterales,-0.18384477,0,0.5,0,0.00210989,0,1,0.947713889,1,3.3736945922149992,0.9144650000000002,-0.38402846,-0.228203184
Catapodium,Poaceae,Poales,0.8782755010926624,0.25,0,0,0.074314214,0.6984397163150001,1,1,0,2.108614705,0.2723697380900002,-0.128452138,-0.025989565
Caulanthus,Brassicaceae,Brassicales,-0.18384477,0,0.368421053,0,0.00485306,0.5892916667400002,0.9995833333300002,0.602199161,0.943041667,3.266916667,0.2583371154199996,-0.506436067,0.15473087704207894
Caulophyllum,Berberidaceae,Ranunculales,-0.18384477,0,1,0,0,0,0,0.5,1,0.8665000000000014,0.0814,0.38270050557036356,-0.242827853
Caustis,Cyperaceae,Poales,-0.18384477,0,1,0,0.00045977,0.682019231,1,0.374607143,0,2.175480769240001,0.127935167,-0.419475402,0.6207484950398564
Ceanothus,Rhamnaceae,Rosales,-0.14222322,0.169811321,1,1,0.004444444,0.348974359,1,0.908824176,0.9834027777650002,3.559968973030001,0.515508571,-0.361933324,0.083005808
Cedrus,Pinaceae,Pinophyta,-0.18384477,0,1,1,0.004761905,0.0475,1,0.983333333,0,0.5,0.91,1.5857587845493508,-1.520469375
Celastrus,Celastraceae,Celastrales,-0.18384477,0,1,1,0,0,1,0.5,1,1.9852941180000083,0.9670000000000036,-0.36845952,0.6176545817132467
Celmisia,Asteraceae,Asterales,-0.18384477,0,1,0,0.00210989,0,1,0.5233750000000001,1,3.2945950335699994,0.9172816666650004,-0.096785013,-0.090371872
Celtis,Cannabaceae,Rosales,-0.18384477,0,1,1,0.017647059,0.01725,0.998295455,0.8640833333150002,0,1.583333333,0.957105687,-0.41227637,-1.590640909
Cenchrus,Poaceae,Poales,-0.18384477,0,0.266666667,0,0.074314214,0.8448226950600002,0.998819444,0.8633328574400011,0,4,0.064681667,-0.162528981,2.327131080189668
Centaurea,Asteraceae,Asterales,-0.179843689,0.086642599,0.715135738,0.021276596,0.00210989,0,1,0.958333333,1,3.5,0.978,-0.378118672,-0.190601264
Centaurium,Gentianaceae,Gentianales,-0.12463249,0.19047619,0.047619048,0,0,0.358397436,1,1,1,4,0.3785061310500003,-0.420347201,-0.822832841
Centipeda,Asteraceae,Asterales,-0.18384477,0,0.375,0,0.00210989,0.5299494949950002,1,0.944488095,1,3.978125,0.1044277380999998,-0.079860894,-0.911442499
Centrolepis,Centrolepidaceae,Poales,-0.18384477,0,0.166666667,0,0,0.873708333,0.999090909,0.935174603,0.6236333992100002,2.422750540899997,0.3073534102800002,-0.327919318,-0.013226756
Cephalanthera,Orchidaceae,Asparagales,0.043752431,0.125,1,0,0,0.6740705128550004,1,0.5,1,2.266338078595001,0.5210283928900006,1.6229182366324197,-1.461827121
Cephalaria,Caprifoliaceae,Dipsacales,-0.18384477,0,0.785714286,0.071428571,0,0.6712500000049999,1,0.7563688804249996,1,1.9201160713899996,0.5647830458050004,0.094840859,-0.470140465
Cerastium,Caryophyllaceae,Caryophyllales,-0.174062083,0.072916667,0.5625,0,0.001818182,0,1,0.733333333,1,3,0.8903483333350006,-0.306309345,1.1204585426026274
Ceratocephalus,Ranunculaceae,Ranunculales,-0.18384477,0,0,0,0,0,0.98875,0.996166667,1,1.906504913199999,0.6995553333350021,-0.397644213,0.891297665
Ceratochloa,Poaceae,Poales,-0.18384477,0,1,0,0.074314214,0.255,0.9984375,0.247008929,0,1.929752525,0.8467577500150008,0.030154827845963714,-1.554184315
Ceratophyllum,Ceratophyllaceae,Ceratophyllales,-0.18384477,0,1,0,0,0.6952777778050002,1,0.25,0,2.2100000000050004,0.130469571,-0.492984682,0.5587209564910165
Cercidium,Fabaceae,Fabales,-0.18384477,0,1,1,0.096494845,1,1,1,1,1.5446760911150017,0.6807733333349987,-0.447249972,-1.24694488
Cercocarpus,Rosaceae,Rosales,0.498946833,0.375,1,1,0.001060071,0.2566025641450001,0.9645652173749998,0.8499591353950001,0.941398809,4,0.4548050000149998,0.089265457,0.37152874960724375
Cerinthe,Boraginaceae,Boraginales,-0.18384477,0,0.205128205,0,0.001824818,0,1,0.75,1,1.3989806999299972,0.7427766666700003,-0.45801108,0.10259014198828607
Cestrum,Solanaceae,Solanales,-0.18384477,0,1,1,0.089837398,0.016994681,0.995,0.4578958333299999,1,3.333333333,0.808444375,-0.411297623,-0.606004038
Chaenactis,Asteraceae,Asterales,-0.128669691,0.090909091,0.386363636,0,0.00210989,0.07,0.999807692,0.7913621682000005,0.932964646,1.9986778985500004,0.6722294167099999,-0.254095265,0.1505383172110191
Chaenomeles,Rosaceae,Rosales,-0.18384477,0,1,1,0.001060071,0.005,1,1,1,2.2777396104100025,0.8875847023800005,-0.505090929,-0.824874614
Chaenorhinum,Plantaginaceae,Lamiales,-0.18384477,0,0.458333333,0,0.005925926,0.5012133838850001,1,1,1,3.928655303,0.2168076547800003,-0.318483116,-0.974230035
Chaerophyllum,Apiaceae,Apiales,-0.18384477,0,0.59375,0,0.003968254,0.925227273,1,0.7,1,0.6617886904800001,0.5159428791300005,-0.430713949,1.1043026040129627
Chamaebatia,Rosaceae,Rosales,-0.18384477,0,1,1,0.001060071,0,1,0.519926302,0.996586022,2.020593619600004,0.9570162500000032,-0.358343444,0.5654142844952098
Chamaecrista,Fabaceae,Fabales,-0.18384477,0,0.8789710988900004,0,0.096494845,0.666666667,1,0.7238993638349999,1,2,0.665,-0.17136359,-0.195965386
Chamaecyparis,Cupressaceae,Pinophyta,0.13479131160761837,0.1,1,1,0.007142857,0.02625,1,0.8886041666400001,0.23044697,1.1,0.977,0.8453246901873035,-0.932307086
Chamaecytisus,Fabaceae,Fabales,-0.108871574,0.2,1,1,0.096494845,0.891824195,0.9996875,0.96635119,1,1.5951257075500007,0.6164279647499993,-0.33939392,1.2813559635939054
Chamaemelum,Asteraceae,Asterales,-0.18384477,0,0.4,0,0.00210989,0.486338384,1,1,1,3.979375,0.1321710000199997,0.11905335232940169,-1.453104951
Chamaesaracha,Solanaceae,Solanales,-0.18384477,0,1,0,0.089837398,0.316026323,0.9982196969650002,0.983958333,0.98175,1.5528885630099998,0.5762426666950001,-0.011919242,0.7669569078432013
Chamaespartium,Fabaceae,Fabales,-0.18384477,0,1,1,0.096494845,1,1,1,1,1.5446760911150017,0.6807733333349987,-0.447249972,-1.24694488
Chamaesyce,Euphorbiaceae,Malpighiales,-0.174653344,0.046153846,0.464285714,0.169230769,0.01239531,0.105583333,0.996398601,0.8619031857150002,0.62256401,2.958333333,0.7000879280550005,-0.261754311,0.30610474854092473
Chamerion,Onagraceae,Myrtales,-0.18384477,0,1,0,0.001538462,0.008888889,1,0.6169515101050004,0.8394464285400006,2.2842139825500003,0.799333333,0.2798344687484493,0.070443814
Chamomilla,Asteraceae,Asterales,-0.18384477,0,0,0,0.00210989,0.540991162,1,1,0.995,3.945070455,0.034175,-0.055425688,-0.8898522
Charpentiera,Amaranthaceae,Caryophyllales,0.4534273927244555,0.2,1,1,0.041463415,0.046598485,0.997897727,0.6205435116099995,0.163740942,4,0.9439459090850004,-0.235689284,0.15795928102602252
Cheilanthes,Pteridaceae,Monilophyta,-0.129025659,0.129032258,1,0,0,0.7908119658850009,1,0.384927961,0.993541667,3.016219254,0.5577698260350002,1.1085935425356443,1.245645193592107
Cheiranthera,Pittosporaceae,Apiales,-0.18384477,0,1,0,0.005,0.6613108976050003,0.999791667,0.3420799512749999,0.98,3.256167033,0.322890846,-0.352368406,0.060877505
Cheirodendron,Araliaceae,Apiales,1.9403957710572715,0.5,1,1,0,0.3121581197100001,0.9687403378249998,0.8473074873300002,0.844523809,1.666666667,0.6037550920000002,0.339807201,1.3213540409503963
Cheirolophus,Asteraceae,Asterales,-0.18384477,0,1,0,0.00210989,0.5210416667300002,1,0.8154257026400005,1,4,0.2570602262550005,-0.490966974,-1.420265396
Chelone,Plantaginaceae,Lamiales,-0.18384477,0,1,0,0.005925926,0.4487174941800003,0.998333333,0.9149553570950008,1,3.922145833,0.3238377381250006,-0.404205539,-1.113676412
Chenopodium,Amaranthaceae,Caryophyllales,-0.182448774,0.018072289,0.082542001,0.02189781,0.041463415,0,1,1,0.431818182,1.9679673210049984,0.372074083,-0.409689565,0.46182557522533846
Chiloglottis,Orchidaceae,Asparagales,1.0906995549581298,0.4,1,0,0,0.7088461538799998,0.997916667,0.6559523809450001,0.986275,2.664110114,0.5386476044100005,2.0535977858571512,-0.419778289
Chimaphila,Ericaceae,Ericales,-0.18384477,0,1,0.75,0,0,1,0.5,1,2.190082652644997,0.8973590416450015,-0.071700736,0.18822612276583034
Chionodoxa,Asparagaceae,Asparagales,-0.18384477,0,1,0,0,0,0,0.5,1,0.8665000000000014,0.0814,0.38270050557036356,-0.242827853
Chionogentias,Gentianaceae,Gentianales,0.4534273927244555,0.2,0.4,0,0,0.29867094,0.989004306,0.8420573592700002,0.8369608748050003,3.0397703149499997,0.4500205001199994,-0.132024573,0.22895159285132516
Chloris,Poaceae,Poales,-0.15625723,0.045454545,0.659090909,0,0.074314214,0.8592402751100002,0.997083333,0.7327032621099999,0,1.789475427375001,0.088479199,-0.538719392,0.756334864
Chlorogalum,Asparagaceae,Asparagales,-0.18384477,0,1,0,0,0,0,0.5,1,0.8665000000000014,0.0814,0.38270050557036356,-0.242827853
Choenomeles,Rosaceae,Rosales,-0.18384477,0,1,1,0.001060071,0,1,0.519926302,0.996586022,2.020593619600004,0.9570162500000032,-0.358343444,0.5654142844952098
Chondrilla,Asteraceae,Asterales,-0.18384477,0,0.625,0,0.00210989,0.055454545,0,1,1,1.8126862012700025,0.1652645000050006,-0.200389687,0.5868974996165113
Choretrum,Santalaceae,Santalales,-0.18384477,0,1,1,0.002139037,0,1,1,0.5,1.1373288493199998,0.9081975,10.058879840558076,-1.126392723
Chorizandra,Cyperaceae,Poales,-0.18384477,0,1,0,0.00045977,0.682019231,1,0.374607143,0,2.175480769240001,0.127935167,-0.419475402,0.6207484950398564
Chorizanthe,Polygonaceae,Caryophyllales,-0.18384477,0,0,0,0.002727273,0.5057828283200001,1,1,1,3.995,0.1104860000199998,-0.291599508,-1.289691393
Christella,Thelypteridaceae,Monilophyta,1.0906995549581298,0.4,1,0,0,0.7741666667350002,0.997916667,0.5025,0.98125,3,0.579504139,2.7062903294204963,0.6764936075434481
Chrozophora,Euphorbiaceae,Malpighiales,-0.18384477,0,0,0,0.01239531,0,0.997045455,0.98225,0.3996014492749999,2.563014085234998,0.6039867500450005,-0.255699687,0.6345179663635016
Chrysanthemum,Asteraceae,Asterales,-0.18384477,0,0.3,0,0.00210989,0.6075242813200001,0.997840909,0.7303566017349996,0.8295451800950003,2.5787367097950007,0.315741593,0.8200050439307457,0.4029432913559092
Chrysocephalum,Asteraceae,Asterales,-0.18384477,0,0.8,0,0.00210989,0.5011994950150003,0.995,0.8708160655699999,1,3.8803958333350006,0.1859561154049999,-0.082459746,-1.068190866
Chrysocoma,Asteraceae,Asterales,-0.18384477,0,1,1,0.00210989,0,1,0.7791726190500001,1,2.494815165875003,0.92838875,-0.412717521,-0.259386277
Chrysolepis,Fagaceae,Fagales,-0.18384477,0,1,1,0.001492537,0.331527778,0.987425889,0.8643353938000002,0.9877777776999996,4.635647441,0.4715766987250002,-0.408834328,-0.526352405
Chrysopsis,Asteraceae,Asterales,-0.18384477,0,0.875,0,0.00210989,0.04,0.994772727,0.6196066274650002,0.977504329,1.6970489094599994,0.7116630833299993,0.18590339351904592,0.57269936
Chrysosplenium,Saxifragaceae,Saxifragales,-0.18384477,0,1,0,0,0,1,0.5,1,3.176555322,0.9457887499949994,-0.197054204,-0.262819669
Chrysothamnus,Asteraceae,Asterales,-0.124838088,0.125,1,0.964285714,0.00210989,0,1,0.643330799,0.96321371,2.1554764045000003,0.9089891964250006,-0.329121916,0.5828082424862047
Cicendia,Gentianaceae,Gentianales,-0.18384477,0,0,0,0,0.808987957,1,1,1,3.6922813852750007,0.2405760320499998,0.5225949134125022,0.6244942751676705
Cicer,Fabaceae,Fabales,-0.18384477,0,0.75,0,0.096494845,0.971879433,1,0.9213227423699996,0.994982394,2.420274675275001,0.4401502948849998,-0.395955356,-0.7592557
Cicerbita,Asteraceae,Asterales,-0.18384477,0,1,0,0.00210989,0,1,0.5233750000000001,1,3.2945950335699994,0.9172816666650004,-0.096785013,-0.090371872
Cichorium,Asteraceae,Asterales,-0.18384477,0,0.714285714,0,0.00210989,0,1,1,1,3.0044085338800004,0.9060200000000004,-0.32402365,0.8641014561017407
Cicuta,Apiaceae,Apiales,-0.18384477,0,0.833333333,0,0.003968254,0.779375,1,0.5,1,1.7649199342600002,0.5804457188800003,-0.293301995,0.13382354350765369
Cinna,Poaceae,Poales,-0.18384477,0,1,0,0.074314214,0.255,0.9984375,0.247008929,0,1.929752525,0.8467577500150008,0.030154827845963714,-1.554184315
Cinnamomum,Lauraceae,Laurales,-0.18384477,0,1,1,0.0004,0,1,0.7076385805850001,1,2.477272727,0.8640452380949998,-0.505090929,-0.561784477
Circaea,Onagraceae,Myrtales,1.0906995549581298,0.5,1,0,0.001538462,0.172532051,1,0.333333333,1,2.768985601,0.4420829167799993,-0.277349269,-0.402596688
Cirsium,Asteraceae,Asterales,-0.168191415,0.178082192,0.57615894,0,0.00210989,0.01,1,0.666666667,1,2.017145013905001,0.702164667,-0.388913437,0.20190933523063884
Cistanche,Orobanchaceae,Lamiales,-0.18384477,0,1,0,0,1,0.937272727,0.545222251,0.596469732,1.959323606,0.2638229166849999,0.6833389685772693,-1.590640909
Cistus,Cistaceae,Malvales,0.8223744337493102,1.421052632,1,1,0.011428571,0.170977273,0.9562199123299996,0.886480235,1,3.3203776797650018,0.5307391666849994,-0.272777591,-0.613460249
Citrullus,Cucurbitaceae,Cucurbitales,0.11961816489383825,0.142857143,0.285714286,0,0.024852071,0,0.978398219,0.8909267676450001,0.6761376475049999,2.251285772,0.2361325001849993,-0.525268007,0.049067955
Citrus,Rutaceae,Sapindales,-0.18384477,0,1,1,0.001652893,0.332527778,0.984490283,0.87505418,1,4,0.4794333653950001,-0.524711398,-0.743478431
Cladanthus,Asteraceae,Asterales,-0.18384477,0,0,0,0.00210989,0.5422411616600001,1,1,1,3.930070454545001,0.02,-0.074646597,-0.92440559
Cladium,Cyperaceae,Poales,-0.18384477,0,1,0,0.00045977,0.8400000000500002,1,0,0,2.183158508,0.1061091666699999,-0.369013864,0.22807568607402076
Clarkia,Onagraceae,Myrtales,-0.134823834,0.15,0,0,0.001538462,0.055,0.99875,0.995,0.8549166666650001,2.307117835,0.655666667,-0.337060707,0.692913848
Claytonia,Montiaceae,Caryophyllales,-0.111221161,0.148148148,0.553571429,0,0,0.5389743590050002,1,1,1,2.454143823,0.4544303416399997,-0.207142743,0.21570267298002566
Cleistogenes,Poaceae,Poales,-0.18384477,0,1,0,0.074314214,0.255,0.9984375,0.247008929,0,1.929752525,0.8467577500150008,0.030154827845963714,-1.554184315
Clematis,Ranunculaceae,Ranunculales,-0.18384477,0,1,0.814814815,0,0,1,0.666666667,0.8,1.9721865615550005,0.8917588749300006,0.8492190074913017,-0.316672289
Cleome,Cleomaceae,Brassicales,-0.18384477,0,0,0,0.006666667,0.875,0.992083333,0.8479166665999999,1,0,0.4412817380950003,-0.544099946,0.6272991810886197
Cleomella,Cleomaceae,Brassicales,-0.18384477,0,0,0,0.006666667,0.4910934343800001,1,0.99625,0.967101449,3.90032197,0.182988571,-0.434478532,-1.021096985
Clermontia,Campanulaceae,Asterales,-0.045907072,0.227272727,1,1,0,0.2983012821100001,0.987490119,0.7889869505350002,0.92625,2.923076923,0.5457176547650001,-0.153262417,1.0412265251246262
Clinopodium,Lamiaceae,Lamiales,-0.18384477,0,0.8,0,0.004320557,1,1,0.6,1,0.25,0.5486837069699999,-0.526613145,0.8753199165120944
Clintonia,Liliaceae,Liliales,-0.18384477,0,1,0,0,0,1,0.5270434783450006,1,3.6314025974100006,0.916261667,1.9497869011097304,0.065418539
Clypeola,Brassicaceae,Brassicales,-0.18384477,0,0,0,0.00485306,0.5073888889250001,1,1,1,4,0.203330393,-0.50374579,-1.35941345
Cnidium,Apiaceae,Apiales,-0.18384477,0,0.75,0,0.003968254,0,1,1,1,2.976390299295001,0.882315,-0.218725857,0.5356594157488074
Cochlearia,Brassicaceae,Brassicales,-0.058889444,0.166666667,0.388888889,0,0.00485306,0.133666667,1,0.8,1,2.812214238690001,0.6118101667550002,-0.499411455,0.3556671353493401
Coincya,Brassicaceae,Brassicales,-0.18384477,0,0.25,0,0.00485306,0.4790138889250002,1,1,1,3.986085859,0.2228806547950002,-0.452639568,-1.292923553
Colchicum,Colchicaceae,Liliales,-0.133467523,0.086956522,1,0,0,0.8437500001000025,1,0.5,1,2.819238894,0.526178169,0.048250151206462866,1.4498583362990345
Coleostephus,Asteraceae,Asterales,-0.18384477,0,0,0,0.00210989,0,0.9925,0.9995,1,1.999771374,0.6946749166850015,-0.402071892,0.8678231122982476
Collinsia,Plantaginaceae,Lamiales,-0.072042636,0.157894737,0,0,0.005925926,0.1416666666749999,0.997307692,0.98825,0.8021071428549998,2.7909134525750003,0.592666667,-0.155354909,0.21905623260107296
Collomia,Polemoniaceae,Ericales,-0.18384477,0,0.214285714,0,0,0.987446581,1,1,1,2.064332945484997,0.4944072820549994,-0.306010425,1.0182528607080075
Colobanthus,Caryophyllaceae,Caryophyllales,-0.18384477,0,1,0,0.001818182,0,1,0.8792686688299998,0.975939394,3.172054711,0.9032799999999988,-0.491639543,0.3118250959470437
Colubrina,Rhamnaceae,Rosales,-0.18384477,0,1,1,0.004444444,0.464583333,1,0.968035714,1,3,0.5466517115500003,-0.460701357,-0.502217343
Colutea,Fabaceae,Fabales,-0.18384477,0,1,1,0.096494845,0.985,1,1,1,1.5525610117400015,0.6694084999999989,-0.498365236,-0.902560467
Comesperma,Polygalaceae,Fabales,-0.18384477,0,1,0.428571429,0.001913876,0.7075,1,0.8165969967699998,0.991603879,1.8755373668149988,0.6147288223499999,-0.201986193,0.2966317127259459
Commelina,Commelinaceae,Commelinales,-0.18384477,0,0.4375,0,0,1,0.999807692,0.9198273809649998,1,2.000119649,0.6059585000000003,0.35596587714860467,0.2813822731097815
Commersonia,Malvaceae,Malvales,-0.18384477,0,1,1,0.006153846,0.003333333,1,0.6346099874050001,0.8989128264150001,1.9512841365800029,0.9277070357100008,-0.374424509,0.7399620560754862
Conopodium,Apiaceae,Apiales,-0.18384477,0,0.5375842784250005,0,0.003968254,0.005,1,1,1,2.975800562625001,0.9037233333349995,-0.327150197,0.6360516256605445
Conospermum,Proteaceae,Proteales,-0.18384477,0,1,1,0.000625,0,1,0.7240439799649999,0.9762222222150002,2.518229076480001,0.927873125,-0.435418925,0.006519897
Conringia,Brassicaceae,Brassicales,-0.18384477,0,0,0,0.00485306,0.5196111111500001,1,1,1,3.92,0.1875960476500001,-0.554861055,-1.188094738
Consolida,Ranunculaceae,Ranunculales,-0.18384477,0,0,0,0,0.8057828282999999,1,1,1,4,0.2246241987199999,0.17622174014950745,1.2804208761034477
Convolvulus,Convolvulaceae,Solanales,-0.18384477,0,0.859375,0.058823529,0.044375,0,1,0.5,1,1,0.6193100000000002,-0.424113589,-0.066599803
Conyza,Asteraceae,Asterales,-0.114576056,0.125,0.045454545,0,0.00210989,0,0.999772727,0.99825,1,2.537736291745001,0.6425421667750005,-0.317122028,0.8202767583322345
Coprosma,Rubiaceae,Gentianales,0.009268007,0.318181818,1,0.818181818,0.0006,0.0175,0.999772727,0.6988803778949999,0.506352706,1,0.8918943273449998,-0.406895816,-1.289601469
Corallorhiza,Orchidaceae,Asparagales,-0.18384477,0,1,0,0,0,0,0.5,1,0.8665000000000014,0.0814,0.38270050557036356,-0.242827853
Cordylanthus,Orobanchaceae,Lamiales,-0.18384477,0,0,0,0,0,0.98875,0.996166667,1,1.906504913199999,0.6995553333350021,-0.397644213,0.891297665
Coreopsis,Asteraceae,Asterales,-0.18384477,0,0.552631579,0.035714286,0.00210989,0.005,1,0.9127265151400006,0.9590757575299996,2.9974564395050005,0.8998633333299998,-0.313408687,0.28769653605252793
Coris,Primulaceae,Ericales,-0.18384477,0,0.5,0,0,0,1,0.92025,1,3.040760397,0.9077439999999996,-0.358027868,0.7523066755184541
Corispermum,Amaranthaceae,Caryophyllales,-0.18384477,0,0,0,0.041463415,0.119431818,1,1,1,1.8809884520749995,0.4788274166950005,-0.40663857,0.44843623157484336
Cornus,Cornaceae,Cornales,-0.09954951,0.178571429,0.964285714,0.75,0,0.4091025642050003,1,0.6,1,2,0.5134786392250001,-0.339638889,2.616327306187338
Coronilla,Fabaceae,Fabales,-0.18384477,0,0.583333333,0.333333333,0.096494845,0.8902216312249999,1,1,1,2.1005189392149988,0.5380261730899996,-0.357644473,0.022322041
Coronopus,Brassicaceae,Brassicales,-0.18384477,0,0.136363636,0,0.00485306,0.4799166667050001,1,0.984222222,1,3.978377525,0.2232574881300002,-0.457363426,-1.370883876
Correa,Rutaceae,Sapindales,1.9403957710572715,0.833333333,1,1,0.001652893,0.005,1,0.8675551993950005,0.964158496,2.444046221,0.8895470833299985,-0.406895816,0.2464374737432227
Corrigiola,Molluginaceae,Caryophyllales,-0.18384477,0,0.5,0,0.022988506,0.366977273,1,1,1,1.1205892857249995,0.5083362820699998,-0.519887453,0.3099300646842302
Cortaderia,Poaceae,Poales,-0.18384477,0,1,0,0.074314214,0.242,0.9971875,0.415883929,0,1.974535354,0.8635704015350005,-0.063212919,-0.79247639
Corybas,Orchidaceae,Asparagales,-0.18384477,0,1,0,0,0,0,0.5,1,0.8665000000000014,0.0814,0.38270050557036356,-0.242827853
Corydalis,Papaveraceae,Ranunculales,-0.18384477,0,0.573029198,0,0,0.903269231,1,1,1,1.909635471,0.5407302564249999,-0.489285551,-0.306174438
Corylus,Betulaceae,Fagales,-0.042228733,0.1,1,1,0.054545455,0.2309090908999999,1,1,0,1.5,0.9117809091950012,-0.525268007,-1.590640909
Corynephorus,Poaceae,Poales,-0.18384477,0,0.25,0,0.074314214,0.985,1,1,0,1.7950189394649996,0.109548179,-0.433798586,0.014258846083646314
Coryphantha,Cactaceae,Caryophyllales,-0.18384477,0,1,0.666666667,0,0.5424033915750001,0.995670973,0.7123422222400003,0.8687936507850001,2.8,0.4564561392150013,0.718394069,1.2679455405245612
Cosmos,Asteraceae,Asterales,-0.18384477,0,0,0,0.00210989,0,1,1,1,2.2005645233450006,0.7169797500100001,-0.052676001,2.713647878190079
Cotoneaster,Rosaceae,Rosales,-0.174250187,0.06097561,1,1,0.001060071,0.018125,0.5,0.6875,1,0.333333333,0.2192668750000001,-0.422813288,-0.361187101
Cotula,Asteraceae,Asterales,-0.18384477,0,0.423076923,0,0.00210989,0.719732906,1,1,1,2,0.5329628461599998,-0.312736118,0.041986062
Crambe,Brassicaceae,Brassicales,-0.18384477,0,0.9,0,0.00485306,0.83875,1,1,1,1.2757604166250005,0.5117148141049997,-0.340311458,3.187368194707348
Craspedia,Asteraceae,Asterales,0.10582439511348443,0.25,0.5,0,0.00210989,0.07280303,0.950613379,0.8129997505450005,0.8593834775900006,2.2843655127449995,0.3595833335149993,-0.256246554,1.0472613195282154
Crassula,Crassulaceae,Saxifragales,-0.18384477,0,0.296296296,0.111111111,0,0,1,0.333333333,0.666666667,0,0.7373978571299997,-0.223250261,0.071862177
Crataegus,Rosaceae,Rosales,-0.136832889,0.221311475,1,1,0.001060071,0.005,1,1,1,2,0.9055093750000006,-0.424651644,-0.181647973
Crepidomanes,Hymenophyllaceae,Monilophyta,-0.18384477,0,1,0,0,0,0,0.5,1,0.8665000000000014,0.0814,0.38270050557036356,-0.242827853
Crepis,Asteraceae,Asterales,-0.177382499,0.059322034,0.612279226,0,0.00210989,0,1,0.861111111,0.977272727,2.9740563346900006,0.911,-0.022127067,1.417130618748168
Critesion,Poaceae,Poales,-0.18384477,0,0.25,0,0.074314214,0.940106383,0.9975,0.968463819,0.006666667,2.318844697,0.1027843974249999,-0.29255904,0.5148011926228209
Crocosmia,Iridaceae,Asparagales,-0.18384477,0,1,0,0,0,1,0.53375,1,3.224232230400001,0.9329295833299996,-0.445904833,-0.95834201
Crocus,Iridaceae,Asparagales,-0.166679189,0.072727273,1,0,0,0.8513141026100008,1,0.75,1,2.3910735980599997,0.5382574359050005,0.17567145621480443,1.3725875125150495
Crossosoma,Crossosomataceae,Crossosomatales,-0.18384477,0,1,1,0,0,1,0.5,1,1.9852941180000083,0.9670000000000036,-0.36845952,0.6176545817132467
Crotalaria,Fabaceae,Fabales,-0.18384477,0,0.545454545,0.181818182,0.096494845,1,1,0.9066073179599996,1,1.583333333,0.5826644807749993,-0.429763171,-0.669538601
Croton,Euphorbiaceae,Malpighiales,-0.18384477,0,0.333333333,0.133333333,0.01239531,0,0.9952447552699998,0.9478283279300002,1,2.066666667,0.5729230000050004,-0.326639479,0.4223154376347403
Crucianella,Rubiaceae,Gentianales,-0.18384477,0,0.125,0.125,0.0006,0.531135392,1,0.979473214,1,3.690309524,0.2383554844549999,-0.405470164,-0.373507557
Cruciata,Rubiaceae,Gentianales,-0.18384477,0,0.8,0,0.0006,0.718963675,1,0.666666667,1,1.2763484848400002,0.540400584,-0.490294405,-1.590640909
Crupina,Asteraceae,Asterales,-0.18384477,0,0,0,0.00210989,0,0.9925,0.9995,1,1.999771374,0.6946749166850015,-0.402071892,0.8678231122982476
Crypsis,Poaceae,Poales,-0.18384477,0,0,0,0.074314214,0.901106383,1,1,0,2.165700758,0.062587564,-0.003690539,0.46823642561631446
Cryptandra,Rhamnaceae,Rosales,-0.18384477,0,1,0.75,0.004444444,0.57465812,0.998760198,0.8232716712699993,0.948452381,1.2619376185950002,0.5699575915849997,-0.223072865,2.6627414717896754
Cryptantha,Boraginaceae,Boraginales,-0.183048279,0.007874016,0.383064516,0.003937008,0.001824818,0.5032828283200002,1,0.924193978,0.999791667,3.97775,0.1385690476349997,0.004256378,-1.011192634
Cryptogramma,Pteridaceae,Monilophyta,-0.18384477,0,1,0,0,0,1,1,1,2.9176510744450006,0.9442698333299993,0.049106148408333654,0.41625760376334403
Cryptostylis,Orchidaceae,Asparagales,-0.18384477,0,1,0,0,0,0,0.5,1,0.8665000000000014,0.0814,0.38270050557036356,-0.242827853
Ctenitis,Dryopteridaceae,Monilophyta,-0.18384477,0,1,0,0,0.7692234848799999,0.899532006,0.4154620951649997,0.8058121097150002,4,0.1602716666749997,0.5441171300036035,1.2437935228843615
Ctenopsis,Poaceae,Poales,-0.18384477,0,0,0,0.074314214,0.901106383,1,1,0,2.165700758,0.062587564,-0.003690539,0.46823642561631446
Cucumis,Cucurbitaceae,Cucurbitales,-0.18384477,0,0,0,0.024852071,0,0.961698718,0.9925,0.766571146,2.4091305590450003,0.4619334166800008,-0.455948534,-0.155876112
Cucurbita,Cucurbitaceae,Cucurbitales,-0.18384477,0,0.333333333,0,0.024852071,0.077659091,0.978362471,0.9655327380900004,0.945075758,2,0.498,-0.51520871,0.5175742223343145
Cullen,Fabaceae,Fabales,-0.18384477,0,0.9375,0.125,0.096494845,0.92125,1,0.914356595,1,1.8979558564449996,0.569377692,-0.344806084,-0.080976186
Cuphea,Lythraceae,Myrtales,-0.18384477,0,0.5,0.2,0,0,0.9970454545749996,0.866089782,1,1.9782701550000008,0.684,-0.332153933,0.269150732
Cupressus,Cupressaceae,Pinophyta,-0.18384477,0,1,1,0.007142857,0.02625,0.99875,0.8509999999850004,0.5,1.3125,0.8908157613550007,0.9951869189436628,-1.20827176
Cuscuta,Convolvulaceae,Solanales,-0.18384477,0,0.256756757,0,0.044375,0,1,1,1,3,0.5245457499999999,0.35333164755859464,5.658904458699107
Cusickiella,Brassicaceae,Brassicales,-0.18384477,0,1,0,0.00485306,0.6258611112700005,0.992083333,0.342081845,0.749918785,3.433980882415001,0.1934563690649999,-0.349540536,0.12749118772393747
Cutandia,Poaceae,Poales,-0.18384477,0,0,0,0.074314214,0.901106383,1,1,0,2.165700758,0.062587564,-0.003690539,0.46823642561631446
Cyanea,Campanulaceae,Asterales,-0.169426847,0.057692308,1,1,0,0.4477243590100001,0.993586957,0.8454650937050006,0.996872222,3.941176471,0.4574543058800007,-0.100972551,0.19863738432136221
Cyathea,Cyatheaceae,Monilophyta,1.9403957710572715,0.333333333,1,1,0,0.3559081197250001,0.980613135,0.807363324,0.8173174602850001,2.071428571,0.5947479216650003,0.402877584,0.559958367
Cyclamen,Primulaceae,Ericales,-0.18384477,0,1,0,0,0.8718269230800001,1,1,1,1.600489583,0.5400162820549999,0.084446606,2.6936008840960395
Cylindropuntia,Cactaceae,Caryophyllales,1.7279717171918039,0.6,1,1,0,0.3192414530550002,0.9737687469149998,0.8275741743400004,0.818738402,2.0739392551300027,0.6061414610450003,0.389666257,0.8930957610220539
Cymbalaria,Plantaginaceae,Lamiales,-0.18384477,0,1,0,0.005925926,0.7322329060000001,1,0.5,1,1.600121212,0.5399900723600001,-0.519887453,-0.2693008
Cymbonotus,Asteraceae,Asterales,-0.18384477,0,0.6175211105399999,0,0.00210989,0,1,0.8845313491800008,0.979181818,3.072217803,0.8878100000000001,-0.288673115,0.6525082589446305
Cymbopogon,Poaceae,Poales,-0.18384477,0,1,0,0.074314214,0.255,0.9984375,0.247008929,0,1.929752525,0.8467577500150008,0.030154827845963714,-1.554184315
Cymopterus,Apiaceae,Apiales,-0.18384477,0,1,0,0.003968254,0.7852831196800001,1,0.6261130952449999,1,1.908856061,0.5829839166700002,-0.109887934,-0.358759984
Cynanchum,Apocynaceae,Gentianales,-0.18384477,0,1,1,0.000658617,0,1,0.737678087,1,2.6,0.862375417,-0.518542314,-0.803565543
Cynara,Asteraceae,Asterales,-0.18384477,0,1,0,0.00210989,0,1,0.8538499729449995,0.977920455,3.112910658,0.8945974999999992,-0.437834002,0.28271665386716893
Cynodon,Poaceae,Poales,-0.18384477,0,1,0,0.074314214,0.7092730496550002,1,0,0,2.259503205,0.152909333,-0.463391634,0.1926655946478806
Cynoglossum,Boraginaceae,Boraginales,-0.162602364,0.04,0.35,0,0.001824818,0,1,1,1,2.1412096352450005,0.678,-0.356527824,0.4778880485923683
Cynosurus,Poaceae,Poales,-0.18384477,0,0.416666667,0,0.074314214,0.3907446808950002,1,0.75,0,1.811622475,0.96,-0.192346219,-1.590640909
Cyperus,Cyperaceae,Poales,-0.18384477,0,0.619499569,0,0.00045977,0.5,1,0.7,0,3.333333333,0.019,-0.486797045,1.3912417937560537
Cyphanthera,Solanaceae,Solanales,1.9403957710572715,0.333333333,1,1,0.089837398,0.008971631,0.994479167,0.4716532805449999,0.778125,1.0868626783499993,0.8833114404849991,-0.295118962,0.3559577295659858
Cypripedium,Orchidaceae,Asparagales,-0.136986522,0.058823529,1,0,0,0.8909294872350009,1,0.5,1,3.454545455,0.5396365247600001,3.430246374869929,0.3602023333811957
Cyrtandra,Gesneriaceae,Lamiales,0.12600454013597806,1.264150943,1,0.981132075,0,0.177019231,0.9646594709949996,0.7673941155550004,0.8654086219050001,2.346153846,0.619340952,0.052456615399707925,1.0268397552857405
Cyrtomium,Dryopteridaceae,Monilophyta,-0.18384477,0,1,0,0,0.01625,0.999545455,0.6400416871800002,0.878011128,2.5,0.8040392498899983,2.598402739771878,-0.242024794
Cyrtostylis,Orchidaceae,Asparagales,-0.18384477,0,1,0,0,0,0,0.5,1,0.8665000000000014,0.0814,0.38270050557036356,-0.242827853
Cytinus,Cytinaceae,Malvales,-0.18384477,0,1,0,0,0,0,0.5,1,0.8665000000000014,0.0814,0.38270050557036356,-0.242827853
Cytisus,Fabaceae,Fabales,-0.171775221,0.03030303,1,1,0.096494845,0.9534485815700002,1,1,1,1.616214810780001,0.6544908493649995,-0.388624351,1.127904664171143
Daboecia,Ericaceae,Ericales,-0.18384477,0,1,1,0,0,1,0.5,1,1.9852941180000083,0.9670000000000036,-0.36845952,0.6176545817132467
Dactylis,Poaceae,Poales,-0.18384477,0,1,0,0.074314214,0.7857591876300002,1,1,0.5,2.040266562,0.3521002307999999,-0.047444907,-1.590640909
Dactylorhiza,Orchidaceae,Asparagales,0.756890327,1.476190476,1,0,0,0.6049358974650002,1,1,1,2.4909082542750007,0.5091310897950002,0.10802321632646365,0.442554786
Dalea,Fabaceae,Fabales,-0.18384477,0,0.891304348,0.304347826,0.096494845,0.872198582,0.999772727,0.901599485,1,1.833333333,0.6061311538499996,-0.326833783,-0.334311832
Dampiera,Goodeniaceae,Asterales,-0.18384477,0,1,0.25,0,0.715833333,1,0.7843630952350001,0.977085317,2.1336753246500004,0.5885108031200005,0.4429873053197495,-0.131293548
Danthonia,Poaceae,Poales,-0.133267614,0.138888889,1,0,0.074314214,0.243333333,1,0.5,0,2,0.845005417,-0.188983373,-0.046490646
Daphne,Thymelaeaceae,Malvales,-0.109310014,0.105263158,1,1,0.001324503,0.257788462,1,0.875,1,3.4142720302250007,0.348,-0.166788587,-0.280395563
Darwinia,Myrtaceae,Myrtales,-0.18384477,0,1,1,0.003243243,0.303125,0.992172266,0.855896291,1,3.9805357142900006,0.4932541987249999,-0.488702645,-1.065323697
Dasypyrum,Poaceae,Poales,-0.18384477,0,0.5,0,0.074314214,0.825189743,0.995,0.7409817331749999,0.2340375586550001,1.6667736111399991,0.2256683333499999,0.35752719868391625,-0.349095657
Datura,Solanaceae,Solanales,-0.15625723,0.045454545,0.113636364,0,0.089837398,0,1,1,1,2.605434524,0.155,-0.300437709,-1.078136912
Daucus,Apiaceae,Apiales,-0.18384477,0,0.166666667,0,0.003968254,0.01,1,1,1,2.9394417637800005,0.963,-0.298118946,1.5006686163972307
Daviesia,Fabaceae,Fabales,0.3063645860355377,0.461538462,1,1,0.096494845,0,0.994772727,0.4677914886049999,0.8747916666650001,1.2695165980849985,0.88,-0.410164789,0.8271250355327342
Delissea,Campanulaceae,Asterales,-0.18384477,0,1,1,0,0,1,0.5,1,1.9852941180000083,0.9670000000000036,-0.36845952,0.6176545817132467
Delphinium,Ranunculaceae,Ranunculales,-0.125790991,0.314285714,0.828571429,0,0,1,1,0.5,1,4,0.74,0.18769879566304937,1.5230291837634264
Dendranthema,Asteraceae,Asterales,-0.18384477,0,1,0,0.00210989,0.6095138889350001,0.951792929,0.6573312085949999,0.4809202929250001,0.5766112588700001,0.2449775000499997,0.4755150646194729,1.7207308041050626
Dendrobium,Orchidaceae,Asparagales,-0.18384477,0,1,0,0,0,0.997727273,0.6630056828800004,0.924875,3.166666667,0.9046241666649988,-0.372981152,1.6019094018204516
Dendromecon,Papaveraceae,Ranunculales,-0.18384477,0,1,1,0,0,1,0.5,1,1.9852941180000083,0.9670000000000036,-0.36845952,0.6176545817132467
Derwentia,Scrophulariaceae,Lamiales,-0.18384477,0,1,0.666666667,0.001764706,0,0.999772727,0.624965687,0.9298714285600004,2.199213003470002,0.9390217083100016,-0.36432588,0.3090925734188891
Deschampsia,Poaceae,Poales,-0.18384477,0,0.888888889,0,0.074314214,0.3988652482800002,1,0.75,0,2,0.92,0.16293849709718874,-0.310893012
Descurainia,Brassicaceae,Brassicales,-0.18384477,0,0,0,0.00485306,0.5196111111500001,1,1,1,3.92,0.1875960476500001,-0.556590519,-1.186269417
Desmanthus,Fabaceae,Fabales,-0.18384477,0,1,0,0.096494845,0.963333333,0.9975,0.9642499999999996,1,2.458391341975001,0.4271919230899998,-0.28847685,-0.585117563
Desmazeria,Poaceae,Poales,-0.18384477,0,0,0,0.074314214,0.896106383,1,0.9975,0.009149061,2.387007576,0.069528397,-0.155354909,0.40400850881547523
Desmodium,Fabaceae,Fabales,-0.175674614,0.025,1,0.0625,0.096494845,1,1,0.956833333,1,1.5722026514250005,0.601783874,-0.210146214,0.5976226780242823
Deyeuxia,Poaceae,Poales,-0.18384477,0,0.95,0,0.074314214,0.242106383,0.996335227,0.5285203895200001,0.01375,1.5216223261600004,0.8635071591000008,0.4062404299668742,-1.234910037
Dianella,Xanthorrhoeaceae,Asparagales,-0.18384477,0,1,0,0,0,0,0.5,1,0.8665000000000014,0.0814,0.38270050557036356,-0.242827853
Dianthus,Caryophyllaceae,Caryophyllales,-0.181224946,0.028571429,0.931654676,0.042857143,0.001818182,0,1,0.818181818,1,3.091553223154999,0.885,-0.478726213,0.5096787679229782
Dicentra,Papaveraceae,Ranunculales,-0.18384477,0,1,0,0,0,0,0.5,1,0.8665000000000014,0.0814,0.38270050557036356,-0.242827853
Dichanthelium,Poaceae,Poales,-0.18384477,0,1,0,0.074314214,0.255,0.9984375,0.247008929,0,1.929752525,0.8467577500150008,0.030154827845963714,-1.554184315
Dichanthium,Poaceae,Poales,-0.18384477,0,1,0,0.074314214,0.255,0.9984375,0.247008929,0,1.929752525,0.8467577500150008,0.030154827845963714,-1.554184315
Dichelachne,Poaceae,Poales,-0.18384477,0,1,0,0.074314214,0.2486666666749999,0.9971875,0.317828452,0.024583333,1.5412017230550004,0.8470247575800007,0.5457985531747794,-1.384178714
Dichelostemma,Asparagaceae,Asparagales,1.0906995549581298,0.4,1,0,0,0.68948718,0.997916667,0.6402976190399999,0.98215,2.669691615339999,0.5324338104600005,1.8556272035236734,-0.235603467
Dichondra,Convolvulaceae,Solanales,-0.18384477,0,1,0,0.044375,0.070681818,0.978810315,0.7977147435899999,1,1.833640241,0.6440192500000002,0.12540122774319648,0.3711402293055352
Diellia,Aspleniaceae,Monilophyta,0.2410033386678065,0.166666667,1,0,0,0.7964102564750007,1,0.4669587912049999,0.989732143,3.0265464535949977,0.579003159,1.872995475125854,1.0233650698912928
Digitalis,Plantaginaceae,Lamiales,-0.100541219,0.111111111,0.714285714,0.055555556,0.005925926,0.144333333,1,0.875,1,3.204630456,0.6705431277299999,-0.430772025,-1.179343023
Digitaria,Poaceae,Poales,-0.171775221,0.03030303,0.227272727,0,0.074314214,1,1,1,0,0.5778860722800001,0.047698846,-0.4251897,0.5958575770814535
Dillwynia,Fabaceae,Fabales,-0.18384477,0,1,1,0.096494845,1,1,1,1,1.5446760911150017,0.6807733333349987,-0.447249972,-1.24694488
Diodia,Rubiaceae,Gentianales,-0.18384477,0,0.8253172288099995,0,0.0006,0.80375,1,0.6406868063650001,1,1.7698237283099996,0.6103322820550003,-0.163664281,-0.187681513
Dioscorea,Dioscoreaceae,Dioscoreales,-0.18384477,0,1,0,0.009195402,0.25,1,1,1,1.7,0.5391650833350001,-0.445568549,4.794057663609803
Diospyros,Ebenaceae,Ericales,6.188876852827524,0.5,1,1,0,0,0.997916667,0.8378514956950002,1,1.984848485,0.9128637500000002,-0.323766254,0.5134005592278746
Dipcadi,Asparagaceae,Asparagales,-0.18384477,0,1,0,0,0,1,0.704729296,0.945238095,1,0.7571104940399994,-0.154009771,0.1232628063071855
Diphasiastrum,Lycopodiaceae,Lycophyta,1.0906995549581298,0.5,1,0,0,0.313397436,1,0.5,0.9517559523750002,2.8298151342000017,0.5296062500649994,-0.20550936,-0.764279263
Diphasium,Lycopodiaceae,Lycophyta,0.8782755010926624,0.25,1,0,0,0.790096154,0.997916667,0.47625,0.985486111,2.9953929405199995,0.5718702106399999,3.0489378713457818,0.6936468987120852
Diplachne,Poaceae,Poales,-0.18384477,0,1,0,0.074314214,0.255,0.9984375,0.247008929,0,1.929752525,0.8467577500150008,0.030154827845963714,-1.554184315
Diplotaxis,Brassicaceae,Brassicales,-0.18384477,0,0.35978836,0,0.00485306,0.4892638889300001,1,1,1,4,0.2417358929000001,-0.507781206,-1.431219586
Dipodium,Orchidaceae,Asparagales,-0.18384477,0,1,0,0,0,0,0.5,1,0.8665000000000014,0.0814,0.38270050557036356,-0.242827853
Dipsacus,Caprifoliaceae,Dipsacales,-0.109310014,0.105263158,0,0,0,0.6148397436200004,1,1,1,2,0.4258871639649998,-0.059581045,-0.285025274
Discaria,Rhamnaceae,Rosales,-0.18384477,0,1,1,0.004444444,0.73,0.999545455,0.9676071428550006,0.9816666666500002,1.760185606,0.6068025128249989,-0.3054208,2.088359952083054
Disporum,Colchicaceae,Liliales,-0.18384477,0,1,0,0,0,1,0.5444698068150005,0.999166667,3.5109150326800007,0.9181995833299982,2.3479479080450547,-0.412073571
Dissocarpus,Amaranthaceae,Caryophyllales,-0.18384477,0,1,0.5,0.041463415,0.015583333,0.998210227,0.5641733511699999,0,2.317719289,0.8575245832699998,-0.117354268,0.10162613721515834
Ditaxis,Euphorbiaceae,Malpighiales,-0.18384477,0,0.6,0.2,0.01239531,0.097666667,0.9932109557249998,0.8522335164800002,0.749687802,4,0.620248818,-0.273617995,0.069880544
Dithyrea,Brassicaceae,Brassicales,-0.18384477,0,0.5,0,0.00485306,0.4771805556000001,1,0.99650641,0.999236111,3.907222222,0.2730276310050004,-0.537374254,-1.29934175
Dittrichia,Asteraceae,Asterales,-0.18384477,0,0.5,0.25,0.00210989,0.407916371,1,1,1,3.4298143939350005,0.3680370320750001,-0.330129631,0.33953319353591327
Diuris,Orchidaceae,Asparagales,1.5863556812814923,1.111111111,1,0,0,0.5403910256900002,0.994507576,0.8460833332550005,0.957777778,2.712013321,0.5113295366799997,0.5154701009363636,-0.390290852
Dodecatheon,Primulaceae,Ericales,-0.18384477,0,1,0,0,0,1,0.5,1,3.1707997198950006,0.9479504166599998,-0.210505589,-0.418225076
Dodonaea,Sapindaceae,Sapindales,-0.042228733,0.1,1,1,0.001265823,0,1,0.970886905,0,1.821703225,0.9723999999999988,-0.496347528,-1.391965015
Doodia,Blechnaceae,Monilophyta,-0.18384477,0,1,0,0,0,0,0.5,1,0.8665000000000014,0.0814,0.38270050557036356,-0.242827853
Doronicum,Asteraceae,Asterales,-0.062459596,0.133333333,1,0,0.00210989,0.024519231,1,0.5,1,2.2821949856100003,0.7300532499900007,-0.069266043,0.035413797
Dorycnium,Fabaceae,Fabales,-0.18384477,0,1,0.5,0.096494845,0.964689716,1,1,1,1.7778591268150006,0.6149468333399989,-0.441196848,-1.255436993
Doryopteris,Pteridaceae,Monilophyta,0.8782755010926624,0.25,1,0,0,0.790096154,0.997916667,0.47625,0.985486111,2.9953929405199995,0.5718702106399999,3.0489378713457818,0.6936468987120852
Downingia,Campanulaceae,Asterales,-0.142192994,0.055555556,0,0,0,0.5653696581600002,0.998333333,0.9875,0.9284721124350002,2.9863298,0.355802561,-0.329256228,0.1306360246715985
Draba,Brassicaceae,Brassicales,-0.180122291,0.036507937,0.761279737,0,0.00485306,0.6246634615500001,1,1,0.888888889,2.3,0.436492324,-0.534414949,1.2098535126072159
Dracocephalum,Lamiaceae,Lamiales,-0.18384477,0,0.428571429,0,0.004320557,0.873205128,1,0.5,1,1.38148383,0.5186566428750006,-0.375743102,0.5185651659280454
Dracunculus,Araceae,Alismatales,-0.18384477,0,1,0,0.000248447,0.8809294871900001,1,0.563798077,1,2.063157197,0.5592512820550001,0.11770821379245805,-0.29594129
Drosera,Droseraceae,Caryophyllales,-0.120117553,0.12,0.941176471,0,0,0,1,0.5,0.944444444,2.030789651305001,0.6775989940399996,-0.496347528,0.5533010310850187
Dryopteris,Dryopteridaceae,Monilophyta,-0.124892673,0.212765957,1,0,0,0.329693085,0.818181818,0.545454545,0,2.75,0.4484337500200005,1.0124699112585054,1.1722868772015205
Dubautia,Asteraceae,Asterales,0.5748125661797876,1.19047619,1,1,0.00210989,0.146166667,0.9734519104149996,0.8221249057450001,0.8631384198550002,2.666666667,0.6231246190649999,-0.112641945,0.4198001204178544
Dudleya,Crassulaceae,Saxifragales,-0.18384477,0,1,0,0,0,0,0.5,1,0.8665000000000014,0.0814,0.38270050557036356,-0.242827853
Dupontia,Poaceae,Poales,-0.18384477,0,1,0,0.074314214,0.255,0.9984375,0.247008929,0,1.929752525,0.8467577500150008,0.030154827845963714,-1.554184315
Dysphania,Amaranthaceae,Caryophyllales,-0.18384477,0,0.125,0,0.041463415,0.1107499999999999,1,1,0.25,1.8568467387149987,0.4663323030500002,-0.536029115,-0.477202261
Dyssodia,Asteraceae,Asterales,-0.18384477,0,0.625,0,0.00210989,0.4931439394350001,1,0.971186081,0.989791667,3.9725,0.1746780000249997,0.013734829543056059,-1.412465806
Ebenus,Fabaceae,Fabales,-0.18384477,0,1,0.5,0.096494845,0.964689716,1,1,1,1.7778591268150006,0.6149468333399989,-0.441196848,-1.255436993
Echinacea,Asteraceae,Asterales,-0.18384477,0,1,0,0.00210989,0,1,0.7211538877800002,0.9916007575699995,2.863088673039999,0.862,-0.237356612,0.064165058
Echinocereus,Cactaceae,Caryophyllales,-0.18384477,0,1,0.5,0,0.5345192308050001,0.95202116,0.646277547,0.7765739385099999,3,0.3908923535100007,0.76670637,0.8366540237281384
Echinochloa,Poaceae,Poales,-0.18384477,0,0,0,0.074314214,1,1,1,0.166666667,1.8400457438749995,0.2020555769299998,-0.399833838,-1.267498042
Echinodorus,Alismataceae,Alismatales,-0.18384477,0,0.666666667,0,0,0.789102564,1,0.6761447346049999,0.998571429,2,0.5794646153899988,1.2039075823744676,-1.03710825
Echinomastus,Cactaceae,Caryophyllales,-0.18384477,0,1,1,0,0,1,0.5,1,1.9852941180000083,0.9670000000000036,-0.36845952,0.6176545817132467
Echinophora,Apiaceae,Apiales,-0.18384477,0,1,0,0.003968254,0.7852831196800001,1,0.6261130952449999,1,1.908856061,0.5829839166700002,-0.109887934,-0.358759984
Echinopogon,Poaceae,Poales,-0.18384477,0,1,0,0.074314214,0.25,0.9990625,0.25828293,0,1.87319697,0.8483379015250008,0.14461098453133125,-1.542804661
Echinops,Asteraceae,Asterales,-0.062459596,0.133333333,0.9,0,0.00210989,0,1,1,1,2.4518625090750006,0.7316183333550001,-0.106705732,-0.259817095
Echinospartum,Fabaceae,Fabales,-0.18384477,0,1,1,0.096494845,1,1,1,1,1.5446760911150017,0.6807733333349987,-0.447249972,-1.24694488
Echium,Boraginaceae,Boraginales,-0.18384477,0,0.25862069,0.090909091,0.001824818,0.01,1,1,1,3.25,0.8805,-0.522991619,-0.973515993
Edraianthus,Campanulaceae,Asterales,-0.18384477,0,1,0,0,0,1,0.6188333333300001,0.995541667,3.1633543125650005,0.8999933333299996,-0.364187667,-1.070849206
Ehrharta,Poaceae,Poales,-0.18384477,0,0.833333333,0,0.074314214,0.5855035461250003,1,0.599637724,0.326907787,1.6450031975049992,0.4016456154550001,-0.395058596,-0.367949629
Eichhornia,Pontederiaceae,Commelinales,-0.18384477,0,1,0,0.03030303,0,0.98808042,0.7740635822599999,0.7673111163699999,2.163171744,0.59,-0.414966647,-1.590640909
Einadia,Amaranthaceae,Caryophyllales,-0.18384477,0,1,0,0.041463415,0.033888889,1,0.4050624999949999,0,1.800339986,0.7797637499900009,-0.449940249,-1.019874564
Elachanthus,Asteraceae,Asterales,-0.18384477,0,0,0,0.00210989,0.540991162,1,1,0.995,3.945070455,0.034175,-0.055425688,-0.8898522
Elaeagnus,Elaeagnaceae,Rosales,-0.18384477,0,1,1,0,0,1,0.5,0.666666667,2,0.9090856845199992,-0.507781206,-0.312361229
Elaeocarpus,Elaeocarpaceae,Oxalidales,-0.18384477,0,1,1,0,0,1,0.5,1,1.985294118,0.9670000000000036,-0.36845952,0.6176545817132467
Elaeoselinum,Apiaceae,Apiales,-0.18384477,0,1,0,0.003968254,0.7852831196800001,1,0.6261130952449999,1,1.908856061,0.5829839166700002,-0.109887934,-0.358759984
Elaphoglossum,Dryopteridaceae,Monilophyta,0.17019532064892345,0.222222222,1,0,0,0.7072339744449999,0.993238636,0.4942500000000001,0.961111111,3.128571429,0.5169715357450001,2.402568087142743,1.3169287753719188
Elatine,Elatinaceae,Malpighiales,-0.18384477,0,0.204545455,0,0,0,1,0.5,1,1.3050304834399982,0.7416152381000002,-0.426494484,0.14229731809078222
Eleocharis,Cyperaceae,Poales,-0.180205294,0.029126214,0.798701299,0,0.00045977,0.5922222222350001,1,0.5625,0,1.169722222,0.1264662262250001,-0.180912541,2.6966144061393233
Elephantopus,Asteraceae,Asterales,-0.18384477,0,1,0,0.00210989,0,1,0.5233750000000001,1,3.2945950335699994,0.9172816666650004,-0.096785013,-0.090371872
Eleusine,Poaceae,Poales,-0.18384477,0,0.444444444,0,0.074314214,0.9875,1,1,0,2.0949621213100005,0.120996064,-0.320186116,0.1685939489574935
Elodea,Hydrocharitaceae,Alismatales,-0.18384477,0,1,0,0,0.7419444444850001,1,0,0,2.164472583,0.201434571,0.031619347,-1.590640909
Elymus,Poaceae,Poales,-0.069275075,0.539344262,1,0,0.074314214,0.6847222222249999,1,0.571428571,0,1.871337599,0.069,0.8444193083762732,0.22553695361862292
Elytrigia,Poaceae,Poales,0.061259908,0.25,1,0,0.074314214,0.275,1,0.5,0,2.116720085,0.7908229166900004,0.21507530818950477,-0.011277488
Emex,Polygonaceae,Caryophyllales,0.8782755010926624,0.25,0,0,0.002727273,0.14,0.996666667,0.9996,0.9025,2.9904356803350005,0.3011895835649991,-0.351562486,-0.209830786
Emilia,Asteraceae,Asterales,1.9403957710572715,0.333333333,0.935088,0,0.00210989,0,0.632782222,0.6281230820149992,1,1.9807099512750008,0.231865833,-0.104239645,1.385365090552941
Empetrum,Ericaceae,Ericales,-0.18384477,0,1,1,0,0,1,0.5,0.5,0.9740492066649996,0.8955090919949997,-0.455993372,-1.590640909
Enarthrocarpus,Brassicaceae,Brassicales,-0.18384477,0,0,0,0.00485306,0.5073888889250001,1,1,1,4,0.203330393,-0.50374579,-1.35941345
Encelia,Asteraceae,Asterales,1.4852013696438673,0.785714286,1,1,0.00210989,0.015,0.9975,0.7841375646100004,0.9587223851350004,2.319741725,0.8946464583299998,-0.374612491,0.6223922109775859
Enceliopsis,Asteraceae,Asterales,-0.18384477,0,1,0,0.00210989,0,1,0.5233750000000001,1,3.2945950335699994,0.9172816666650004,-0.096785013,-0.090371872
Endressia,Apiaceae,Apiales,-0.18384477,0,1,0,0.003968254,0.7852831196800001,1,0.6261130952449999,1,1.908856061,0.5829839166700002,-0.109887934,-0.358759984
Enneapogon,Poaceae,Poales,-0.18384477,0,0.833333333,0,0.074314214,0.8929669030900003,1,0.8631968017849997,0,3.150177739,0.09089652,-0.288846054,0.46654989560551363
Entolasia,Poaceae,Poales,-0.18384477,0,1,0,0.074314214,0.255,0.9984375,0.247008929,0,1.929752525,0.8467577500150008,0.030154827845963714,-1.554184315
Epacris,Ericaceae,Ericales,-0.18384477,0,1,1,0,0,1,0.5,1,1.9852941180000083,0.9670000000000036,-0.36845952,0.6176545817132467
Ephedra,Ephedraceae,Gnetophyta,-0.136986522,0.058823529,1,1,0,0.006,0.9975,0.855741422,0,0.7336968877500005,0.9055979523200004,1.584850816036914,-0.622385294
Epilobium,Onagraceae,Myrtales,-0.130659611,0.504918033,0.87295082,0.020491803,0.001538462,0,1,0.575,0.95,1.9971529201250005,0.395,-0.53154532,0.43404466428823196
Epimedium,Berberidaceae,Ranunculales,-0.18384477,0,0.9200526523200004,0,0,0.01,1,0.6850933891200003,1,2,0.773302708,-0.034292441,0.079900195
Epipactis,Orchidaceae,Asparagales,-0.100541219,0.111111111,1,0,0,0.8380128205850009,1,0.5,1,2.8031528055650003,0.5502272436100004,1.3693780446140622,0.6080709850995949
Equisetum,Equisetaceae,Monilophyta,-0.011442639,0.608695652,1,0,0,0.4640384615650002,1,0.5,0.5,1.8414969479050003,0.4191832381850001,2.2369419509986375,0.1801857773414092
Eragrostis,Poaceae,Poales,-0.18384477,0,0.454545455,0,0.074314214,1,0.416666667,1,0,0,0.1553771794900001,-0.489621836,-1.590640909
Erechtites,Asteraceae,Asterales,-0.18384477,0,0,0,0.00210989,0.5430744949950002,1,1,1,3.880420455,0.069036,0.1374369123791364,-0.794137586
Eremalche,Malvaceae,Malvales,-0.18384477,0,0,0,0.006153846,0.4928522727650001,1,0.99875,0.985,3.938238636,0.1754735714449999,-0.432418628,-1.011901123
Eremochloa,Poaceae,Poales,-0.18384477,0,1,0,0.074314214,0.7181619385400001,0.995,0.134818548,0.028001761,2.2454807692550007,0.1448585,-0.474152742,0.40067012242878797
Eremogone,Caryophyllaceae,Caryophyllales,-0.18384477,0,1,0,0.001818182,0,1,0.8792686688299998,0.975939394,3.172054711,0.9032799999999988,-0.491639543,0.3118250959470437
Eremophila,Scrophulariaceae,Lamiales,-0.18384477,0,1,1,0.001764706,0,0.999772727,0.57,1,2,0.93530525,-0.324842365,0.2108524021231375
Eremopyrum,Poaceae,Poales,-0.18384477,0,0,0,0.074314214,0.932606383,1,1,0,1.874412879,0.083307949,0.15402695428993696,0.3111324138999972
Eremurus,Xanthorrhoeaceae,Asparagales,-0.18384477,0,1,0,0,0,0,0.5,1,0.8665000000000014,0.0814,0.38270050557036356,-0.242827853
Erianthus,Poaceae,Poales,-0.18384477,0,1,0,0.074314214,0.255,0.9984375,0.247008929,0,1.929752525,0.8467577500150008,0.030154827845963714,-1.554184315
Eriastrum,Polemoniaceae,Ericales,-0.18384477,0,0.0625,0,0,0.901972222,1,0.8997857142800001,0.080313725,2.256384362464998,0.1152733333349997,-0.402245735,0.033909737
Erica,Ericaceae,Ericales,-0.093907166,0.21875,1,1,0,0,1,0.333333333,0.972222222,2.4911424279000003,0.8738037500099982,-0.495674959,0.062117404
Ericameria,Asteraceae,Asterales,-0.100541219,0.111111111,1,1,0.00210989,0.005,1,0.7679019382950001,0.977514052,2.4901077491550017,0.9028113690449986,-0.448784756,0.32714943496075755
Erigeron,Asteraceae,Asterales,-0.179150315,0.066298343,0.860424028,0,0.00210989,0,0.909090909,0.727272727,1,3,0.6559860833350009,-0.398824984,1.9578107838145782
Eriocaulon,Eriocaulaceae,Poales,-0.18384477,0,0.666666667,0,0,0.5,0.9875,0.6543996042800001,0,2,0.2146926547999999,-0.022186194,0.5418509017422477
Eriochlamys,Asteraceae,Asterales,-0.18384477,0,0,0,0.00210989,0.540991162,1,1,0.995,3.945070455,0.034175,-0.055425688,-0.8898522
Eriochloa,Poaceae,Poales,-0.18384477,0,0,0,0.074314214,0.901106383,1,1,0,2.165700758,0.062587564,-0.003690539,0.46823642561631446
Eriodictyon,Boraginaceae,Boraginales,-0.18384477,0,1,1,0.001824818,0.3,0.989174078,0.874615843,1,4.015581950730001,0.4663008653949997,-0.471338771,-0.994437468
Eriogonum,Polygonaceae,Caryophyllales,-0.182795969,0.020242915,0.613360324,0.089068826,0.002727273,0.056,1,0.7645772698599993,0.8469691558449999,2.196369581295001,0.8,-0.233491313,0.41058139690430606
Erioneuron,Poaceae,Poales,-0.18384477,0,1,0,0.074314214,0.255,0.9984375,0.247008929,0,1.929752525,0.8467577500150008,0.030154827845963714,-1.554184315
Eriophorum,Cyperaceae,Poales,-0.164236395,0.038461538,1,0,0.00045977,0.6130662393400002,1,0.4,0,1.8447463440649996,0.1939518809900002,-0.515852037,-0.364725012
Eriophyllum,Asteraceae,Asterales,-0.130738756,0.0625,0.388888889,0.333333333,0.00210989,0.183039689,1,1,1,2.8821553773100006,0.648473571,-0.334159249,-0.096890398
Eriostemon,Rutaceae,Sapindales,-0.18384477,0,1,1,0.001652893,0.30625,0.989174078,0.8710581501899999,0.998402778,4.061858795,0.4641046153949998,-0.481468027,-0.996217621
Eritrichium,Boraginaceae,Boraginales,-0.18384477,0,1,0,0.001824818,0,1,0.918898945,0.9547310605950002,2.9124039613750003,0.9151054999999992,-0.346034267,0.40717725381727754
Erodium,Geraniaceae,Geraniales,-0.181351529,0.013888889,0.47133758,0,0,0.9664423077000002,1,1,1,1.7729839645999994,0.5386422179550001,-0.319280157,0.868942117
Erophila,Brassicaceae,Brassicales,-0.18384477,0,0,0,0.00485306,0.5057222222600002,1,1,1,3.96,0.192486226,-0.5319937,-1.234120018
Erucastrum,Brassicaceae,Brassicales,-0.18384477,0,0.7,0,0.00485306,0.919125,1,1,1,0,0.5182294359050003,-0.445904833,1.2979427937184316
Eryngium,Apiaceae,Apiales,-0.16885013,0.058823529,0.704819277,0.058823529,0.003968254,0.02,1,1,0.984848485,2.797480349,0.887,-0.363851382,2.0613122424567556
Erysimum,Brassicaceae,Brassicales,-0.180362408,0.016393443,0.427419355,0.024590164,0.00485306,0.4473750000200001,1,1,1,4,0.3334048983750005,-0.515275549,0.7280883570253877
Erythronium,Liliaceae,Liliales,-0.18384477,0,1,0,0,0.02125,1,0.6084536755600001,0.9152242063249992,2.698102785,0.82,3.6262138430534816,-0.827653727
Escallonia,Escalloniaceae,Escalloniales,-0.18384477,0,1,1,0,0.4287500000300001,0.994891026,1,1,2.037066406,0.5472389487300001,-0.265656269,6.178976207803044
Eschscholzia,Papaveraceae,Ranunculales,-0.18384477,0,0.107142857,0,0,0.974807692,1,1,1,1.9767814393649976,0.4890137820549994,-0.433798586,0.9893582639290457
Eucalyptus,Myrtaceae,Myrtales,-0.181436561,0.02739726,1,1,0.003243243,0,0.993987534,0.6757954807850001,1,3.5,0.75925,-0.500719229,-1.171063993
Euchiton,Asteraceae,Asterales,-0.18384477,0,0.777777778,0,0.00210989,0.035,0.995,0.6154449978950002,0.970638528,1.6262223987199995,0.7196654166649995,0.012944833454096145,0.4308133237754329
Eucnide,Loasaceae,Cornales,-0.18384477,0,0.5,0.5,0,0.504870886,0.999356061,0.8739375000149999,0.9450666666949994,2.328223261,0.4778491364800004,-0.505090929,1.0861350111256345
Eucrypta,Boraginaceae,Boraginales,-0.18384477,0,0,0,0.001824818,0.5863661616550001,1,1,1,3.5928049783600007,0.1695097380999999,-0.310752039,-0.224679946
Eugenia,Myrtaceae,Myrtales,1.9403957710572715,0.333333333,1,1,0.003243243,0.0175,0.995833333,0.819999466,1,1.993288591,0.835,-0.549864826,-0.81945476
Eulalia,Poaceae,Poales,-0.18384477,0,0,0,0.074314214,0.901106383,1,1,0,2.165700758,0.062587564,-0.003690539,0.46823642561631446
Euonymus,Celastraceae,Celastrales,-0.18384477,0,1,1,0,0.635833333,1,1,1,1.59375,0.6225250641099995,-0.499710375,2.162944610736379
Eupatorium,Asteraceae,Asterales,-0.18384477,0,1,0,0.00210989,0.6243803418950001,1,0.5,1,1.2957679924200003,0.5116308535100003,-0.24682433,-1.590640909
Euphorbia,Euphorbiaceae,Malpighiales,-0.182320924,0.024390244,0.599489796,0.043902439,0.01239531,0,0.961538462,0.821428571,1,2.062111801,0.5378839166700008,0.20339353859576947,3.7477376002016034
Euphrasia,Orobanchaceae,Lamiales,0.018705849393919522,1.207792208,0.075,0,0,0.407897436,1,1,1,2.667781946590001,0.4687722583249995,-0.21857642,0.4099171776787816
Eutaxia,Fabaceae,Fabales,6.188876852827524,0.5,1,1,0.096494845,0.8447831424050001,0.995416667,0.9567440476200002,0.986666667,1.9288091907949991,0.5708302564149992,-0.367886798,1.877117268025993
Euthamia,Asteraceae,Asterales,-0.18384477,0,1,0,0.00210989,0,1,0.5,1,3.4650744047700006,0.917595833,1.1050398999091102,0.7516959880751788
Evax,Asteraceae,Asterales,-0.18384477,0,0,0,0.00210989,0.540991162,1,1,0.995,3.945070455,0.034175,-0.055425688,-0.8898522
Evonymus,Celastraceae,Celastrales,-0.18384477,0,1,1,0,0,1,0.5,1,1.9852941180000083,0.9670000000000036,-0.36845952,0.6176545817132467
Exocarpos,Santalaceae,Santalales,-0.18384477,0,1,0.888888889,0.002139037,0.001,0.9996875,0.724924246,0,3,1.003664583199998,-0.211751477,-0.104949894
Fagopyrum,Polygonaceae,Caryophyllales,-0.18384477,0,0.166666667,0,0.002727273,0.4976578283200001,1,1,1,3.9925,0.1481353214599998,-0.392099292,-1.341509598
Fagus,Fagaceae,Fagales,-0.18384477,0,1,1,0.001492537,0,1,1,0,2,1.015,-0.505667417,-1.357125062
Fallopia,Polygonaceae,Caryophyllales,0.42308109929689525,0.285714286,0.571428571,0.142857143,0.002727273,0.116111111,1,0.833333333,0.833333333,2.094079306,0.3454297350249991,-0.345355728,1.8564903773479304
Ferocactus,Cactaceae,Caryophyllales,-0.18384477,0,1,1,0,0,0.999772727,0.5822419093299999,0.987415323,2,0.929740161,-0.397479846,1.1642286539144164
Ferula,Apiaceae,Apiales,-0.18384477,0,1,0,0.003968254,0.6635694446100002,1,0.3414772726849999,0.988140097,3.319840152,0.3192689295050001,-0.330671298,-0.134192497
Ferulago,Apiaceae,Apiales,-0.18384477,0,1,0,0.003968254,0.7852831196800001,1,0.6261130952449999,1,1.908856061,0.5829839166700002,-0.109887934,-0.358759984
Festuca,Poaceae,Poales,-0.180540598,0.061181435,0.995780591,0,0.074314214,0.8888829787450002,1,0.838709677,0,1,0.001,0.1756500562713064,0.7988626286707406
Festucopsis,Poaceae,Poales,-0.18384477,0,1,0,0.074314214,0.255,0.9984375,0.247008929,0,1.929752525,0.8467577500150008,0.030154827845963714,-1.554184315
Fibigia,Brassicaceae,Brassicales,-0.18384477,0,1,0,0.00485306,0.4648980497200002,0.999791667,0.8906324404150009,1,3.944645833,0.3219398214750005,-0.413621508,-1.473602317
Filago,Asteraceae,Asterales,-0.150126666,0.071428571,0,0,0.00210989,0.296955128,1,1,1,3.935017677,0.4129058333550002,-0.395389178,-1.031417283
Filipendula,Rosaceae,Rosales,-0.18384477,0,1,0,0.001060071,0,1,0.5,1,3.143928513,0.96,-0.095342,0.24016770726211895
Fimbristylis,Cyperaceae,Poales,-0.18384477,0,0.454545455,0,0.00045977,0.5,0.99,0.8426031746149997,0,2.4990270028449983,0.1641581666999998,-0.214562163,0.6578350724129994
Foeniculum,Apiaceae,Apiales,-0.18384477,0,0.5,0,0.003968254,0.5026161616700001,1,0.9762499999749998,1,3.964375,0.2135621666900003,0.03834504,-1.590640909
Forestiera,Oleaceae,Lamiales,-0.18384477,0,1,1,0.003252033,0.365277778,0.995335145,0.91340522,1,4,0.5001329487250001,-0.484345533,-0.767232217
Forsythia,Oleaceae,Lamiales,-0.18384477,0,1,1,0.003252033,0,1,0.5,1,2.294499108805001,0.9430047916650008,-0.404018641,-0.348869085
Fragaria,Rosaceae,Rosales,-0.18384477,0,1,0,0.001060071,0.7938942308599996,1,0.25,1,3.0040485389650007,0.3522723800599998,-0.543875757,1.7180072994362343
Frangula,Rhamnaceae,Rosales,-0.18384477,0,1,1,0.004444444,0.627606383,1,1,1,0.5,0.6331649807749993,-0.53154532,-0.820644147
Frankenia,Frankeniaceae,Caryophyllales,-0.18384477,0,0.8125,0.8,0,0.3605608974700001,0.987856661,0.5,1,2,0.5127130261150004,-0.542754808,1.2076129589657698
Frasera,Gentianaceae,Gentianales,-0.18384477,0,0.625,0,0,0.8553525641049999,1,0.7376471336949999,0.9775,1.8405677759700003,0.5678809102599987,0.061057855,-0.375566979
Fraxinus,Oleaceae,Lamiales,-0.153498476,0.047619048,1,1,0.003252033,0.0075,1,0.833333333,0.25,2.25,0.9775,-0.434336642,-0.131204938
Fremontodendron,Malvaceae,Malvales,-0.18384477,0,1,1,0.006153846,0.003333333,1,0.6346099874050001,0.8989128264150001,1.9512841365800029,0.9277070357100008,-0.374424509,0.7399620560754862
Fritillaria,Liliaceae,Liliales,-0.177687551,0.02173913,1,0,0,0.8884294871849999,1,1,1,2.6167022145450005,0.4623028022150006,7.8489011677300144,-0.184047502
Froelichia,Amaranthaceae,Caryophyllales,6.188876852827524,0.5,0,0,0.041463415,0.051359848,0.8723953180600005,0.98125,1,2,0.2635408334599999,0.7404649567563509,0.22118821733312755
Fuchsia,Onagraceae,Myrtales,-0.18384477,0,1,1,0.001538462,0,0.994545455,0.8017410714250002,1,1.5,0.8996639464300006,-0.390029848,-0.32104506
Fuirena,Cyperaceae,Poales,-0.18384477,0,0.5,0,0.00045977,0.926324786,1,0.900251734,0.937779503,1.8334138257349997,0.5499619487200001,-0.026761265,-0.087874721
Fumana,Cistaceae,Malvales,0.043752431,0.125,1,1,0.011428571,0.294106383,1,1,1,3.0001894840850007,0.5240479487299997,-0.255402048,-0.629243301
Fumaria,Papaveraceae,Ranunculales,-0.163851917,0.078431373,0,0,0,1,1,1,1,1.9315204829399988,0.4672916694199999,-0.511816621,0.5462312242588431
Gagea,Liliaceae,Liliales,-0.18384477,0,1,0,0,0.8991185897999995,1,0.25,1,3.239020546135001,0.391878965,1.173257640381291,1.2062793902898572
Gahnia,Cyperaceae,Poales,-0.18384477,0,1,0,0.00045977,0.682019231,1,0.374607143,0,2.175480769240001,0.127935167,-0.419475402,0.6207484950398564
Gaillardia,Asteraceae,Asterales,-0.18384477,0,0.769230769,0,0.00210989,0.5091161616600001,0.999791667,0.9242525048649998,0.9956249999650004,3.9705625,0.1845777820799998,-0.083775618,-1.293575384
Galactia,Fabaceae,Fabales,-0.18384477,0,1,0,0.096494845,0.963333333,0.9975,0.9642499999999996,1,2.458391341975001,0.4271919230899998,-0.28847685,-0.585117563
Galactites,Asteraceae,Asterales,-0.18384477,0,0,0,0.00210989,0,0.9925,0.9995,1,1.999771374,0.6946749166850015,-0.402071892,0.8678231122982476
Galanthus,Amaryllidaceae,Asparagales,0.10582439511348443,0.25,1,0,0,0.8664102564449998,1,0.5,1,3.0219051367300023,0.5821648901299997,4.755998102649893,0.09153843
Galega,Fabaceae,Fabales,-0.18384477,0,1,0,0.096494845,0.957916667,1,1,1,2.379277651485001,0.468720192,-0.288523624,-0.566770756
Galeopsis,Lamiaceae,Lamiales,0.14416296108222051,0.411764706,0,0,0.004320557,0.115208333,1,1,1,2.992154852,0.2553708335849992,-0.404422563,-0.372567286
Galinsoga,Asteraceae,Asterales,-0.18384477,0,0,0,0.00210989,0,1,1,1,1.973022547,0.7156623333450007,-0.405999057,0.9162195293289591
Galium,Rubiaceae,Gentianales,-0.178625963,0.106870229,0.825726141,0.024621212,0.0006,0.03,1,0.685185185,1,2.666666667,0.7741980416649996,-0.381093613,0.2673736244130025
Gamochaeta,Asteraceae,Asterales,-0.18384477,0,0.25,0,0.00210989,0,1,0.931499351,0.5,3,0.8977037499999996,-0.319540854,1.1819248944498388
Gardenia,Rubiaceae,Gentianales,-0.18384477,0,1,1,0.0006,0,0.6298015837300003,0.661735868,0.98969834,2.307692308,0.2934500000000001,-0.410931231,1.2991747322974818
Garrya,Garryaceae,Garryales,-0.18384477,0,1,1,0,0,0.997854767,0.5375752426899999,0.979017473,2.049620598,0.9343161607150016,-0.381338183,1.583145256333969
Gastridium,Poaceae,Poales,-0.18384477,0,0,0,0.074314214,0.935106383,1,1,0,1.357328813,0.060413333,0.6355865505157665,0.48516449372204196
Gastrodia,Orchidaceae,Asparagales,-0.18384477,0,1,0,0,0,1,0.7097916666649999,0.992314394,3,0.9086044166599988,-0.187959186,-0.34958191
Gaudinia,Poaceae,Poales,-0.18384477,0,0.5,0,0.074314214,0.995,1,1,0,2.0325,0.129258397,-0.314003701,-0.005401927
Gaultheria,Ericaceae,Ericales,-0.042228733,0.1,1,1,0,0.4379487180300001,0.999144814,0.6866097628949999,1,2,0.5347426749250006,-0.084997825,1.3243151553155794
Gaura,Onagraceae,Myrtales,-0.18384477,0,0.5,0,0.001538462,0,1,0.9237681818050004,0.9310189393849996,2.946732431,0.9067974999999994,-0.367111102,0.5224258588879818
Gaylussacia,Ericaceae,Ericales,-0.18384477,0,1,1,0,0,1,0.5,1,1.9852941180000083,0.9670000000000036,-0.36845952,0.6176545817132467
Gayophytum,Onagraceae,Myrtales,0.009268007,0.166666667,0,0,0.001538462,0.144045649,0.973333333,0.991,0.7305313852700002,2.860627402,0.507305167,-0.298080389,-0.02221616
Gazania,Asteraceae,Asterales,6.188876852827524,0.5,1,0,0.00210989,0,0.6135701624649997,0.7079065064549998,0.892261364,4,0.2584100000549998,4.551561783807523,0.5054691304434574
Genista,Fabaceae,Fabales,-0.175695509,0.043478261,1,1,0.096494845,0.910221631,1,0.9,1,1.5740969966150014,0.6491063621849992,-0.398824984,0.546334138
Genoplesium,Orchidaceae,Asparagales,-0.18384477,0,1,0,0,0,0,0.5,1,0.8665000000000014,0.0814,0.38270050557036356,-0.242827853
Gentiana,Gentianaceae,Gentianales,-0.150739722,0.142857143,0.865384615,0,0,0.473461538,1,0.807692308,1,2.9827659313450003,0.4346229369399996,-0.092402426,-0.818166011
Gentianella,Gentianaceae,Gentianales,-0.121129096,0.172222222,0,0,0,0.5752564102800002,1,1,1,1.909090909,0.4228751319099998,-0.196328194,-0.032046878
Gentianopsis,Gentianaceae,Gentianales,-0.18384477,0,0.1875,0,0,0.8366079059900001,1,0.5,1,2.1482534286400004,0.4946776153949999,0.708224032,-1.590640909
Geraea,Asteraceae,Asterales,3.0025160416591525,0.25,0,0,0.00210989,0.144911616,0.9013470065900008,0.9976,0.8475,2.803431925749999,0.2949125835649994,0.13453762011028508,0.43433370774099583
Geranium,Geraniaceae,Geraniales,-0.180159411,0.037878788,0.681818182,0.03030303,0,0,1,0.8,0.975,2.375,0.88,-0.408913523,0.44773938410187447
Geum,Rosaceae,Rosales,-0.140843949,0.128205128,1,0,0.001060071,0.144568376,1,0.5,1,2.7259614676900004,0.62575,-0.064576063,-0.228979867
Gilia,Polemoniaceae,Ericales,-0.18384477,0,0.695121951,0,0,0.7945833333350001,1,0.6731650535200001,0.98,1.9229204545350005,0.573,0.059963393550654595,-0.590719251
Githopsis,Campanulaceae,Asterales,-0.18384477,0,0,0,0,0,0.98875,0.996166667,1,1.906504913199999,0.6995553333350021,-0.397644213,0.891297665
Gladiolus,Iridaceae,Asparagales,-0.087288381,0.083333333,1,0,0,0.903846154,1,0.5,1,2,0.5220862674150003,-0.400170123,0.7160314637994427
Glaucium,Papaveraceae,Ranunculales,-0.18384477,0,0.3,0,0,0.979519231,1,1,1,1.792387689364999,0.5050101282099997,-0.505090929,0.9597691253237057
Glechoma,Lamiaceae,Lamiales,0.4534273927244555,0.2,1,0,0.004320557,0.288803419,1,0.5,1,3.000464271,0.5362639881549993,-0.403679068,-0.649692758
Gleichenia,Gleicheniaceae,Monilophyta,-0.18384477,0,1,0,0,0,0,0.5,1,0.8665000000000014,0.0814,0.38270050557036356,-0.242827853
Glinus,Molluginaceae,Caryophyllales,-0.18384477,0,0,0,0.022988506,0,0.971698718,0.9905000000000002,0.691136364,2.455146194,0.4585557500150007,-0.434973821,-0.242096876
Globularia,Plantaginaceae,Lamiales,-0.123152183,0.066666667,1,0.4,0.005925926,0.4509461265900001,1,0.666666667,1,2.179934031255001,0.5436507106500005,-0.503073221,0.9483697838203523
Glossodia,Orchidaceae,Asparagales,12.561598475164267,1,1,0,0,0.416688034,0.977272727,0.6991643138900002,0.720791667,2.472366217,0.4721350321000001,6.6619822780501305,-0.647497379
Glossopetalon,Crossosomataceae,Crossosomatales,-0.18384477,0,1,1,0,0,1,0.5,1,1.9852941180000083,0.9670000000000036,-0.36845952,0.6176545817132467
Glossostigma,Phrymaceae,Lamiales,-0.18384477,0,0.5,0,0,0,1,0.92025,1,3.040760397,0.9077439999999996,-0.358027868,0.7523066755184541
Glyceria,Poaceae,Poales,-0.162672937,0.069767442,0.988636364,0,0.074314214,0.691601655,1,0.357142857,0,0.9250000000249996,0.1230052381150001,-0.057159796,2.8920125358184663
Glycine,Fabaceae,Fabales,-0.18384477,0,1,0,0.096494845,0.9684397163199998,0.9925,0.920059524,1,2.907429761915002,0.246,-0.402227394,-0.686133802
Glycyrrhiza,Fabaceae,Fabales,-0.18384477,0,1,0,0.096494845,0.963333333,0.9975,0.9642499999999996,1,2.458391341975001,0.4271919230899998,-0.28847685,-0.585117563
Glyptopleura,Asteraceae,Asterales,-0.18384477,0,0,0,0.00210989,0.540991162,1,1,0.995,3.945070455,0.034175,-0.055425688,-0.8898522
Gnaphalium,Asteraceae,Asterales,-0.18384477,0,0.269230769,0,0.00210989,0.6292361111800002,1,0.6,0.681818182,2.5,0.303832284,-0.106720739,0.24553260936142546
Gnephosis,Asteraceae,Asterales,-0.18384477,0,0,0,0.00210989,0,0.9925,0.9995,1,1.999771374,0.6946749166850015,-0.402071892,0.8678231122982476
Gomphocarpus,Apocynaceae,Gentianales,-0.18384477,0,1,1,0.000658617,0,1,0.737678087,1,2.6,0.862375417,-0.518542314,-0.803565543
Gompholobium,Fabaceae,Fabales,-0.18384477,0,1,1,0.096494845,1,1,1,1,1.5446760911150017,0.6807733333349987,-0.447249972,-1.24694488
Gomphrena,Amaranthaceae,Caryophyllales,-0.18384477,0,0.25,0,0.041463415,0.045662879,0.971891026,0.9739855699750002,1,2.128865375,0.4372687500050006,-0.412243407,0.31776547432702384
Goniolimon,Plumbaginaceae,Caryophyllales,-0.18384477,0,1,0,0.001196172,0.008888889,1,0.5684720696100004,0.8556829709900003,2.3296090042250004,0.8113659997750005,0.071662236,0.026859333
Gonocarpus,Haloragaceae,Saxifragales,0.2713496320953667,0.25,1,0,0,0.7391089744449998,0.994791667,0.481805556,0.977986111,3.1417888780349954,0.5434775595499999,3.2460942711479315,0.7781351470756461
Goodenia,Goodeniaceae,Asterales,-0.18384477,0,0.92,0.08,0,0.8529166666799998,0.999545455,0.7475211455549998,1,1.8951493442650005,0.5688420531249998,-0.515852037,0.20089678948671366
Goodia,Fabaceae,Fabales,-0.18384477,0,1,1,0.096494845,1,1,1,1,1.5446760911150017,0.6807733333349987,-0.447249972,-1.24694488
Goodyera,Orchidaceae,Asparagales,-0.18384477,0,1,0,0,0,1,0.5,1,3.170545581890001,0.9447683333299992,0.066592949,-0.0811824
Gossypium,Malvaceae,Malvales,-0.18384477,0,0.4,0.8,0.006153846,0,0.9856963667399996,0.8958315566350004,0.8905380952599998,2.487607061185001,0.5970773690400009,-0.324905665,0.2428025410808596
Gouania,Rhamnaceae,Rosales,-0.18384477,0,1,1,0.004444444,0.417638889,0.998541667,0.92197619,1,4,0.5063827820600004,-0.464727304,-0.693525668
Grammitis,Polypodiaceae,Monilophyta,-0.032113302,0.071428571,1,0,0,0.8789529915350016,1,0.3637499999749999,0.995,3,0.5237822436100003,1.699609351048678,0.31975822549576316
Gratiola,Plantaginaceae,Lamiales,-0.146577392,0.052631579,0.529411765,0,0.005925926,0.5279540598550002,1,0.5,1,2.309685655,0.5197759496950003,-0.331267746,0.45967094428663285
Grayia,Amaranthaceae,Caryophyllales,-0.18384477,0,0,0,0.041463415,0.062328283,0.980416667,0.99,0.613077652,2.147842950794999,0.4261375833450004,-0.443214556,-1.590640909
Grevillea,Proteaceae,Proteales,-0.129454542,0.157894737,1,1,0.000625,0,0.5981265517250001,0.681143263,1,2.046614767225001,0.253,-0.474152742,1.2034855774139286
Grindelia,Asteraceae,Asterales,0.077026876,0.368421053,0.78125,0.052631579,0.00210989,0.095718726,0.959288987,0.718502401,0.7453920635099998,2.3243766742199994,0.4129237501299992,-0.047981565,1.117703116752667
Grusonia,Cactaceae,Caryophyllales,-0.18384477,0,1,1,0,0,1,0.5,1,1.9852941180000083,0.9670000000000036,-0.36845952,0.6176545817132467
Guilleminea,Amaranthaceae,Caryophyllales,-0.18384477,0,1,0,0.041463415,0.025555556,0.99875,0.4771875,0,2.002712188,0.8132690833250006,-0.187638234,-0.425188395
Guillenia,Brassicaceae,Brassicales,-0.18384477,0,0,0,0.00485306,0.5057222222600002,1,1,1,3.94,0.191902298,-0.534683977,-1.227458813
Gunnera,Gunneraceae,Gunnerales,-0.18384477,0,1,0,0,0.7486324786400002,1,0.583202381,1,2,0.5712920000099997,0.3114081631123458,-1.590640909
Gutierrezia,Asteraceae,Asterales,-0.18384477,0,0.8,0.6,0.00210989,0.355138889,0.998522727,0.8709825497049993,0.9438209956849996,2.861751319,0.4979283928650006,-0.260891422,0.5300348473267879
Gymnadenia,Orchidaceae,Asparagales,3.0025160416591525,0.25,1,0,0,0.084519231,0.583333333,1,1,3,0.2463526667449999,0.15537209282688058,-0.061099274
Gymnosteris,Polemoniaceae,Ericales,-0.18384477,0,0,0,0,0,0.98875,0.996166667,1,1.906504913199999,0.6995553333350021,-0.397644213,0.891297665
Gynatrix,Malvaceae,Malvales,-0.18384477,0,1,1,0.006153846,0.003333333,1,0.6346099874050001,0.8989128264150001,1.9512841365800029,0.9277070357100008,-0.374424509,0.7399620560754862
Gypsophila,Caryophyllaceae,Caryophyllales,-0.18384477,0,0.75,0,0.001818182,0,1,0.916666667,1,3.757916667,0.9154500000000004,-0.491639543,-0.416914239
Habenaria,Orchidaceae,Asparagales,0.18031075174895872,0.4,1,0,0,1,1,0.6663749999899999,1,2.192307692,0.6052500000050001,1.496475214159715,0.33739262800357345
Hackelia,Boraginaceae,Boraginales,-0.18384477,0,0.826923077,0,0.001824818,0.02,0.999318182,0.5602612592400001,0.996666667,1.6355817359299996,0.7269832083299991,-0.06646269,0.18430359893906106
Hakea,Proteaceae,Proteales,-0.18384477,0,1,1,0.000625,0,1,0.686983311,1,2.725632278660001,0.8704935416649997,-0.45801108,-1.471435372
Halgania,Boraginaceae,Boraginales,-0.18384477,0,1,1,0.001824818,0.3,0.989174078,0.874615843,1,4.015581950730001,0.4663008653949997,-0.471338771,-0.994437468
Halimione,Amaranthaceae,Caryophyllales,-0.18384477,0,0.666666667,0.666666667,0.041463415,0.085598485,0.985108327,0.7751907392550003,0.1857188734999999,2.480251373054999,0.7179020757300003,-0.1637707,-0.112945688
Halimium,Cistaceae,Malvales,0.081685298,0.166666667,1,1,0.011428571,0.00125,1,0.6961726190450002,0.689387537,1.735549160729999,0.8859829880899998,-0.245094866,0.064827864
Halimolobos,Brassicaceae,Brassicales,-0.18384477,0,0.75,0,0.00485306,0.9425,1,0.811983418,0.999821429,0.480745536,0.539881077,-0.415403155,1.033434948160067
Halopeplis,Amaranthaceae,Caryophyllales,-0.18384477,0,0,0,0.041463415,0.062328283,0.980416667,0.99,0.613077652,2.147842950794999,0.4261375833450004,-0.443214556,-1.590640909
Halophila,Hydrocharitaceae,Alismatales,-0.18384477,0,1,0,0,0,0,0.5,1,0.8665000000000014,0.0814,0.38270050557036356,-0.242827853
Haloragis,Haloragaceae,Saxifragales,0.2713496320953667,0.25,0.875,0.125,0,0.3079174437050002,0.974638019,0.621572201,0,2.1127810800399995,0.5122075682249999,0.1835040756853791,0.49267757733550316
Halosarcia,Amaranthaceae,Caryophyllales,-0.18384477,0,1,0.777777778,0.041463415,0.026666667,0.9971875,0.6446605392349999,0.073732394,2.830410558,0.9601080680799988,-0.189526463,-0.146136026
Haplopappus,Asteraceae,Asterales,-0.167752038,0.055555556,0.913043478,0.391304348,0.00210989,0.4125422804299999,0.998043478,0.8109441289749997,0.9572420634799998,3,0.4704590357550006,-0.231281103,0.6141400720995109
Haplophyllum,Rutaceae,Sapindales,-0.18384477,0,1,0,0.001652893,0.010138889,1,0.6071110695000004,0.8521547618900002,2.425397367,0.8157544997650001,0.46914630496610155,0.10098318380933326
Haplostachys,Lamiaceae,Lamiales,-0.18384477,0,1,0,0.004320557,0.913135684,1,0.588825893,1,1.6814912482749995,0.5638417829750005,-0.268688961,0.29103051119803647
Harmsiodoxa,Brassicaceae,Brassicales,-0.18384477,0,0,0,0.00485306,0.5073888889250001,1,1,1,4,0.203330393,-0.50374579,-1.35941345
Hastingsia,Asparagaceae,Asparagales,-0.18384477,0,1,0,0,0,0,0.5,1,0.8665000000000014,0.0814,0.38270050557036356,-0.242827853
Hazardia,Asteraceae,Asterales,-0.18384477,0,1,1,0.00210989,0,1,0.7791726190500001,1,2.494815165875003,0.92838875,-0.412717521,-0.259386277
Hebe,Plantaginaceae,Lamiales,0.7265440339548611,0.428571429,1,1,0.005925926,0.413435897,0.999791667,0.8886871364200001,0.8495595237050003,2,0.6183873058749999,-0.022246464,0.8234400618319159
Hedeoma,Lamiaceae,Lamiales,-0.18384477,0,0.55,0,0.004320557,0.979375,1,0.7307156863600006,1,0.5376741071550001,0.5402773736350004,-0.446745925,1.0299570467987087
Hedera,Araliaceae,Apiales,-0.18384477,0,1,1,0,0.449807692,1,0.5,1,2.438970352354999,0.5295630091800011,-0.231036651,1.739239411
Hedyotis,Rubiaceae,Gentianales,-0.150126666,0.071428571,0.875,0.410714286,0.0006,0.4766025641400002,1,0.7813213059499999,0.9530170807449998,2.537894747,0.4929923471100009,-0.167892465,0.5598818712135135
Hedypnois,Asteraceae,Asterales,-0.18384477,0,0,0,0.00210989,0.5034217172050002,1,1,1,3.9925,0.094477488,-0.35712569,-1.226628499
Hedysarum,Fabaceae,Fabales,-0.18384477,0,0.863636364,0,0.096494845,0.08,1,0.5,1,1.794779762,0.869,-0.234449055,-1.202229545
Helenium,Asteraceae,Asterales,-0.18384477,0,0.633333333,0,0.00210989,0.5056439394450001,0.999583333,0.9264712149050002,0.981325758,3.9333125,0.1652594487349998,-0.047032287,-1.084512159
Helianthella,Asteraceae,Asterales,0.7720634738412926,0.3,1,0,0.00210989,0.236292735,1,0.4305907776349999,0.951690476,2.7242737704150004,0.495605417,-0.129479888,-0.526328282
Helianthemum,Cistaceae,Malvales,-0.176073158,0.024390244,0.829268293,0.731707317,0.011428571,0.250046099,1,1,1,3,0.5277331355300003,-0.285833347,-0.464463578
Helianthus,Asteraceae,Asterales,-0.078882296,0.411764706,0.75,0,0.00210989,0,1,0.5,1,2.555273131210001,0.748,0.051646966,1.234342977
Helichrysum,Asteraceae,Asterales,-0.153498476,0.047619048,0.857142857,0,0.00210989,0,1,0.5,1,1.3125,0.6876817499999993,-0.089292549,0.3949900864383603
Heliconia,Heliconiaceae,Zingiberales,-0.18384477,0,1,0,0,1,1,0.7005833333399996,1,1.90625,0.5885644890150001,-0.525268007,0.28251162864330165
Helictotrichon,Poaceae,Poales,-0.18384477,0,1,0,0.074314214,0.8273374704600001,1,0.625,0,0.5,0.040636667,0.7270559710279384,2.5242161390026236
Heliomeris,Asteraceae,Asterales,-0.18384477,0,0.5,0,0.00210989,0,1,0.947713889,1,3.3736945922149992,0.9144650000000002,-0.38402846,-0.228203184
Heliotropium,Boraginaceae,Boraginales,-0.18384477,0,0.357142857,0,0.001824818,0,1,1,1,1.636363636,0.7204432500049998,-0.371528291,0.6160132693121677
Helleborus,Ranunculaceae,Ranunculales,-0.18384477,0,1,0.733333333,0,0.505833333,1,0.833333333,1,2.3235730333400006,0.538386362,1.3174990786277314,-0.819982338
Hemerocallis,Xanthorrhoeaceae,Asparagales,-0.18384477,0,1,0,0,0.940844017,1,0,1,2.527621077,0.4092117014800001,-0.530648561,0.3362394
Hemicarpha,Cyperaceae,Poales,-0.18384477,0,0,0,0.00045977,0,0.9925,0.927916667,0,2.496418716714996,0.7292260833500009,-0.299691356,0.3653903166117993
Hemichroa,Amaranthaceae,Caryophyllales,-0.18384477,0,1,0,0.041463415,0.025555556,0.99875,0.4771875,0,2.002712188,0.8132690833250006,-0.187638234,-0.425188395
Hemigraphis,Acanthaceae,Lamiales,-0.18384477,0,1,0,0.000857143,0.015,1,0.6254006410400003,0.960309524,1.6724702381349998,0.7660552499649992,-0.241341801,0.030106469
Hemizonia,Asteraceae,Asterales,-0.18384477,0,0.105263158,0.105263158,0.00210989,0.079375,0.990795455,0.9809444444400004,0.929174242,2.1732539613299995,0.6533554487550002,-0.330528708,0.6091037433908666
Hepatica,Ranunculaceae,Ranunculales,6.188876852827524,0.5,1,0,0,0.6418589743700003,1,0.5,1,2.1090449272750025,0.5211793809950003,2.2005431438200245,-1.590640909
Heptaptera,Apiaceae,Apiales,-0.18384477,0,1,0,0.003968254,0.7852831196800001,1,0.6261130952449999,1,1.908856061,0.5829839166700002,-0.109887934,-0.358759984
Heracleum,Apiaceae,Apiales,-0.113814862,0.071428571,0.772727273,0,0.003968254,0.4008012820750001,1,1,1,3.5830176767550004,0.437699643,-0.322600467,-1.147891045
Herniaria,Caryophyllaceae,Caryophyllales,-0.18384477,0,0.576923077,0,0.001818182,0,1,1,1,3.4808645833400003,0.9214875000000002,-0.514506899,-0.27747892
Hesperevax,Asteraceae,Asterales,-0.18384477,0,0,0,0.00210989,0.540991162,1,1,0.995,3.945070455,0.034175,-0.055425688,-0.8898522
Hesperis,Brassicaceae,Brassicales,-0.18384477,0,0.5,0,0.00485306,0.4946439394500002,1,1,1,3.971085859,0.192422,-0.074646597,-1.078841173
Hesperochiron,Boraginaceae,Boraginales,-0.18384477,0,1,0,0.001824818,0,1,0.918898945,0.9547310605950002,2.9124039613750003,0.9151054999999992,-0.346034267,0.40717725381727754
Hesperolinon,Linaceae,Malpighiales,-0.18384477,0,0,0,0,0,0.98875,0.996166667,1,1.906504913199999,0.6995553333350021,-0.397644213,0.891297665
Hesperomannia,Asteraceae,Asterales,-0.18384477,0,1,1,0.00210989,0.23125,0.988386034,0.8497087912149999,0.999791667,4,0.5206329487199998,-0.408715444,-1.119221311
Heteranthera,Pontederiaceae,Commelinales,-0.18384477,0,0.642857143,0,0.03030303,0.098287879,0.9875961538599998,0.7066037983149998,0.8040657349899999,2.043225313,0.6335885833400007,-0.194205766,-0.104686861
Heterotheca,Asteraceae,Asterales,-0.18384477,0,0.5,0,0.00210989,0,1,0.947713889,1,3.3736945922149992,0.9144650000000002,-0.38402846,-0.228203184
Heuchera,Saxifragaceae,Saxifragales,0.026244954,0.214285714,1,0,0,0.6218750000850004,0.989445676,0.5505167887700001,0.940833333,2.705212588184998,0.4280071319099999,1.370892624795275,0.9464540457054023
Hibbertia,Dilleniaceae,Dilleniales,-0.18384477,0,1,0.956521739,0,0.08875,0.989985558,0.7118594981700008,0.8953289554599999,1.9011066664250005,0.7692513095250005,-0.230682667,1.7658697542997468
Hibiscadelphus,Malvaceae,Malvales,0.2410033386678065,0.166666667,1,1,0.006153846,0.289291667,0.985679348,0.8696021062350002,0.9644047618400002,4.428571429,0.4850700000149997,-0.333297298,0.081525828
Hibiscus,Malvaceae,Malvales,-0.18384477,0,0.782608696,0.403846154,0.006153846,0,1,1,1,1.85,0.4455431666650005,-0.379993045,0.9988044619387586
Hieracium,Asteraceae,Asterales,-0.123101741,1.320143885,1,0,0.00210989,0.01125,0.5,0.505952381,1,2.625,0.21854025,0.1101392998971815,-0.291269075
Hierochloe,Poaceae,Poales,-0.18384477,0,1,0,0.074314214,0.695,0.5,0.5,0,2.4334908547200005,0.1318858333349999,1.0471989428205308,0.086869833
Hilaria,Poaceae,Poales,-0.18384477,0,1,0,0.074314214,0.255,0.9984375,0.247008929,0,1.929752525,0.8467577500150008,0.030154827845963714,-1.554184315
Hippocrepis,Fabaceae,Fabales,-0.18384477,0,0.666666667,0.583333333,0.096494845,0.923235816,1,1,1,1.9056793829499996,0.5860672884699993,-0.375957629,0.1546159478253513
Hippuris,Plantaginaceae,Lamiales,-0.18384477,0,1,0,0.005925926,0.5685138889550002,1,0.5,0,2.1067803030549994,0.2556487500350001,-0.367514919,0.2866069116240845
Hoffmannseggia,Fabaceae,Fabales,-0.18384477,0,1,0,0.096494845,0.963333333,0.9975,0.9642499999999996,1,2.458391341975001,0.4271919230899998,-0.28847685,-0.585117563
Hohenackeria,Apiaceae,Apiales,-0.18384477,0,0,0,0.003968254,0.5140744950000001,1,1,1,3.9675,0.1207570000199998,-0.240322827,-1.590640909
Hoita,Fabaceae,Fabales,-0.18384477,0,1,0,0.096494845,0.963333333,0.9975,0.9642499999999996,1,2.458391341975001,0.4271919230899998,-0.28847685,-0.585117563
Holcus,Poaceae,Poales,-0.090128275,0.117647059,0.823529412,0,0.074314214,0.635782828,1,0.25,0,1.7963791764349994,0.264858143,-0.190059483,0.3894296257985951
Holocarpha,Asteraceae,Asterales,-0.18384477,0,0,0,0.00210989,0.540991162,1,1,0.995,3.945070455,0.034175,-0.055425688,-0.8898522
Holodiscus,Rosaceae,Rosales,6.188876852827524,0.5,1,1,0.001060071,0.274583333,0.976387073,0.8476371591350004,0.676209524,2.4895383950100007,0.6181012878850002,3.938971839766471,-0.065340809
Homeria,Iridaceae,Asparagales,-0.18384477,0,1,0,0,0,0,0.5,1,0.8665000000000014,0.0814,0.38270050557036356,-0.242827853
Homogyne,Asteraceae,Asterales,-0.18384477,0,1,0,0.00210989,0,1,0.5,1,3.4650744047700006,0.917595833,1.1050398999091102,0.7516959880751788
Hordeum,Poaceae,Poales,-0.132348029,0.177777778,0.329621381,0,0.074314214,0.7884397163199999,1,1,0,1.319734190834999,0.01,0.31846681094439344,0.42161259741174617
Horkelia,Rosaceae,Rosales,-0.18384477,0,1,0,0.001060071,0.008888889,1,0.5616331340300004,0.8234917184000003,2.249804408,0.80166275,0.071912019,0.059127479
Horkeliella,Rosaceae,Rosales,-0.18384477,0,1,0,0.001060071,0.008888889,1,0.5616331340300004,0.8234917184000003,2.249804408,0.80166275,0.071912019,0.059127479
Hornungia,Brassicaceae,Brassicales,-0.18384477,0,0,0,0.00485306,0.5497500000450001,1,1,1,3.8875,0.1975617976350001,-0.560241609,-0.747730477
Horsfordia,Malvaceae,Malvales,-0.18384477,0,1,1,0.006153846,0.003333333,1,0.6346099874050001,0.8989128264150001,1.9512841365800029,0.9277070357100008,-0.374424509,0.7399620560754862
Hosta,Asparagaceae,Asparagales,-0.18384477,0,1,0,0,0,1,0.5282692307750001,0.999166667,3.228095769,0.9343262499949996,0.878221712,-0.408238133
Houstonia,Rubiaceae,Gentianales,-0.18384477,0,1,0,0.0006,0.015,0.999772727,0.6247602259000002,0.950433747,1.5666022727549995,0.7566620356999988,-0.182348727,0.24915680448734567
Hovea,Fabaceae,Fabales,-0.18384477,0,1,0.7,0.096494845,0.9779166666749998,0.999772727,0.9589999999950004,1,1.7083829814000009,0.6387584615399985,-0.331340852,-0.019098748
Hudsonia,Cistaceae,Malvales,-0.18384477,0,1,1,0.011428571,0.017,0.99625,0.7695993589300001,0.167666667,1.1323687016850004,0.9526335714150008,0.552011851,-0.803501895
Huetia,Apiaceae,Apiales,-0.18384477,0,1,0,0.003968254,0.7852831196800001,1,0.6261130952449999,1,1.908856061,0.5829839166700002,-0.109887934,-0.358759984
Hulsea,Asteraceae,Asterales,-0.042228733,0.1,0.636363636,0,0.00210989,0.0475,0.994125874,0.708545556,0.923759199,2.0758010045950006,0.6605327500349999,-0.043184273,0.386369611
Humulus,Cannabaceae,Rosales,-0.18384477,0,1,0,0.017647059,0.016222222,1,0.5,0,2.1453274960999997,0.8359519166149998,-0.225899952,-0.021055966
Huperzia,Lycopodiaceae,Lycophyta,0.13479131160761837,0.375,1,0,0,0.367190171,1,0.5,0.724821429,1.875,0.5505741667149995,0.13788529184661297,-1.590640909
Hutera,Brassicaceae,Brassicales,-0.18384477,0,0.25,0,0.00485306,0.4790138889250002,1,1,1,3.986085859,0.2228806547950002,-0.452639568,-1.292923553
Hyacinthella,Asparagaceae,Asparagales,-0.18384477,0,1,0,0,0,0,0.5,1,0.8665000000000014,0.0814,0.38270050557036356,-0.242827853
Hyacinthoides,Asparagaceae,Asparagales,0.6658514465899229,0.333333333,1,0,0,0.7338782051500004,1,0.5,1,2.2740975691000007,0.5477866666750009,2.265894457291491,-0.543680817
Hyalosperma,Asteraceae,Asterales,-0.18384477,0,0,0,0.00210989,0,0.9925,0.9995,1,1.999771374,0.6946749166850015,-0.402071892,0.8678231122982476
Hydrangea,Hydrangeaceae,Cornales,-0.18384477,0,1,1,0,0.3675,0.977880435,0.8378777472450004,1,3.811062500034999,0.4528873534850007,-0.333494878,-0.177939799
Hydrocotyle,Araliaceae,Apiales,-0.18384477,0,0.815789474,0,0,0,1,0.5,1,1.125,0.7347689999999997,-0.453975664,-0.009637112
Hydrophyllum,Boraginaceae,Boraginales,-0.18384477,0,0.909090909,0,0.001824818,0.035,0.999545455,0.7374788432650001,0.975535714,1.540150883879999,0.708,-0.074806014,0.2663680165470518
Hymenoclea,Asteraceae,Asterales,3.0025160416591525,0.25,1,1,0.00210989,0.193852564,0.9711700618150002,0.8194962292999998,0.8109583332850002,2.458630112325003,0.62492664,0.779789779,0.2399210917718705
Hymenolobus,Brassicaceae,Brassicales,-0.18384477,0,1,0,0.00485306,0.6258611112700005,0.992083333,0.342081845,0.749918785,3.433980882415001,0.1934563690649999,-0.349540536,0.12749118772393747
Hymenonema,Asteraceae,Asterales,-0.18384477,0,1,0,0.00210989,0,1,0.5233750000000001,1,3.2945950335699994,0.9172816666650004,-0.096785013,-0.090371872
Hymenopappus,Asteraceae,Asterales,-0.18384477,0,0.25,0,0.00210989,0.5383522727750001,0.999791667,0.9062023809549998,0.98,3.919416666664999,0.1044434999999997,0.060670267,-0.890298016
Hymenophyllum,Hymenophyllaceae,Monilophyta,-0.18384477,0,1,0,0,0.9530798368399996,1,0,0.7546249999700001,2.928571429,0.268350907,-0.423860046,-0.127242372
Hymenothrix,Asteraceae,Asterales,-0.18384477,0,0.502512563,0,0.00210989,0,1,0.9806181818100004,0.986863636,2.9677950286050003,0.9094974999999994,-0.336193502,0.741208834
Hymenoxys,Asteraceae,Asterales,-0.136986522,0.058823529,0.722222222,0,0.00210989,0.049375,0.994318182,0.594291548,0.987386364,1.3719356890349992,0.6987522500149999,-0.146671522,0.25738655242518726
Hyoscyamus,Solanaceae,Solanales,-0.18384477,0,0.163265306,0,0.089837398,0.346382979,1,1,1,1.2624886363450003,0.42418025,-0.309709556,-0.094753178
Hyoseris,Asteraceae,Asterales,-0.18384477,0,0.666666667,0,0.00210989,0.4925883838800001,0.999791667,0.944288004,1,3.9665625,0.1822356666949998,-0.029586134,-1.338235467
Hypecoum,Papaveraceae,Ranunculales,-0.18384477,0,0,0,0,0,0.98875,0.996166667,1,1.906504913199999,0.6995553333350021,-0.397644213,0.891297665
Hypericum,Hypericaceae,Malpighiales,-0.175621903,0.08,0.932432432,0.211711712,0,0,0.954545455,0.607142857,1,1.571428571,0.6309939464299995,-0.518710456,0.9997165922139926
Hypochaeris,Asteraceae,Asterales,0.11961816489383825,0.142857143,0.857142857,0,0.00210989,0,1,0.75,1,0,0.397753583,-0.303003645,1.464342685
Hypochoeris,Asteraceae,Asterales,-0.10214321,0.076923077,0.730769231,0,0.00210989,0.025,0.994318182,0.5,0.9692658730199996,1.7665438239550004,0.6908358333500001,-0.209154808,0.1696357169799025
Hypolepis,Dennstaedtiaceae,Monilophyta,1.7279717171918039,0.6,1,0,0,0.508365385,0.997007576,0.7857921245100004,0.973191667,2.620468266905001,0.5099432271750001,0.7346476692294895,-0.695267556
Hypoxis,Hypoxidaceae,Asparagales,-0.18384477,0,1,0,0,0,0,0.5,1,0.8665000000000014,0.0814,0.38270050557036356,-0.242827853
Hyptis,Lamiaceae,Lamiales,-0.18384477,0,1,0,0.004320557,0.666666667,0.997916667,0.3018824404599999,1,3.5,0.32410187,-0.237497849,0.44336509827899573
Iberis,Brassicaceae,Brassicales,-0.18384477,0,0.446428571,0,0.00485306,0.4899583333800001,1,1,1,3.9675,0.2598213095700002,-0.509798914,-1.519776758
Ilex,Aquifoliaceae,Aquifoliales,-0.18384477,0,1,1,0,0,1,0.5,0.983870968,2.051546392,0.8993270833300016,-0.26520789,2.4585973759250663
Iliamna,Malvaceae,Malvales,-0.18384477,0,1,0,0.006153846,0,1,0.7404181597600002,0.5,2.1592454237349976,0.8044983332699995,-0.174153225,0.11592788094318708
Impatiens,Balsaminaceae,Ericales,-0.18384477,0,0.142857143,0,0,1,1,1,1,2.4,0.4545,-0.348785831,1.436782792303829
Indigofera,Fabaceae,Fabales,-0.18384477,0,1,0.75,0.096494845,1,0.999318182,0.9664523809350004,1,1,0.6460249999999986,-0.131142416,0.5829287735977041
Inula,Asteraceae,Asterales,-0.036781963,0.288461538,0.923076923,0.038461538,0.00210989,0,1,0.5,1,2.2656876249200004,0.6089905000050003,-0.206470174,-0.000469455
Ionopsidium,Brassicaceae,Brassicales,-0.18384477,0,0,0,0.00485306,0.4798661616550002,1,0.99875,1,3.993863636,0.2004423214600001,-0.397479846,-1.25408641
Ipomoea,Convolvulaceae,Solanales,-0.177407677,0.022222222,0.611111111,0,0.044375,0.045454545,0.906805752,0.8392840213099998,1,2,0.3845,-0.422738558,0.4589951067834435
Ipomopsis,Polemoniaceae,Ericales,-0.113814862,0.071428571,0.5,0,0,0.6857371795300008,1,0.8169366452600005,0.962087662,2.202229052,0.5270407472750004,-0.018744718,0.39099993240772474
Iris,Iridaceae,Asparagales,-0.168989941,0.08974359,1,0,0,0.035,1,0.384615385,1,2.652807233475001,0.826,0.7173909015203411,0.8683144606765224
Isachne,Poaceae,Poales,-0.18384477,0,1,0,0.074314214,0.24677305,0.9984375,0.299133737,0.051161972,1.933268939,0.8158108333600008,-0.379320476,-1.590640909
Isatis,Brassicaceae,Brassicales,-0.18384477,0,0.2,0,0.00485306,0.4995416667050001,1,1,1,4,0.2209548095650001,-0.507781206,-1.408289283
Isocoma,Asteraceae,Asterales,6.188876852827524,0.5,1,1,0.00210989,0.241416667,0.978940186,0.8377788970200001,0.6439785713849999,2.3565138154050005,0.633034659,4.227582145561614,-0.056196387
Isoetes,Isoetaceae,Lycophyta,-0.113036751,0.194444444,1,0,0,0.6725000000750004,1,0.5,0.989783369,3.333333333,0.5561312381349999,0.3369657953142755,4.374240567002199
Isolepis,Cyperaceae,Poales,-0.18384477,0,0.6,0,0.00045977,0.614444444,1,0.666666667,0,2.616654237,0.114016104,-0.38010492,1.1130622507580397
Isopogon,Proteaceae,Proteales,-0.18384477,0,1,1,0.000625,0,1,0.7240439799649999,0.9762222222150002,2.518229076480001,0.927873125,-0.435418925,0.006519897
Isopyrum,Ranunculaceae,Ranunculales,-0.18384477,0,1,0,0,0,1,0.842363225,0.985833333,2.992393518,0.9256614999999984,-0.526613145,0.43591787631365325
Isotoma,Campanulaceae,Asterales,-0.18384477,0,1,0,0,0,0,0.5,1,0.8665000000000014,0.0814,0.38270050557036356,-0.242827853
Isotria,Orchidaceae,Asparagales,-0.18384477,0,1,0,0,0,0,0.5,1,0.8665000000000014,0.0814,0.38270050557036356,-0.242827853
Iva,Asteraceae,Asterales,-0.18384477,0,0.6,0.166666667,0.00210989,0.4583611111300001,1,1,0,2.580326536649999,0.2897181016299998,-0.159390325,0.4827295015374597
Ivesia,Rosaceae,Rosales,-0.173729338,0.027777778,1,0,0.001060071,0.5378180847750003,0.9873855410750002,0.4387214972700001,0.8960698352750001,3.515324313,0.2923249286150001,-0.02682889,0.6683862216794887
Ixia,Iridaceae,Asparagales,-0.18384477,0,1,0,0,0,1,0.5585915751000002,0.901744048,2.030887987,0.7985689999300001,-0.115000753,0.16390724401915877
Ixiolaena,Asteraceae,Asterales,-0.18384477,0,1,0,0.00210989,0,1,0.5233750000000001,1,3.2945950335699994,0.9172816666650004,-0.096785013,-0.090371872
Jacquemontia,Convolvulaceae,Solanales,-0.18384477,0,1,0,0.044375,0.070681818,0.978810315,0.7977147435899999,1,1.833640241,0.6440192500000002,0.12540122774319648,0.3711402293055352
Jamesia,Hydrangeaceae,Cornales,-0.18384477,0,1,1,0,0,1,0.5,1,1.9852941180000083,0.9670000000000036,-0.36845952,0.6176545817132467
Jasione,Campanulaceae,Asterales,-0.18384477,0,0.611111111,0,0,0,1,1,1,3,0.9141195000000002,-0.325070599,0.917632566
Jasminum,Oleaceae,Lamiales,-0.18384477,0,1,1,0.003252033,0.25,0.990096344,0.8411350732550001,1,4.006083333,0.4948646153849999,-0.392099292,-1.047526361
Jasonia,Asteraceae,Asterales,-0.18384477,0,1,0,0.00210989,0,1,0.5233750000000001,1,3.2945950335699994,0.9172816666650004,-0.096785013,-0.090371872
Jatropha,Euphorbiaceae,Malpighiales,-0.18384477,0,1,0.5,0.01239531,0,0.994160839,0.788626214,1,1.75,0.7506679821450001,-0.536701684,-0.164621205
Jepsonia,Saxifragaceae,Saxifragales,-0.18384477,0,1,0,0,0,0,0.5,1,0.8665000000000014,0.0814,0.38270050557036356,-0.242827853
Johanneshowellia,Polygonaceae,Caryophyllales,-0.18384477,0,0,0,0.002727273,0.5057828283200001,1,1,1,3.995,0.1104860000199998,-0.291599508,-1.289691393
Jovibarba,Crassulaceae,Saxifragales,-0.18384477,0,1,0,0,0,0,0.5,1,0.8665000000000014,0.0814,0.38270050557036356,-0.242827853
Juglans,Juglandaceae,Fagales,-0.18384477,0,1,1,0,0,1,1,0,1.875,0.9475,-0.502400652,-1.389575139
Juncus,Juncaceae,Poales,-0.176402175,0.16,0.848547718,0,0,0.363376068,1,0.661290323,0.029411765,1.8512041168449995,0.056,-0.414219348,3.0388639763824874
Juniperus,Cupressaceae,Pinophyta,-0.133267614,0.107142857,1,1,0.007142857,0.0625,1,1,0.125,0.66,0.9004407554250019,1.341642689093379,0.22820047646487138
Jurinea,Asteraceae,Asterales,-0.18384477,0,1,0,0.00210989,0,1,1,1,2.980477077,0.9223500000000002,-0.343674304,0.5416493814424647
Kalanchoe,Crassulaceae,Saxifragales,-0.18384477,0,1,0,0,0,1,0.704729296,0.945238095,1,0.7571104940399994,-0.154009771,0.1232628063071855
Kalidium,Amaranthaceae,Caryophyllales,-0.18384477,0,1,1,0.041463415,0.025227273,0.9984375,0.7520476190200001,0,1.7373218238799994,0.9534690259849996,-0.398647522,-1.054842957
Kalmia,Ericaceae,Ericales,-0.18384477,0,1,1,0,0,1,0.5,1,1.9852941180000083,0.967,-0.36845952,0.6176545817132467
Keckiella,Plantaginaceae,Lamiales,-0.18384477,0,1,1,0.005925926,0.381180556,0.998333333,0.909724359,0.987583333,4.340241597,0.5136382820550004,-0.461388175,-0.37403364
Kennedia,Fabaceae,Fabales,-0.18384477,0,1,0,0.096494845,0.963333333,0.9975,0.9642499999999996,1,2.458391341975001,0.4271919230899998,-0.28847685,-0.585117563
Kickxia,Plantaginaceae,Lamiales,-0.18384477,0,0.285714286,0,0.005925926,0.4960972222600002,1,1,1,3.941363636,0.2129796547900002,-0.459356219,-1.233681189
Knautia,Caprifoliaceae,Dipsacales,-0.036464528,0.531914894,0.854166667,0,0,0.4506410256850001,1,0.875,1,2.386604134,0.4831105678249999,0.069283226,1.501859363124278
Kobresia,Cyperaceae,Poales,-0.18384477,0,1,0,0.00045977,0.6703525641350001,1,0.5,0,2.1417307692400005,0.128532,-0.366173357,0.7237042455435112
Kochia,Amaranthaceae,Caryophyllales,-0.18384477,0,0.571428571,0.571428571,0.041463415,0.1123257575699999,0.988220489,0.8486184408799996,0.2067532276949999,2.5575992424499985,0.6635219772650005,-0.195895634,0.21123917551649496
Koeleria,Poaceae,Poales,-0.090128275,0.117647059,0.941176471,0,0.074314214,0.813384479,1,0.625,0,1.3284686147699996,0.04051,0.17095328083497346,2.0153628865984823
Koenigia,Polygonaceae,Caryophyllales,-0.18384477,0,0.5,0,0.002727273,0.4980050505500001,1,1,0.985625,3.995,0.1710397500249998,-0.03608061,-1.339770576
Kokia,Malvaceae,Malvales,-0.18384477,0,1,1,0.006153846,0.366388889,0.998125,0.901405907,0.984805555,4.5,0.5226940677700004,-0.501055513,-0.317620956
Korthalsella,Santalaceae,Santalales,-0.18384477,0,1,0,0.002139037,0,1,0.9225790043399996,0.968594697,2.917925491,0.9088939999999988,-0.299748177,0.4679868306364973
Krameria,Krameriaceae,Zygophyllales,-0.18384477,0,1,1,0,0,1,0.5,1,1.9852941180000083,0.9670000000000036,-0.36845952,0.6176545817132467
Krigia,Asteraceae,Asterales,-0.18384477,0,0.5,0,0.00210989,0,1,0.947713889,1,3.3736945922149992,0.9144650000000002,-0.38402846,-0.228203184
Kuhnia,Asteraceae,Asterales,-0.18384477,0,1,0,0.00210989,0,1,0.5233750000000001,1,3.2945950335699994,0.9172816666650004,-0.096785013,-0.090371872
Kunzea,Myrtaceae,Myrtales,-0.18384477,0,1,1,0.003243243,0.303125,0.992172266,0.855896291,1,3.9805357142900006,0.4932541987249999,-0.488702645,-1.065323697
Kyllinga,Cyperaceae,Poales,-0.18384477,0,1,0,0.00045977,1,1,0.7801250000000003,0.965031056,1.7496104416400002,0.6083212499999996,-0.109182785,0.13173540208388818
Kyllingia,Cyperaceae,Poales,-0.18384477,0,0.666666667,0,0.00045977,0.8293803418900001,1,0.6935250689100001,0.9088545548749998,1.993500148,0.5028360000049993,0.16134149,-0.397820249
Labordia,Loganiaceae,Gentianales,-0.123152183,0.066666667,1,1,0,0,0.999772727,0.5438154760449997,0.9678241527899998,2.625,0.9222886249999996,-0.420586943,0.15171380722100458
Laburnum,Fabaceae,Fabales,0.8782755010926624,0.25,1,1,0.096494845,0.8892600927600002,1,1,1,1.7444103916249998,0.6126409134649995,-0.404205539,1.6717346538416564
Lactuca,Asteraceae,Asterales,-0.17794956,0.021276596,0.329145729,0,0.00210989,0,1,0.863636364,1,2.957007152065001,0.8933920000000005,-0.112730832,1.2466433342267238
Lagenifera,Asteraceae,Asterales,1.9403957710572715,0.333333333,1,0,0.00210989,0.312415016,0.9406345585000004,0.6353118985149998,0.8788154761899999,2.93437743,0.575364583,0.7883542689062918,0.1806435031856542
Lagenophora,Asteraceae,Asterales,-0.18384477,0,1,0,0.00210989,0,1,0.5233750000000001,1,3.2945950335699994,0.9172816666650004,-0.096785013,-0.090371872
Lagophylla,Asteraceae,Asterales,-0.18384477,0,0,0,0.00210989,0.540991162,1,1,0.995,3.945070455,0.034175,-0.055425688,-0.8898522
Lagotis,Plantaginaceae,Lamiales,-0.18384477,0,1,0,0.005925926,0.4487174941800003,0.998333333,0.9149553570950008,1,3.922145833,0.3238377381250006,-0.404205539,-1.113676412
Lamium,Lamiaceae,Lamiales,-0.18384477,0,0.357142857,0,0.004320557,0.8572275641050001,1,0.75,1,1.5259734848150004,0.5625279047650005,-0.294672829,0.3114753895212781
Lampranthus,Aizoaceae,Caryophyllales,-0.18384477,0,1,1,0.000990099,0.311666667,0.9742193675849998,0.845812729,0.989513889,4.251502101,0.4366412820550001,-0.257638314,-0.422280861
Lamyropsis,Asteraceae,Asterales,-0.18384477,0,1,0,0.00210989,0.5195138889500002,1,0.7791827847250008,0.992291667,4,0.2516173095750005,-0.312285354,-1.283164715
Langloisia,Polemoniaceae,Ericales,-0.18384477,0,0,0,0,0,0.98875,0.996166667,1,1.906504913199999,0.6995553333350021,-0.397644213,0.891297665
Lappula,Boraginaceae,Boraginales,-0.18384477,0,0,0,0.001824818,0.5763661616550002,1,1,1,3.5957216450250007,0.1721695595299999,-0.328373354,-0.24333146
Lapsana,Asteraceae,Asterales,-0.18384477,0,0.333333333,0,0.00210989,0.4819633838700001,1,1,1,3.9925,0.1344201547949998,-0.427072894,-1.346681883
Larix,Pinaceae,Pinophyta,0.043752431,0.125,1,1,0.004761905,0.33225,1,1,0,0.181818182,0.769,1.1897836277365592,-0.824952408
Laserpitium,Apiaceae,Apiales,-0.18384477,0,0.923076923,0,0.003968254,0,1,1,1,3.332331845,0.8762274999999998,-0.349054859,-0.635182777
Lasthenia,Asteraceae,Asterales,-0.136986522,0.058823529,0.055555556,0,0.00210989,0.1480993589799999,0.998522727,0.9915,0.8966948051999999,2.462423483,0.6299589167950007,-0.312152218,0.5486609284843402
Lastreopsis,Dryopteridaceae,Monilophyta,-0.18384477,0,0.4757651180700001,0.008139709,0,0.801690948,1,0.9106011904550004,0.94975,4,0.2675784340749998,-0.139647707,0.20936764168475072
Lathraea,Orobanchaceae,Lamiales,-0.18384477,0,1,0,0,0,1,0.5,1,3.176555322,0.9457887499949994,-0.197054204,-0.262819669
Lathyrus,Fabaceae,Fabales,-0.182251788,0.015748031,0.692913386,0,0.096494845,0.5302127661050005,1,0.789473684,1,1.93297619,0.807,0.4146101808335206,-0.198914527
Launaea,Asteraceae,Asterales,-0.18384477,0,0.833333333,0.5,0.00210989,0.5,0.997272727,0.805644676,1,0.666666667,0.5164156392100003,-0.378647906,1.6943178688649032
Laurus,Lauraceae,Laurales,-0.18384477,0,1,1,0.0004,0,0.4700951515400002,0.643194666,1,0.5,0.2153750000000001,-0.153337201,-1.590640909
Lavandula,Lamiaceae,Lamiales,-0.18384477,0,1,1,0.004320557,0.6688563829849999,1,1,1,0,0.6004103974399996,-0.286730106,5.967029511
Lavatera,Malvaceae,Malvales,-0.18384477,0,0.477272727,0.363636364,0.006153846,0.1755833333349999,1,1,1,2.788615568180001,0.5720995000050003,-0.303944028,-0.188010289
Lawrencia,Malvaceae,Malvales,-0.18384477,0,1,0.25,0.006153846,0.630645458,0.999125874,0.8057008929099996,0.983297619,1.7079110667799997,0.5695842903049997,-0.319746253,1.1789666019648573
Layia,Asteraceae,Asterales,-0.18384477,0,0,0,0.00210989,0.540991162,1,1,0.995,3.945070455,0.034175,-0.055425688,-0.8898522
Lechea,Cistaceae,Malvales,-0.18384477,0,1,0,0.011428571,0.143166667,0.981689977,0.822341175,0.665178571,2.5822834010149998,0.6478454394000007,1.811163285605485,-0.024379511
Leersia,Poaceae,Poales,-0.18384477,0,1,0,0.074314214,0.238439716,1,0.5,0,1.873935606,0.8712823863900004,-0.245479191,-0.912045466
Legousia,Campanulaceae,Asterales,-0.18384477,0,0,0,0,0.808987957,1,1,1,3.6922813852750007,0.2405760320499998,0.5225949134125022,0.6244942751676705
Lemna,Araceae,Alismatales,-0.18384477,0,1,0,0.000248447,0.8418750000399997,1,0,1,3,0.349656504,-0.503841872,-0.406182432
Lens,Fabaceae,Fabales,-0.18384477,0,0,0,0.096494845,0.8397083333400001,0.98,0.995535714,0.930833333,3.156308333,0.019,0.006061715,-1.590640909
Leontodon,Asteraceae,Asterales,-0.159705672,0.060606061,0.860182371,0,0.00210989,0.015,1,0.666666667,1,1.965271707465001,0.6954693333299994,-0.38037737,0.8828402574412242
Leonurus,Lamiaceae,Lamiales,-0.18384477,0,0.5,0,0.004320557,0.926746795,1,0.5,1,1.204308036,0.5171891556950006,-0.47684302,0.3505115175363912
Lepechinia,Lamiaceae,Lamiales,-0.18384477,0,1,1,0.004320557,0.705,0.999772727,0.9329442903300006,0.987113095,2,0.6188980641049994,-0.304639868,1.714360074013393
Lepidium,Brassicaceae,Brassicales,-0.182889339,0.00862069,0.370411568,0.099137931,0.00485306,0.5275,1,0.916666667,1,2,0.5450960055199999,-0.515627847,1.3431345794838936
Lepidospartum,Asteraceae,Asterales,-0.18384477,0,1,1,0.00210989,0,1,0.7791726190500001,1,2.494815165875003,0.92838875,-0.412717521,-0.259386277
Lepidosperma,Cyperaceae,Poales,-0.18384477,0,1,0,0.00045977,0.682019231,1,0.374607143,0,2.175480769240001,0.127935167,-0.419475402,0.6207484950398564
Lepidotis,Lycopodiaceae,Lycophyta,-0.18384477,0,1,0,0,0,0,0.5,1,0.8665000000000014,0.0814,0.38270050557036356,-0.242827853
Lepilaena,Potamogetonaceae,Alismatales,-0.18384477,0,0.8638420776600008,0,0,0.035,0.993536585,0.5580257389250001,0.986339286,1.666439665,0.7111944166649993,0.6504108285889104,0.3526158865551606
Leptinella,Asteraceae,Asterales,-0.18384477,0,1,0,0.00210989,0,1,0.5233750000000001,1,3.2945950335699994,0.9172816666650004,-0.096785013,-0.090371872
Leptocarpus,Restionaceae,Poales,-0.18384477,0,1,0,0,0,0,0.5,1,0.8665000000000014,0.0814,0.38270050557036356,-0.242827853
Leptochloa,Poaceae,Poales,-0.18384477,0,0.05,0,0.074314214,0.8836063829799999,0.9975,0.974952381,0.009149061,2.4178977273049997,0.075935064,-0.173865416,0.49903605053599215
Leptodactylon,Polemoniaceae,Ericales,-0.18384477,0,1,0.375,0,0.7541666666799999,1,0.8391964285600001,0.9845892857100002,2.1346496212050003,0.6089608663050003,0.35657917942212847,-0.083288562
Leptomeria,Santalaceae,Santalales,-0.18384477,0,1,1,0.002139037,0,1,1,0.5,1.1373288493199998,0.9081975,10.058879840558076,-1.126392723
Leptorhynchos,Asteraceae,Asterales,-0.18384477,0,0.666666667,0,0.00210989,0.4925883838800001,0.999791667,0.944288004,1,3.9665625,0.1822356666949998,-0.029586134,-1.338235467
Leptospermum,Myrtaceae,Myrtales,-0.133467523,0.086956522,1,1,0.003243243,0.345891639,0.98946558,0.8655128205200002,0.983888889,4.104586906630002,0.5039964881150003,-0.38329429,-0.0237387
Lepyrodia,Restionaceae,Poales,-0.18384477,0,1,0,0,0,0,0.5,1,0.8665000000000014,0.0814,0.38270050557036356,-0.242827853
Lespedeza,Fabaceae,Fabales,-0.013905526,0.32,0.92,0,0.096494845,0.7630056912100004,0.992272727,0.826355633,0.965,2.4267439534999995,0.4508801025749997,0.15021375207746437,0.7957409562960398
Lesquerella,Brassicaceae,Brassicales,-0.18384477,0,0.625,0,0.00485306,0.964102564,1,0.8171549810899996,0.999166667,0.518463339,0.5461292564150003,-0.492984682,0.708268443
Lessingia,Asteraceae,Asterales,-0.18384477,0,0.071428571,0.071428571,0.00210989,0.175125,0.991853147,0.9788293650750004,0.960676407,1.9535298104899992,0.6250344047900002,-0.378866444,0.6808647652497121
Leucanthemopsis,Asteraceae,Asterales,-0.18384477,0,1,0,0.00210989,0,1,0.5,1,3.4650744047700006,0.917595833,1.1050398999091084,0.7516959880751788
Leucanthemum,Asteraceae,Asterales,-0.18384477,0,0.9375,0,0.00210989,0,1,0.5,1,3.5398749999999994,0.911216667,1.0667781821227724,1.0218524585408315
Leucochrysum,Asteraceae,Asterales,-0.18384477,0,0.5,0,0.00210989,0,1,0.947713889,1,3.3736945922149992,0.9144650000000002,-0.38402846,-0.228203184
Leucojum,Amaryllidaceae,Asparagales,-0.18384477,0,1,0,0,0.805635684,1,0.5,1,2.4208863637200007,0.4830464102649998,3.8284970581560955,-1.255428558
Leucopogon,Ericaceae,Ericales,-0.18384477,0,1,1,0,0,1,0.5,1,1.9852941180000083,0.9670000000000036,-0.36845952,0.6176545817132467
Leucothoe,Ericaceae,Ericales,-0.18384477,0,1,1,0,0,1,0.5,1,1.9852941180000083,0.9670000000000036,-0.36845952,0.6176545817132467
Leuzea,Asteraceae,Asterales,-0.18384477,0,0.5,0,0.00210989,0,1,0.947713889,1,3.3736945922149992,0.9144650000000002,-0.38402846,-0.228203184
Levenhookia,Stylidiaceae,Asterales,-0.18384477,0,0,0,0,0,0.98875,0.996166667,1,1.906504913199999,0.6995553333350021,-0.397644213,0.891297665
Lewisia,Montiaceae,Caryophyllales,0.077026876,0.368421053,1,0,0,0.6570512820750003,1,0.635139881,0.995441667,2.462007416585001,0.5114708077300005,-0.058953314,0.1341113987164102
Leymus,Poaceae,Poales,0.089271871,0.3,1,0,0.074314214,0.612000322,1,0,0,2.1509696596049994,0.3319927381050006,1.0678243999386208,-0.016474536
Liatris,Asteraceae,Asterales,-0.18384477,0,1,0,0.00210989,0,1,0.7838049450750002,0.9131590908999996,2.7756693687200005,0.97,-0.159184656,0.5717060856639482
Libertia,Iridaceae,Asparagales,-0.18384477,0,1,0,0,0,0,0.5,1,0.8665000000000014,0.0814,0.38270050557036356,-0.242827853
Ligularia,Asteraceae,Asterales,-0.18384477,0,1,0,0.00210989,0,1,0.5233750000000001,1,3.2945950335699994,0.9172816666650004,-0.096785013,-0.090371872
Ligusticum,Apiaceae,Apiales,-0.18384477,0,1,0,0.003968254,0.5117361111950003,1,0.833333333,1,4,0.2700464881450004,-0.300823411,-1.381917345
Ligustrum,Oleaceae,Lamiales,-0.18384477,0,1,1,0.003252033,0.373333333,1,1,1,3,0.540872397,-0.407568385,-1.590640909
Lilaeopsis,Apiaceae,Apiales,-0.18384477,0,1,0,0.003968254,0.7852831196800001,1,0.6261130952449999,1,1.908856061,0.5829839166700002,-0.109887934,-0.358759984
Lilium,Liliaceae,Liliales,-0.087911326,0.225806452,1,0,0,0.7175000000300004,1,0.75,1,2.512680796,0.5308957564350008,4.523821585981133,-0.832464659
Limnanthes,Limnanthaceae,Brassicales,-0.18384477,0,0,0,0,0.00375,0.98875,0.991166667,0.925,2.126337877,0.7014,-0.398824984,1.0665696463282555
Limonium,Plumbaginaceae,Caryophyllales,-0.175788231,0.07079646,0.955752212,0.044247788,0.001196172,0.512574332,1,0.75,1,1.333333333,0.4637201511500005,0.045818032,1.3094065014379348
Limosella,Plantaginaceae,Lamiales,0.099387303,0.2,0.15,0,0.005925926,0.094166667,1,0.75,1,2.39346688,0.2845450835599992,-0.394179975,0.5668652854908621
Linanthus,Polemoniaceae,Ericales,-0.18384477,0,0.066666667,0,0,0.8733611111199999,1,0.9,0.074166796,2.187296312144998,0.11,-0.408240954,0.1480843965260416
Linaria,Plantaginaceae,Lamiales,-0.165402427,0.149038462,0.451374207,0,0.005925926,0.145,1,0.6875,1,1.7926037608899994,0.638669571,-0.468772188,-0.001359336
Lindernia,Linderniaceae,Lamiales,-0.18384477,0,0.5,0,0,1,1,1,1,1.9874242458399984,0.6005951153850004,-0.173551414,0.4019386756189432
Lindsaea,Lindsaeaceae,Monilophyta,0.13479131160761837,0.1,1,0,0,0.6723717949050004,1,0.6908095238000002,0.9891123188450002,2.482820365,0.5170390971000007,1.7755387789020054,-0.631519917
Linum,Linaceae,Malpighiales,-0.18384477,0,0.510721553,0.144736842,0,0,1,0.85,1,4,0.82916825,-0.462719065,1.895415355670337
Liparis,Orchidaceae,Asparagales,-0.18384477,0,1,0,0,1,1,0.5,1,3.5,0.4447925915799999,0.7189851398062763,2.4537198367834265
Lipocarpha,Cyperaceae,Poales,-0.18384477,0,0,0,0.00045977,0,0.9925,0.927916667,0,2.496418716714996,0.7292260833500009,-0.299691356,0.3653903166117993
Lipochaeta,Asteraceae,Asterales,-0.083222849,0.15,0.95,0,0.00210989,0.03,1,0.6287422889700003,0.981958333,2.216073487005001,0.7234914999949998,-0.098015456,0.4548763284000912
Listera,Orchidaceae,Asparagales,-0.113814862,0.071428571,1,0,0,0.8796901710200015,1,0.3589583332949999,1,3.0704765652350017,0.5378457829900003,1.8895523001076129,0.435974707
Lithodora,Boraginaceae,Boraginales,-0.18384477,0,1,1,0.001824818,0,1,0.762325243,1,3,0.8550729166649994,-0.473052706,-1.153402972
Lithophragma,Saxifragaceae,Saxifragales,-0.18384477,0,1,0,0,0,0,0.5,1,0.8665000000000014,0.0814,0.38270050557036356,-0.242827853
Lithospermum,Boraginaceae,Boraginales,-0.18384477,0,0.722222222,0,0.001824818,0,1,1,1,3.0376935516050003,0.9109475,-0.340874001,1.0177626832053093
Lobelia,Campanulaceae,Asterales,-0.176073158,0.024390244,0.794117647,0.317073171,0,1,1,1,1,2.083333333,0.73,0.15039508024018905,0.6173513637360777
Lobularia,Brassicaceae,Brassicales,-0.18384477,0,0.5,0,0.00485306,0.4785000000450001,1,1,1,3.967222222,0.2681553095750003,-0.511816621,-1.299453669
Loeflingia,Caryophyllaceae,Caryophyllales,-0.18384477,0,0,0,0.001818182,0.5863661616550001,1,1,1,3.610304978,0.1719593095299999,-0.302582003,-0.209626602
Loeseliastrum,Polemoniaceae,Ericales,-0.18384477,0,0,0,0,0,0.98875,0.996166667,1,1.906504913199999,0.6995553333350021,-0.397644213,0.891297665
Logania,Loganiaceae,Gentianales,-0.18384477,0,1,0.666666667,0,0.667660256,0.999318182,0.8050876052750003,0.987309524,2.1551260614300007,0.5809616437800006,0.3702867807121613,0.749957704
Logfia,Asteraceae,Asterales,0.4534273927244555,0.25,0,0,0.00210989,0.129375,0.997916667,0.9996,0.955208333,2.925298805,0.273282917,-0.35859542,-0.233842541
Lolium,Poaceae,Poales,0.16910596646771134,0.692307692,0.333333333,0,0.074314214,0.451531915,1,1,0,1.8523462766299996,0.82,-0.209160451,-1.047090037
Lomandra,Asparagaceae,Asparagales,-0.18384477,0,1,0,0,0,0,0.5,1,0.8665000000000014,0.0814,0.38270050557036356,-0.242827853
Lomatia,Proteaceae,Proteales,-0.18384477,0,1,1,0.000625,0,1,0.7240439799649999,0.9762222222150002,2.518229076480001,0.927873125,-0.435418925,0.006519897
Lomatium,Apiaceae,Apiales,-0.18384477,0,1,0,0.003968254,0.7852831196800001,1,0.6261130952449999,1,1.908856061,0.5829839166700002,-0.109887934,-0.358759984
Lomatogonium,Gentianaceae,Gentianales,-0.18384477,0,0,0,0,0.808987957,1,1,1,3.6922813852750007,0.2405760320499998,0.5225949134125022,0.6244942751676705
Lonicera,Caprifoliaceae,Dipsacales,-0.17267109,0.050847458,1,1,0,0.4968051009549999,1,0.857142857,1,3.5,0.4934632546000008,-0.322824657,2.030432404431299
Lophochloa,Poaceae,Poales,-0.18384477,0,0,0,0.074314214,0.901106383,1,1,0,2.165700758,0.062587564,-0.003690539,0.46823642561631446
Lotononis,Fabaceae,Fabales,-0.18384477,0,1,1,0.096494845,1,0.9704290193549998,0.8946339285700001,0.892738095,0,0.4261325000099996,-0.118039445,1.582867912782939
Lotus,Fabaceae,Fabales,-0.176554994,0.053191489,0.680851064,0.021276596,0.096494845,1,1,0.928571429,1,1,0.5263838296850001,-0.476432005,0.33969992460766313
Ludwigia,Onagraceae,Myrtales,-0.153498476,0.047619048,1,0.047619048,0.001538462,0,1,0.5,1,2,0.2,-0.439179141,-1.296782226
Lunaria,Brassicaceae,Brassicales,-0.18384477,0,0.666666667,0,0.00485306,0.928333333,1,0.75,1,0.620684524,0.5457663589800003,-0.336948612,1.416455214311272
Lupinus,Fabaceae,Fabales,-0.181075225,0.025423729,0.618644068,0.076923077,0.096494845,0.935652805,1,1,1,2.5,0.361923077,-0.473080531,-0.244854153
Luzula,Juncaceae,Poales,-0.178411929,0.028985507,0.872881356,0,0,0.6189102564350002,1,0.5,0.078947368,2.1579874986300003,0.173413429,-0.420003761,0.8067290588882382
Lychnis,Caryophyllaceae,Caryophyllales,-0.18384477,0,1,0,0.001818182,0,1,0.8792686688299998,0.975939394,3.172054711,0.9032799999999988,-0.491639543,0.3118250959470437
Lycium,Solanaceae,Solanales,-0.18384477,0,1,1,0.089837398,0.023971631,1,0.5,1,0,0.8467541190449995,-0.259314902,-0.514951165
Lycopersicon,Solanaceae,Solanales,-0.18384477,0,0.625,0,0.089837398,0.373947453,1,1,1,3.177833333,0.135,-0.431481959,-1.066359643
Lycopodiella,Lycopodiaceae,Lycophyta,0.4534273927244555,0.2,1,0,0,0.836762821,1,0.5,0.991666667,2.982513819559999,0.5843277747449999,2.3813213401799467,0.5701333984081542
Lycopodium,Lycopodiaceae,Lycophyta,-0.18384477,0,1,0,0,0,1,0.5,0.999886364,3.1657378618350003,0.9491899999949998,-0.05554563,-0.158260601
Lycopus,Lamiaceae,Lamiales,-0.18384477,0,1,0,0.004320557,0.8969818376400001,1,0.5,1,1.542442885,0.5346223342600002,-0.343704334,0.6103838699003109
Lycurus,Poaceae,Poales,-0.18384477,0,1,0,0.074314214,0.255,0.9984375,0.247008929,0,1.929752525,0.8467577500150008,0.030154827845963714,-1.554184315
Lygodesmia,Asteraceae,Asterales,-0.18384477,0,0.857142857,0,0.00210989,0.02,1,0.5656569865650002,0.9915952380950002,1.7924089105750003,0.7490649166549994,0.1133651587070154,0.41545024210288845
Lygos,Fabaceae,Fabales,-0.18384477,0,1,1,0.096494845,1,1,1,1,1.5446760911150017,0.6807733333349987,-0.447249972,-1.24694488
Lyonia,Ericaceae,Ericales,-0.18384477,0,1,1,0,0,0.999545455,0.6655357142149999,0.935530251,1.75,0.905506613,-0.405731405,0.9176268477532509
Lyperanthus,Orchidaceae,Asparagales,-0.18384477,0,1,0,0,0,0,0.5,1,0.8665000000000014,0.0814,0.38270050557036356,-0.242827853
Lysichiton,Araceae,Alismatales,-0.18384477,0,1,0,0.000248447,0.005,1,0.7024999999999999,1,3.063953328,0.930457083,-0.313603601,-0.304612697
Lysimachia,Primulaceae,Ericales,-0.174232821,0.038461538,0.976744186,0.211538462,0,0.4841880342200001,1,0.428571429,0.944444444,5,0.3488098215100005,-0.2649837,-1.003077557
Lysiosepalum,Malvaceae,Malvales,-0.18384477,0,1,1,0.006153846,0.003333333,1,0.6346099874050001,0.8989128264150001,1.9512841365800029,0.9277070357100008,-0.374424509,0.7399620560754862
Lythrum,Lythraceae,Myrtales,-0.173729338,0.027777778,0.5,0,0,0,1,0.833333333,1,2.98850877,0.8991329166699997,-0.305247648,0.7868411297283782
Machaeranthera,Asteraceae,Asterales,-0.168148411,0.034482759,0.529411765,0.086206897,0.00210989,0.07,0.9986363636499996,0.698030511,0.942844877,1.4339859099849983,0.7210609487199996,-0.348606479,0.095830539
Machaerina,Cyperaceae,Poales,-0.18384477,0,1,0,0.00045977,0.682019231,1,0.374607143,0,2.175480769240001,0.127935167,-0.419475402,0.6207484950398564
Macroptilium,Fabaceae,Fabales,-0.18384477,0,0.5,0,0.096494845,1,1,0.968183123,1,2.5585479166500007,0.4431996794999996,-0.446801592,0.2743055773963787
Madia,Asteraceae,Asterales,-0.133267614,0.107142857,0.068965517,0,0.00210989,0.059038462,0.999772727,0.9843181818200002,0.942583333,2.375679723185001,0.6510129168300005,-0.269010106,0.7215088924474309
Magnolia,Magnoliaceae,Magnoliales,-0.18384477,0,1,1,0,0.4976602564450001,0.999128788,0.6968133379349999,1,2.802325581,0.5185,-0.011649276,1.4289317877893837
Mahonia,Berberidaceae,Ranunculales,-0.18384477,0,1,1,0,0,0.999772727,0.5822419093299999,0.987415323,2,0.929740161,-0.397479846,1.1642286539144164
Maianthemum,Asparagaceae,Asparagales,-0.18384477,0,1,0,0,0,1,0.5,1,3.3897301587350004,0.9261583333299984,1.6940882938911785,-0.180378652
Maireana,Amaranthaceae,Caryophyllales,-0.170051,0.022727273,1,0.727272727,0.041463415,0.024242424,0.999545455,0.6571399812499998,0,1.4665865384749992,0.914900293,-0.39344443,-1.00583308
Malabaila,Apiaceae,Apiales,-0.18384477,0,0,0,0.003968254,0.5140744950000001,1,1,1,3.9675,0.1207570000199998,-0.240322827,-1.590640909
Malacothamnus,Malvaceae,Malvales,-0.18384477,0,1,1,0.006153846,0.003333333,1,0.6346099874050001,0.8989128264150001,1.9512841365800029,0.9277070357100008,-0.374424509,0.7399620560754862
Malacothrix,Asteraceae,Asterales,-0.18384477,0,0.105263158,0,0.00210989,0.5162689394400001,1,0.9497499999999998,0.97,3.851882576,0.1353838333399998,0.06173709,-0.658936478
Malaxis,Orchidaceae,Asparagales,-0.18384477,0,1,0,0,0,1,0.5,1,3.176555322,0.9457887499949994,-0.197054204,-0.262819669
Malcolmia,Brassicaceae,Brassicales,-0.18384477,0,0.1,0,0.00485306,0.5917916667200002,0.999791667,0.927777778,0.925833333,3.3781607142800003,0.2444093415899998,-0.541409669,0.10795132584709353
Malope,Malvaceae,Malvales,-0.18384477,0,0.25,0,0.006153846,0.4752638889250001,1,0.991702381,0.995,3.933655303,0.2314599047900003,-0.445690041,-1.219643328
Malus,Rosaceae,Rosales,-0.113814862,0.071428571,1,1,0.001060071,0.02,1,1,1,2.333333333,0.9056679166650008,-0.458930833,0.14644877556898483
Malva,Malvaceae,Malvales,-0.163635293,0.068181818,0.25,0,0.006153846,0.222,1,1,1,2.781101010159999,0.64,-0.425996783,0.3805984716705586
Malvastrum,Malvaceae,Malvales,-0.18384477,0,0.75,0,0.006153846,0.4273336557700001,0.99875,0.9724839743699998,1,3.880833333,0.3184384881300006,-0.373912274,-1.180409752
Malvella,Malvaceae,Malvales,-0.18384477,0,1,0,0.006153846,0,1,0.7404181597600002,0.5,2.1592454237349976,0.8044983332699995,-0.174153225,0.11592788094318708
Mammillaria,Cactaceae,Caryophyllales,-0.18384477,0,1,1,0,0.3606897163350001,0.9842687747000002,0.7026097823500003,0.977208333,3.25,0.4833956547650008,-0.142694782,1.8498963165108728
Mandragora,Solanaceae,Solanales,-0.18384477,0,1,0,0.089837398,0.316026323,0.9982196969650002,0.983958333,0.98175,1.5528885630099998,0.5762426666950001,-0.011919242,0.7669569078432013
Marah,Cucurbitaceae,Cucurbitales,1.0906995549581298,0.4,1,0,0.024852071,0.1303853922699999,0.8891574379500001,0.7430778409050001,0.717059783,2.2912580505149998,0.4265391667599998,0.4582025013386118,0.21208107050976477
Marina,Fabaceae,Fabales,-0.18384477,0,1,0,0.096494845,0.963333333,0.9975,0.9642499999999996,1,2.458391341975001,0.4271919230899998,-0.28847685,-0.585117563
Mariscus,Cyperaceae,Poales,-0.18384477,0,1,0,0.00045977,1,1,0.7801250000000003,0.965031056,1.7496104416400002,0.6083212499999996,-0.109182785,0.13173540208388818
Marrubium,Lamiaceae,Lamiales,0.10582439511348443,0.25,1,0,0.004320557,0.274818376,1,0.75,1,3.009035471135001,0.5559035714899998,-0.217033829,-0.260282216
Marsdenia,Apocynaceae,Gentianales,-0.18384477,0,1,0,0.000658617,0.988963675,1,0.6066354166649998,1,2,0.5981087500050005,0.028793865,0.32904031499604913
Marsilea,Marsileaceae,Monilophyta,-0.18384477,0,1,0,0,0,1,0.5,0.999886364,3.1660950046900003,0.9491899999949998,-0.036982718,-0.145073875
Matelea,Apocynaceae,Gentianales,-0.18384477,0,1,1,0.000658617,0,1,0.695980335,1,2.75,0.8732135416649998,-0.471919018,-1.252922492
Matricaria,Asteraceae,Asterales,-0.18384477,0,0.25,0,0.00210989,0.5996994950000001,1,1,1,3.706958333,0.1661288928599998,-0.215549859,-0.042872103
Matthiola,Brassicaceae,Brassicales,-0.18384477,0,0.433333333,0,0.00485306,0.5091022727800002,1,1,1,3.96594697,0.2248600000150002,-0.296978781,-0.700806416
Maurandya,Plantaginaceae,Lamiales,-0.18384477,0,1,0,0.005925926,0.4487174941800003,0.998333333,0.9149553570950008,1,3.922145833,0.3238377381250006,-0.404205539,-1.113676412
Meconella,Papaveraceae,Ranunculales,-0.18384477,0,0,0,0,0,0.98875,0.996166667,1,1.906504913199999,0.6995553333350021,-0.397644213,0.891297665
Medicago,Fabaceae,Fabales,-0.18384477,0,0.3,0.012195122,0.096494845,0.856624758,1,0.857142857,1,4,0.0595,-0.435412753,0.7965937598923382
Megalodonta,Asteraceae,Asterales,-0.18384477,0,0.6175211105399999,0,0.00210989,0,1,0.8845313491800008,0.979181818,3.072217803,0.8878100000000001,-0.288673115,0.6525082589446305
Melaleuca,Myrtaceae,Myrtales,-0.020441651,0.153846154,1,1,0.003243243,0.01375,0.995,0.8187291666349998,0.4292727272550001,0.9845762880750002,0.935,-0.46697867,-1.109526746
Melampyrum,Orobanchaceae,Lamiales,-0.18384477,0,0,0,0,0.808987957,1,1,1,3.6922813852750007,0.2405760320499998,0.5225949134125013,0.6244942751676705
Melastoma,Melastomataceae,Myrtales,-0.18384477,0,1,1,0,0,1,0.5,1,1.9852941180000083,0.9670000000000036,-0.36845952,0.6176545817132467
Melianthus,Melianthaceae,Geraniales,-0.18384477,0,1,1,0,0,0.999772727,0.5576169093199997,0.8914913978899992,2.1616460765650003,0.8906141785749991,-0.499710375,0.39337053711917686
Melica,Poaceae,Poales,-0.18384477,0,1,0,0.074314214,0.238439716,1,0.5,0,1.873935606,0.8712823863900004,-0.245479191,-0.912045466
Melilotus,Fabaceae,Fabales,-0.18384477,0,0.042857143,0,0.096494845,0.8875,1,1,1,2.987484523810001,0.2127358846249996,-0.420347201,-1.590640909
Menkea,Brassicaceae,Brassicales,-0.18384477,0,0,0,0.00485306,0.5073888889250001,1,1,1,4,0.203330393,-0.50374579,-1.35941345
Menodora,Oleaceae,Lamiales,-0.18384477,0,1,0.7,0.003252033,0,0.999545455,0.6033864424400001,0.9479666666650002,2.204653475170001,0.9180656249850008,-0.315605103,0.35671466842009736
Mentha,Lamiaceae,Lamiales,0.099387303,0.777777778,0.956521739,0,0.004320557,0.2023076923450001,1,0.28125,1,2.4240094197199995,0.3866514881849992,-0.486258989,3.450782918245537
Mentzelia,Loasaceae,Cornales,-0.174055643,0.047619048,0.351015459,0.106060606,0,0.4854195804400001,0.99875,0.8294412268750001,0.9058597935599998,2.425737988,0.3911420696600002,-0.26989052,0.9675198421375767
Mercurialis,Euphorbiaceae,Malpighiales,-0.006824724,0.111111111,0.777777778,0,0.01239531,0.1699203574249999,1,0.666666667,0.5,2.114261814089998,0.58,-0.358855154,1.0698431128645243
Merendera,Colchicaceae,Liliales,-0.18384477,0,1,0,0,0,0,0.5,1,0.8665000000000014,0.0814,0.38270050557036356,-0.242827853
Merremia,Convolvulaceae,Solanales,-0.18384477,0,0.8559032398000003,0.5,0.044375,0,0.9792006843199996,0.7288903722149997,1,1.9319266681300005,0.5750404107150007,-0.316106955,1.0386542945421944
Mertensia,Boraginaceae,Boraginales,0.084480351,0.4,1,0,0.001824818,0.3346858974550001,0.97477859,1,0.5,2.06050908,0.5542639167099999,1.0063437221337204,0.065973831
Mesembryanthemum,Aizoaceae,Caryophyllales,-0.18384477,0,0,0,0.000990099,0.6465972222550002,1,1,1,3.436477381,0.2041018892099999,-0.527958284,-0.478258115
Metrosideros,Myrtaceae,Myrtales,-0.18384477,0,1,1,0.003243243,0.17125,0.9925000000250004,0.6427238922100003,0.955183948,2,0.71,-0.182621857,1.2984664243215633
Microcybe,Rutaceae,Sapindales,-0.18384477,0,1,1,0.001652893,0.30625,0.989174078,0.8710581501899999,0.998402778,4.061858795,0.4641046153949998,-0.481468027,-0.996217621
Microlepia,Dennstaedtiaceae,Monilophyta,6.188876852827524,0.5,1,0,0,0.430673077,0.994924242,0.5748992673649999,0.976816667,2.6983139726800003,0.5096456548399996,0.48224075730419136,-1.105680773
Micromeria,Lamiaceae,Lamiales,-0.153498476,0.047619048,1,0.571428571,0.004320557,1,0.997272727,0.7718437500249999,0.9304682538400004,0,0.5503188461549996,-0.527734094,-0.078079856
Micropyrum,Poaceae,Poales,-0.18384477,0,0,0,0.074314214,0.935106383,1,1,0,1.357328813,0.060413333,0.6355865505157665,0.48516449372204196
Microseris,Asteraceae,Asterales,-0.001767009,0.2,0.625,0,0.00210989,0.069083333,0.9964685314750004,0.7120929484650005,0.8079422799299999,2.559320019,0.6340475000749999,-0.224370863,1.4151351834804804
Microsorum,Polypodiaceae,Monilophyta,-0.18384477,0,0.5500362987299998,0.016143491,0,0.7226631701949998,0.998125,0.8848992673900002,0.945820652,3.4093810772400004,0.2546327335349997,-0.284047751,-0.032285189
Microtis,Orchidaceae,Asparagales,0.6658514465899229,0.333333333,1,0,0,0.819551282,1,0.54490522,0.9718611111099998,2.8571151071649994,0.5793542033149999,2.7515931944058374,0.34328339500327376
Milium,Poaceae,Poales,-0.18384477,0,0.5,0,0.074314214,0.243333333,1,0.5,0,1.7057533043000002,0.8172275000150003,0.039152123234947926,-1.400394565
Millotia,Asteraceae,Asterales,-0.18384477,0,0,0,0.00210989,0.540991162,1,1,0.995,3.945070455,0.034175,-0.055425688,-0.8898522
Mimosa,Fabaceae,Fabales,-0.18384477,0,1,1,0.096494845,0,0.99958042,0.563755952,1,2.214285714,0.8591789285749992,-0.499710375,-1.09016284
Mimulus,Phrymaceae,Lamiales,-0.175978599,0.065420561,0.35046729,0.009345794,0,0.5883440171100001,1,0.5,1,3.1652640963150005,0.268714286,-0.536029115,0.5992520001129568
Minuartia,Caryophyllaceae,Caryophyllales,-0.18384477,0,0.729885057,0,0.001818182,0.5068750000350001,1,1,0.958333333,4,0.1858588022599999,-0.447788027,-1.356174151
Minuria,Asteraceae,Asterales,-0.18384477,0,1,0,0.00210989,0,1,0.5233750000000001,1,3.2945950335699994,0.9172816666650004,-0.096785013,-0.090371872
Mirabilis,Nyctaginaceae,Caryophyllales,-0.18384477,0,1,0.026315789,0.005063291,0,0.999545455,0.7067000282500001,1,2.0563407539850007,0.6830402499899999,-0.425727755,-0.525870175
Mirbelia,Fabaceae,Fabales,-0.18384477,0,1,1,0.096494845,1,1,1,1,1.5446760911150017,0.6807733333349987,-0.447249972,-1.24694488
Miscanthus,Poaceae,Poales,-0.18384477,0,1,0,0.074314214,0.242,0.9959375,0.472910714,0,2.0545972569649997,0.8729262348650002,-0.088097982,-0.365172835
Misopates,Plantaginaceae,Lamiales,-0.18384477,0,0,0,0.005925926,1,1,1,1,1.0662083333250008,0.4558498461500001,-0.500235426,1.0206152338225376
Mitella,Saxifragaceae,Saxifragales,-0.067977104,0.090909091,1,0,0,0.8446901710250014,1,0.3405837911449997,0.999583333,2.804400724310001,0.5168380769450005,1.4524830851011605,0.24713462037137549
Mitrasacme,Loganiaceae,Gentianales,-0.18384477,0,1,0,0,0,0,0.5,1,0.8665000000000014,0.0814,0.38270050557036356,-0.242827853
Moehringia,Caryophyllaceae,Caryophyllales,-0.18384477,0,0.934782609,0,0.001818182,0,1,1,1,3,0.9234699999999988,-0.203128527,0.5907397281282373
Moenchia,Caryophyllaceae,Caryophyllales,-0.18384477,0,0,0,0.001818182,0.5863661616550001,1,1,1,3.6028049783600005,0.1684647380999999,-0.303320148,-0.227811335
Mohavea,Plantaginaceae,Lamiales,-0.18384477,0,0,0,0.005925926,0.5729356061200003,0.99625,0.98425,0.8016993851600003,2.7046655844150003,0.3392743782300001,-0.309893145,0.18329767308495215
Molinerella,Poaceae,Poales,-0.18384477,0,0,0,0.074314214,0.901106383,1,1,0,2.165700758,0.062587564,-0.003690539,0.46823642561631446
Mollugo,Molluginaceae,Caryophyllales,-0.18384477,0,0,0,0.022988506,0,0.971698718,0.9905000000000002,0.691136364,2.455146194,0.4585557500150007,-0.434973821,-0.242096876
Moltkia,Boraginaceae,Boraginales,-0.18384477,0,1,0.666666667,0.001824818,0,0.999772727,0.7093792459800001,0.950704762,2.3406415529400006,0.9164770416499998,-0.472807604,0.1509785979457539
Monarda,Lamiaceae,Lamiales,-0.18384477,0,0.375,0,0.004320557,0.6085378788750002,1,0.5,1,3.2225214285800003,0.2702530201849997,-0.420885159,-0.009729497
Monardella,Lamiaceae,Lamiales,0.076546006,0.612903226,0.741935484,0,0.004320557,0.147195998,0.9749906191350002,0.7726400997749997,0.831719697,2.536179525,0.4228708334699994,-0.111644904,0.9847882433039902
Monolepis,Amaranthaceae,Caryophyllales,-0.18384477,0,0,0,0.041463415,0.062328283,0.980416667,0.99,0.613077652,2.147842950794999,0.4261375833450004,-0.443214556,-1.590640909
Monolopia,Asteraceae,Asterales,-0.18384477,0,0,0,0.00210989,0.540991162,1,1,0.995,3.945070455,0.034175,-0.055425688,-0.8898522
Monoptilon,Asteraceae,Asterales,-0.18384477,0,0,0,0.00210989,0.540991162,1,1,0.995,3.945070455,0.034175,-0.055425688,-0.8898522
Monotoca,Ericaceae,Ericales,1.0906995549581298,0.5,1,1,0,0.233685897,0.972906322,0.8170649150850002,0.8216125191649999,2.0228099124000023,0.6036999729599998,0.15626224725469814,1.2889865913582135
Monotropa,Ericaceae,Ericales,-0.18384477,0,1,0,0,0,1,0.5,1,3.176555322,0.9457887499949994,-0.197054204,-0.262819669
Montia,Montiaceae,Caryophyllales,-0.18384477,0,0.233333333,0,0,0.005,1,0.5,1,1.2622427850149986,0.7413829047650004,-0.505090929,0.084177417
Moricandia,Brassicaceae,Brassicales,-0.18384477,0,1,0,0.00485306,0.7139914531299998,1,0.148453463,0.948451464,3.068917857,0.310014923,-0.498365236,0.4170927638067796
Morinda,Rubiaceae,Gentianales,-0.18384477,0,1,1,0.0006,0,1,0.8404613095200003,0.580964646,1.25,0.8915631190549996,-0.498365236,-1.221057104
Morus,Moraceae,Rosales,-0.18384477,0,1,1,0.01,0,0.99875,0.940964286,0,1.7530094338000006,0.9647485416699983,-0.501728082,-1.590640909
Mucizonia,Crassulaceae,Saxifragales,-0.18384477,0,0,0,0,0,0.98875,0.996166667,1,1.906504913199999,0.6995553333350021,-0.397644213,0.891297665
Mucronea,Polygonaceae,Caryophyllales,-0.18384477,0,0,0,0.002727273,0.5057828283200001,1,1,1,3.995,0.1104860000199998,-0.291599508,-1.289691393
Mucuna,Fabaceae,Fabales,-0.18384477,0,1,1,0.096494845,1,1,1,1,1.5446760911150017,0.6807733333349987,-0.447249972,-1.24694488
Muehlenbeckia,Polygonaceae,Caryophyllales,-0.18384477,0,1,0.7,0.002727273,0,0.999772727,0.6592792995900001,1,2.335527417,0.9093277499800012,-0.300160027,-0.099452356
Muellerina,Loranthaceae,Santalales,-0.18384477,0,1,1,0,0.364166667,0.9731347408200002,0.8302802197600003,0.998472222,3.948995098,0.4455091987200007,0.18092972502881027,-0.537002868
Muhlenbergia,Poaceae,Poales,-0.180474742,0.016129032,0.879032258,0,0.074314214,0.902582742,0.999027778,0.8151358617749996,0.008334354,3,0.093576552,-0.292538193,0.5067800347515686
Muilla,Amaryllidaceae,Asparagales,-0.18384477,0,1,0,0,0,0,0.5,1,0.8665000000000014,0.0814,0.38270050557036356,-0.242827853
Murbeckiella,Brassicaceae,Brassicales,-0.18384477,0,1,0,0.00485306,0.6258611112700005,0.992083333,0.342081845,0.749918785,3.433980882415001,0.1934563690649999,-0.349540536,0.12749118772393747
Muretia,Apiaceae,Apiales,-0.18384477,0,1,0,0.003968254,0.7852831196800001,1,0.6261130952449999,1,1.908856061,0.5829839166700002,-0.109887934,-0.358759984
Muscari,Asparagaceae,Asparagales,-0.146577392,0.052631579,1,0,0,0,1,0.5,1,3.0464814714749995,0.8985345833300008,-0.023531333,0.17097506473864718
Musineon,Apiaceae,Apiales,-0.18384477,0,1,0,0.003968254,0.7852831196800001,1,0.6261130952449999,1,1.908856061,0.5829839166700002,-0.109887934,-0.358759984
Myoporum,Scrophulariaceae,Lamiales,-0.18384477,0,1,1,0.001764706,0,0.999772727,0.57,1,2,0.93530525,-0.324842365,0.2108524021231375
Myosotis,Boraginaceae,Boraginales,-0.181666806,0.012987013,0.39055794,0,0.001824818,0.462820998,1,0.733333333,1,3.7643154761950006,0.1847825476449998,-0.311390979,-1.590640909
Myosurus,Ranunculaceae,Ranunculales,-0.042228733,0.1,0,0,0,0.6488461538850008,1,1,1,2.21214678,0.4591373709149998,-0.437834002,-0.000779406
Myrica,Myricaceae,Fagales,-0.18384477,0,1,1,0,0.055,1,0,0,2,0.960500076,-0.529303422,-0.812635089
Myriophyllum,Haloragaceae,Saxifragales,-0.18384477,0,0.9375,0,0,0.7397222222550002,1,0.25,0.125,2.288771511,0.1747022271199998,-0.528406663,0.49223268110618573
Myrsine,Primulaceae,Ericales,-0.146577392,0.052631579,1,1,0,0,1,0.704797619,0.533333333,1.942307692,0.9269902083199988,-0.420347201,-0.694798414
Myrsiphyllum,Asparagaceae,Asparagales,-0.18384477,0,1,0,0,0,0,0.5,1,0.8665000000000014,0.0814,0.38270050557036356,-0.242827853
Najas,Hydrocharitaceae,Alismatales,-0.18384477,0,0.041666667,0,0,0.635213675,1,0.5,0,0.6855033043100001,0.1390487738250001,-0.255235575,1.4452157774802978
Nama,Boraginaceae,Boraginales,-0.18384477,0,0.157894737,0,0.001824818,0.5787967172200001,1,0.93375,0.9525,3.74525,0.1451062701499998,-0.067633703,-0.299109726
Narcissus,Amaryllidaceae,Asparagales,-0.093973054,0.275,1,0,0,0.29625,1,0.5,1,3,0.73,1.4479711004004459,0.3948152515652637
Narthecium,Nartheciaceae,Dioscoreales,-0.18384477,0,1,0,0,0.940844017,1,0,1,2.527621077,0.4092117014800001,-0.530648561,0.3362394
Nassella,Poaceae,Poales,-0.18384477,0,1,0,0.074314214,0.914791667,0.924583333,0.6977924999749997,0.015,0,0.039976667,0.3903315203480109,1.501301712286187
Nasturtium,Brassicaceae,Brassicales,0.8782755010926624,0.25,1,0,0.00485306,0.225438034,1,0.333333333,1,3.1186203859000003,0.4778602679599993,-0.505763498,-0.797289727
Navarretia,Polemoniaceae,Ericales,-0.18384477,0,0,0,0,0,0.98875,0.996166667,1,1.906504913199999,0.6995553333350021,-0.397644213,0.891297665
Nemacladus,Campanulaceae,Asterales,-0.18384477,0,0,0,0,0,0.98875,0.996166667,1,1.906504913199999,0.6995553333350021,-0.397644213,0.891297665
Nemophila,Boraginaceae,Boraginales,-0.18384477,0,0,0,0.001824818,0.5628939394300001,1,1,1,3.6172716450250006,0.1784772857249999,-0.417656924,-0.270389108
Nepeta,Lamiaceae,Lamiales,-0.18384477,0,1,0,0.004320557,0.015,1,0.875,1,3.349565519,0.8807345833249998,-0.548135362,-0.436501032
Nephrolepis,Lomariopsidaceae,Monilophyta,1.0906995549581298,0.4,1,0,0,0.6412884615900001,0.995416667,0.737035714,0.96465,2.565705294,0.499322783,0.5755036958207808,-0.5605987
Neraudia,Urticaceae,Rosales,-0.18384477,0,1,1,0,0,0.999772727,0.6025833332149997,0.973627688,3,0.8909008749999987,-0.454385691,-0.157935804
Nicotiana,Solanaceae,Solanales,-0.133267614,0.107142857,0.321428571,0.142857143,0.089837398,0.278839861,1,1,1,0,0.4837363141250002,-0.088454856,0.062929716
Nigella,Ranunculaceae,Ranunculales,-0.18384477,0,0,0,0,0.7576631701700001,1,1,1,3.4056345238150003,0.1944660201499997,0.8481184393528682,-1.57684073
Nitrophila,Amaranthaceae,Caryophyllales,-0.18384477,0,1,0,0.041463415,0.025555556,0.99875,0.4771875,0,2.002712188,0.8132690833250006,-0.187638234,-0.425188395
Nolina,Asparagaceae,Asparagales,-0.18384477,0,1,1,0,0.358333333,0.9731347408200002,0.8303486721400003,0.998194444,3.912132353,0.4459429487250005,0.19124245385688296,-0.904760787
Nonea,Boraginaceae,Boraginales,-0.18384477,0,0.111111111,0,0.001824818,0.5753244949900002,1,1,1,3.654259524,0.1886246630099999,-0.346021149,-0.198409587
Notelaea,Oleaceae,Lamiales,-0.18384477,0,1,1,0.003252033,0,1,0.506666667,1,2.3044876708950013,0.9408904166650006,-0.404077379,-0.368359961
Nothocalais,Asteraceae,Asterales,-0.18384477,0,1,0,0.00210989,0,1,0.5233750000000001,1,3.2945950335699994,0.9172816666650004,-0.096785013,-0.090371872
Nothocestrum,Solanaceae,Solanales,-0.18384477,0,1,1,0.089837398,0.015957447,1,0.5279375,0.98,2.875,0.8743254166649989,-0.415682943,-0.508379351
Nothofagus,Nothofagaceae,Fagales,1.9403957710572715,0.333333333,1,1,0,0.002,0.995208333,0.8206826923199997,0,1.944444444,0.99,-0.22555157,-0.559155409
Notholaena,Pteridaceae,Monilophyta,-0.18384477,0,1,0,0,0,0,0.5,1,0.8665000000000014,0.0814,0.38270050557036356,-0.242827853
Nototrichium,Amaranthaceae,Caryophyllales,-0.18384477,0,1,1,0.041463415,0.025227273,0.9984375,0.7520476190200001,0,1.7373218238799994,0.9534690259849996,-0.398647522,-1.054842957
Nuphar,Nymphaeaceae,Nymphaeales,0.4534273927244555,0.2,1,0,0,0.4424893162850001,1,0.333333333,1,2.814935860690001,0.5095563691649994,-0.238753498,-1.435453911
Nymphaea,Nymphaeaceae,Nymphaeales,-0.18384477,0,1,0,0,0,1,0.5,1,3.123127188,0.9491174999999994,-0.411334773,0.8067923646870977
Nymphoides,Menyanthaceae,Asterales,-0.18384477,0,0.928571429,0,0,0,1,0.5,1,3.294035102,0.9398786666649984,-0.487604128,-0.08807236
Ochrosia,Apocynaceae,Gentianales,-0.18384477,0,1,1,0.000658617,0.345138889,0.973968074,0.8354629120750003,1,3.75,0.4544015201500005,0.15294534958234784,-0.189863195
Ocimum,Lamiaceae,Lamiales,-0.18384477,0,0.5,0,0.004320557,1,1,0.9011311548149998,0.998916667,1.7817476550149995,0.667,-0.178800827,0.5016055540066743
Odontites,Orobanchaceae,Lamiales,-0.18384477,0,0.117647059,0.117647059,0,0.6255555555650001,1,1,1,3.489877137,0.2697113709249999,-0.509126344,-0.119874891
Oenanthe,Apiaceae,Apiales,-0.18384477,0,0.909090909,0,0.003968254,0,1,0.785714286,1,2.336021869,0.6697177499850003,-0.499710375,-1.465521392
Oenothera,Onagraceae,Myrtales,-0.17733535,0.04494382,0.402001096,0,0.001538462,0.005,1,1,1,3.415883838,1.043,-0.42146815,-1.067769799
Olearia,Asteraceae,Asterales,-0.153058675,0.108695652,1,0.979166667,0.00210989,0.240833333,0.9748817827850004,0.7561841991799999,1,1.5,0.5856755833349999,0.23877068211738786,1.6059791344388679
Omalotheca,Asteraceae,Asterales,-0.18384477,0,1,0,0.00210989,0,1,0.5233750000000001,1,3.2945950335699994,0.9172816666650004,-0.096785013,-0.090371872
Omphalodes,Boraginaceae,Boraginales,-0.18384477,0,0.375,0,0.001824818,0.5367550505500001,1,0.75,1,3.850446429,0.1369978809599997,-0.187663807,-0.948261302
Oncosiphon,Asteraceae,Asterales,-0.18384477,0,0,0,0.00210989,0.540991162,1,1,0.995,3.945070455,0.034175,-0.055425688,-0.8898522
Onobrychis,Fabaceae,Fabales,-0.18384477,0,0.913043478,0,0.096494845,0.966666667,1,1,1,2.606248484830001,0.4256066025849997,-0.417656924,-0.456894565
Ononis,Fabaceae,Fabales,-0.180244362,0.016666667,0.311111111,0.433333333,0.096494845,0.7126974533500007,1,0.833333333,1,1.654810559,0.4943496044150003,-0.124700431,1.2108066076607191
Onopordum,Asteraceae,Asterales,-0.128669691,0.090909091,0,0,0.00210989,0.2873717948900001,1,1,1,2.818609562,0.568,-0.406895816,0.097195356
Onosma,Boraginaceae,Boraginales,-0.18384477,0,0.712121212,0,0.001824818,0,1,1,1,3.030526885,0.9104275,-0.345019443,1.0561477175429075
Onosmodium,Boraginaceae,Boraginales,-0.18384477,0,1,0,0.001824818,0,1,0.918898945,0.9547310605950002,2.9124039613750003,0.9151054999999992,-0.346034267,0.40717725381727754
Opercularia,Rubiaceae,Gentianales,-0.18384477,0,1,0,0.0006,0.015,0.999772727,0.6247602259000002,0.950433747,1.5666022727549995,0.7566620356999988,-0.182348727,0.24915680448734567
Ophioglossum,Ophioglossaceae,Monilophyta,-0.18384477,0,1,0,0,0.764038462,1,0.5,0.986932971,2.400193181905001,0.484279429,7.724018261,-1.352244487
Ophrys,Orchidaceae,Asparagales,0.7481342820518103,1.608695652,1,0,0,0.6943910256599999,1,0.833333333,1,2.134824143965002,0.5451445201600008,0.7084539617354905,0.011504026515113296
Oplismenus,Poaceae,Poales,-0.18384477,0,1,0,0.074314214,1,0.982083333,0.670532834,0.050985915,2.656088564209999,0.1156974999999999,-0.230682667,-0.275811275
Opopanax,Apiaceae,Apiales,-0.18384477,0,1,0,0.003968254,0.7852831196800001,1,0.6261130952449999,1,1.908856061,0.5829839166700002,-0.109887934,-0.358759984
Opuntia,Cactaceae,Caryophyllales,-0.098875148,0.333333333,1,0.773584906,0,0,0.997816206,0.5984772019149996,1,2.5,0.8522127083199998,-0.23740836,0.18776862670669506
Orchis,Orchidaceae,Asparagales,-0.110595096,0.166666667,1,0,0,0.7313141025950003,1,0.857142857,1,2.45935563,0.5261013718100005,2.884055538724145,-0.558801398
Orcuttia,Poaceae,Poales,-0.18384477,0,0,0,0.074314214,0.901106383,1,1,0,2.165700758,0.062587564,-0.003690539,0.46823642561631446
Oreobolus,Cyperaceae,Poales,-0.18384477,0,1,0,0.00045977,0.682019231,1,0.374607143,0,2.175480769240001,0.127935167,-0.419475402,0.6207484950398564
Oreochloa,Poaceae,Poales,-0.18384477,0,1,0,0.074314214,0.939134161,1,1,0,3.0556628787949998,0.102499231,-0.228462205,0.11693092519522058
Oreomyrrhis,Apiaceae,Apiales,0.4534273927244555,0.2,0.9,0,0.003968254,0.173218726,0.9822568005000002,0.780754866,0.8698604607399999,2.4617298203100004,0.4275583334699996,-0.084845086,0.6577230027710113
Oreonana,Apiaceae,Apiales,-0.18384477,0,1,0,0.003968254,0.7852831196800001,1,0.6261130952449999,1,1.908856061,0.5829839166700002,-0.109887934,-0.358759984
Origanum,Lamiaceae,Lamiales,0.061259908,0.230769231,0.959731544,0.566666667,0.004320557,0.2974358974800001,1,0.5,1,2.9836757683450004,0.5627360714550005,-0.482896143,-1.590640909
Orlaya,Apiaceae,Apiales,-0.18384477,0,0,0,0.003968254,0.5017828283250002,1,1,1,3.9875,0.1533813214549998,-0.400170123,-1.411575244
Ornithogalum,Asparagaceae,Asparagales,-0.176073158,0.024390244,1,0,0,0,1,0.4,1,3.358772941,0.9122399999999992,1.3489135166569948,1.6860830371851296
Ornithopus,Fabaceae,Fabales,-0.10214321,0.076923077,0,0,0.096494845,0.763439716,1,1,1,1.823905256,0.4419398333399997,0.091230357,0.067240272
Orobanche,Orobanchaceae,Lamiales,-0.18384477,0,1,0,0,1,1,0.925,1,1.941299752,0.6285393333350004,-0.137639148,0.2822995840612087
Orostachys,Crassulaceae,Saxifragales,-0.18384477,0,0,0,0,0,0.98875,0.996166667,1,1.906504913199999,0.6995553333350021,-0.397644213,0.891297665
Orthocarpus,Orobanchaceae,Lamiales,-0.18384477,0,0,0,0,0,0.98875,0.996166667,1,1.906504913199999,0.6995553333350021,-0.397644213,0.891297665
Oryzopsis,Poaceae,Poales,-0.020441651,0.153846154,1,0,0.074314214,0.286666667,0.9996875,0.2254196428549999,0.007482394,2.000895202,0.7901331666700004,0.12264946284054891,-1.075369997
Osmorhiza,Apiaceae,Apiales,-0.18384477,0,1,0,0.003968254,0.7852831196800001,1,0.6261130952449999,1,1.908856061,0.5829839166700002,-0.109887934,-0.358759984
Osmunda,Osmundaceae,Monilophyta,1.9403957710572715,0.333333333,1,0,0,0.6800961538550001,1,1,0.998055556,2.199936976,0.5597967381300003,1.2669049034062831,-1.506381443
Osteocarpum,Amaranthaceae,Caryophyllales,3.0025160416591525,0.25,1,0,0.041463415,0.085519231,0.8504015115350007,0.6849630811649999,0.736361989,2.504213329,0.4173097349199998,1.760597496190865,0.1381336545526685
Osyris,Santalaceae,Santalales,-0.18384477,0,1,1,0.002139037,0,1,1,0.5,1.1373288493199998,0.9081975,10.058879840558076,-1.126392723
Oxalis,Oxalidaceae,Oxalidales,-0.18384477,0,0.9375,0,0.003896104,0,0.7,0.25,1,1.875,0.3094616666650001,-0.271869528,6.681312780988544
Oxylobium,Fabaceae,Fabales,-0.18384477,0,1,1,0.096494845,1,1,1,1,1.5446760911150017,0.6807733333349987,-0.447249972,-1.24694488
Oxytheca,Polygonaceae,Caryophyllales,-0.18384477,0,0,0,0.002727273,0.5057828283200001,1,1,1,3.995,0.1104860000199998,-0.291599508,-1.289691393
Oxytropis,Fabaceae,Fabales,-0.151330884,0.12244898,1,0,0.096494845,0.916356383,1,1,1,1.728519231,0.5692813461600004,0.034309625,0.22276581007686405
Ozothamnus,Asteraceae,Asterales,0.1910212082640495,0.470588235,1,1,0.00210989,0.005,0.995543478,0.8118295939800003,0.9843055555450002,2.150343814,0.8859554166649991,-0.441294066,0.5401148653247109
Paederota,Plantaginaceae,Lamiales,-0.18384477,0,1,0,0.005925926,0.4487174941800003,0.998333333,0.9149553570950008,1,3.922145833,0.3238377381250006,-0.404205539,-1.113676412
Paeonia,Paeoniaceae,Saxifragales,-0.18384477,0,1,0,0,0.860160256,1,1,1,2.325811928,0.5110057051350005,2.142659072351061,-0.44176706
Palafoxia,Asteraceae,Asterales,-0.18384477,0,0,0,0.00210989,0.540991162,1,1,0.995,3.945070455,0.034175,-0.055425688,-0.8898522
Panax,Araliaceae,Apiales,-0.18384477,0,1,0,0,0,1,0.7097916666649999,0.992314394,3,0.9086044166599988,-0.187959186,-0.34958191
Pancratium,Amaryllidaceae,Asparagales,-0.18384477,0,1,0,0,0,1,0.5263620600950005,1,3.493762626270001,0.9178829166649982,2.717412626640628,-0.31130856
Panicum,Poaceae,Poales,-0.180577824,0.019480519,0.48,0,0.074314214,1,1,1,0,1.666666667,0.1077535256450001,-0.330559204,0.051504777
Papaver,Papaveraceae,Ranunculales,-0.179553374,0.018181818,0.290909091,0,0,0.7517123154850001,1,1,1,3.579681683,0.23,-0.068593474,1.0158997769540568
Paradisea,Asparagaceae,Asparagales,-0.18384477,0,1,0,0,0.7557051282099999,1,0.678005952,1,1.7933970959299996,0.5807103333399999,-0.084735136,-1.472407164
Parapholis,Poaceae,Poales,-0.18384477,0,0,0,0.074314214,0.935106383,1,1,0,1.357328813,0.060413333,0.6355865505157692,0.48516449372204196
Parentucellia,Orobanchaceae,Lamiales,-0.18384477,0,0,0,0,0.808987957,1,1,1,3.6922813852750007,0.2405760320499998,0.5225949134125022,0.6244942751676705
Parietaria,Urticaceae,Rosales,-0.18384477,0,0.325,0,0,0.8676388889250001,1,0.833333333,0.5,2.3755429749199983,0.2594585256699999,-0.509126344,0.21397769895116195
Parnassia,Celastraceae,Celastrales,-0.067977104,0.090909091,1,0,0,0.7827913753800024,1,0.5,1,2.361131629,0.5042086483700007,-0.427072894,0.40059616047068175
Paronychia,Caryophyllaceae,Caryophyllales,-0.18384477,0,0.653846154,0,0.001818182,0.6345000000450001,1,1,0.666666667,3.093157705474999,0.2092176172449997,-0.405550677,-0.135770609
Parsonsia,Apocynaceae,Gentianales,-0.18384477,0,1,1,0.000658617,0,1,0.737678087,1,2.6,0.862375417,-0.518542314,-0.803565543
Parthenium,Asteraceae,Asterales,-0.18384477,0,0.8,0.285714286,0.00210989,0.5137544326300001,1,0.8803389497949995,0.964011544,2.550555704,0.4770676346450005,-0.193521833,0.6575057286380557
Parvisedum,Crassulaceae,Saxifragales,-0.18384477,0,0,0,0,0,0.98875,0.996166667,1,1.906504913199999,0.6995553333350021,-0.397644213,0.891297665
Paspalidium,Poaceae,Poales,-0.18384477,0,1,0,0.074314214,0.255,0.9984375,0.247008929,0,1.929752525,0.8467577500150008,0.030154827845963714,-1.554184315
Paspalum,Poaceae,Poales,-0.18384477,0,0.92,0,0.074314214,0.7643665377300002,0.984027778,0.7835410136749998,0.496478873,2.666666667,0.208191192,-0.420066964,-0.372000576
Passiflora,Passifloraceae,Malpighiales,-0.18384477,0,1,0.6,0.001652893,0,0.999090909,0.6713733726950001,1,2,0.967,-0.353036469,-0.388348386
Pastinaca,Apiaceae,Apiales,-0.18384477,0,0.25,0,0.003968254,0.5032411616600001,1,1,1,3.99,0.1644931547849998,-0.353090274,-1.303768282
Patersonia,Iridaceae,Asparagales,-0.18384477,0,1,0,0,0,0,0.5,1,0.8665000000000014,0.0814,0.38270050557036356,-0.242827853
Pectis,Asteraceae,Asterales,-0.18384477,0,0,0,0.00210989,0.540991162,1,1,0.995,3.945070455,0.034175,-0.055425688,-0.8898522
Pectocarya,Boraginaceae,Boraginales,-0.087288381,0.083333333,0,0,0.001824818,0.1052959401799999,0.994545455,0.997,0.8554166666699998,2.3545516276500003,0.611928917,-0.308071543,0.6434348601183101
Pedicularis,Orobanchaceae,Lamiales,-0.18384477,0,0.957317073,0,0,0,1,1,1,2.963600229455001,0.962,-0.203779897,0.4670647539352619
Pediocactus,Cactaceae,Caryophyllales,-0.18384477,0,1,1,0,0,1,0.5,1,1.9852941180000083,0.9670000000000036,-0.36845952,0.6176545817132467
Pediomelum,Fabaceae,Fabales,-0.18384477,0,1,0,0.096494845,0.963333333,0.9975,0.9642499999999996,1,2.458391341975001,0.4271919230899998,-0.28847685,-0.585117563
Pelargonium,Geraniaceae,Geraniales,-0.043784954,0.142857143,0.96875,0.5,0,0.666666667,0.997708333,0.700178984,1,4,0.5383916392200007,0.5037629738952899,0.8601109797340464
Pelea,Rutaceae,Sapindales,-0.18384477,0,1,1,0.001652893,0.347361111,0.988467556,0.8428074633950001,0.9869444443399996,5,0.4705446153900003,-0.419552834,-0.581325868
Pellaea,Pteridaceae,Monilophyta,-0.001767009,0.2,1,0,0,0.7413461538949998,1,0.7018869047500002,0.984472222,2.5659639151500007,0.5431262252900004,0.33024010262955705,0.12143982324591882
Peltaria,Brassicaceae,Brassicales,-0.18384477,0,1,0,0.00485306,0.5853750001000003,0.995277778,0.5022549818950001,0.5279931102350004,2.065658671064999,0.3214371905699997,-0.483120333,1.321578514731141
Pennisetum,Poaceae,Poales,-0.18384477,0,0.875,0,0.074314214,0.8983096926900003,1,0.8159956257749998,0,3.1269419233199995,0.085433571,-0.300405681,0.41885819297967064
Penstemon,Plantaginaceae,Lamiales,-0.178659178,0.075268817,1,0.144385027,0.005925926,0.538717949,0.999318182,0.7154941829850003,0.9057123015899996,2.1162388966200005,0.4916156676150002,-0.475509578,1.1672304871135177
Pentachaeta,Asteraceae,Asterales,-0.18384477,0,0,0,0.00210989,0.540991162,1,1,0.995,3.945070455,0.034175,-0.055425688,-0.8898522
Pentagramma,Pteridaceae,Monilophyta,-0.18384477,0,1,0,0,0,0,0.5,1,0.8665000000000014,0.0814,0.38270050557036356,-0.242827853
Peperomia,Piperaceae,Piperales,-0.18384477,0,0.538461538,0,0.000992556,0,1,0.8066262986799998,0.5,2.968085106,0.9029174999899996,-0.331971599,1.3983296571507438
Perideridia,Apiaceae,Apiales,-0.18384477,0,1,0,0.003968254,0.7852831196800001,1,0.6261130952449999,1,1.908856061,0.5829839166700002,-0.109887934,-0.358759984
Periploca,Apocynaceae,Gentianales,-0.18384477,0,1,1,0.000658617,0,1,0.737678087,1,2.6,0.862375417,-0.518542314,-0.803565543
Perityle,Asteraceae,Asterales,-0.18384477,0,0.833333333,0.25,0.00210989,0.634796099,0.999318182,0.8077168314049995,0.98097619,1.366171131,0.5578851712599999,-0.282188363,1.4780143235158643
Persicaria,Polygonaceae,Caryophyllales,-0.068210708,0.28125,0.375,0,0.002727273,0,1,0.727272727,1,2.426441150700001,0.6846516667049996,-0.509798914,0.3226911790931402
Persoonia,Proteaceae,Proteales,0.2796258939508336,0.363636364,1,0.916666667,0.000625,0.005,1,0.7924715294850002,0.242872872,2.456685071,1.135,-0.243882681,-0.749941261
Petalonyx,Loasaceae,Cornales,-0.18384477,0,1,1,0,0,1,0.5,1,1.9852941180000083,0.9670000000000036,-0.36845952,0.6176545817132467
Petasites,Asteraceae,Asterales,-0.109310014,0.105263158,1,0,0.00210989,0.079861111,1,0.4,0.916666667,2.0406480946550007,0.6587978333349995,-0.46742705,-0.058149748
Petrocoptis,Caryophyllaceae,Caryophyllales,-0.18384477,0,1,0,0.001818182,0,1,0.8792686688299998,0.975939394,3.172054711,0.9032799999999988,-0.491639543,0.3118250959470437
Petrorhagia,Caryophyllaceae,Caryophyllales,-0.164236395,0.038461538,0.24,0,0.001818182,0.463254274,1,1,1,3.57072601,0.2900197500750004,-0.466754481,-1.590640909
Petroselinum,Apiaceae,Apiales,-0.18384477,0,0,0,0.003968254,0.5140744950000001,1,1,1,3.9675,0.1207570000199998,-0.240322827,-1.590640909
Petrosimonia,Amaranthaceae,Caryophyllales,-0.18384477,0,0,0,0.041463415,0.062328283,0.980416667,0.99,0.613077652,2.147842950794999,0.4261375833450004,-0.443214556,-1.590640909
Peucedanum,Apiaceae,Apiales,-0.18384477,0,0.903225806,0,0.003968254,0.774166667,1,0.785714286,1,1.833333333,0.6223158653850004,-0.170151433,0.375379781
Phacelia,Boraginaceae,Boraginales,-0.18146084,0.030487805,0.137195122,0,0.001824818,0.422593726,1,1,1,3.98,0.1563112500349997,-0.252567546,-1.179398742
Phagnalon,Asteraceae,Asterales,1.0906995549581298,0.5,1,1,0.00210989,0.005,0.997916667,0.909620981,1,2.280464423,0.8830485416649992,-0.437834002,0.2953072793560151
Phalacrocarpum,Asteraceae,Asterales,-0.18384477,0,1,0,0.00210989,0,1,0.5233750000000001,1,3.2945950335699994,0.9172816666650004,-0.096785013,-0.090371872
Phalaris,Poaceae,Poales,-0.18384477,0,0.394736842,0,0.074314214,0.8776241134950001,1,0.833333333,0,2.3317992424450003,0.079503333,-0.096527517,0.7742488586704006
Phaseolus,Fabaceae,Fabales,-0.18384477,0,0.5,0,0.096494845,0.9925,1,1,1,3.5,0.473,-0.47485373,-0.069524954
Phebalium,Rutaceae,Sapindales,-0.18384477,0,1,1,0.001652893,0.30625,0.989174078,0.8710581501899999,0.998402778,4.061858795,0.4641046153949998,-0.481468027,-0.996217621
Phegopteris,Thelypteridaceae,Monilophyta,-0.18384477,0,1,0,0,0,0,0.5,1,0.8665000000000014,0.0814,0.38270050557036006,-0.242827853
Phellodendron,Rutaceae,Sapindales,-0.18384477,0,1,1,0.001652893,0.30625,0.989174078,0.8710581501899999,0.998402778,4.061858795,0.4641046153949998,-0.481468027,-0.996217621
Phelypaea,Orobanchaceae,Lamiales,-0.18384477,0,1,0,0,0.701399573,1,0.9650416666899996,0.995694444,0.7298333333299999,0.5272380000199998,-0.225974682,-1.590640909
Phemeranthus,Montiaceae,Caryophyllales,-0.18384477,0,1,0,0,0,0,0.5,1,0.8665000000000014,0.0814,0.38270050557036356,-0.242827853
Philadelphus,Hydrangeaceae,Cornales,-0.18384477,0,1,1,0,0.02,1,1,1,2,0.9140200000000008,-0.435816294,0.5997922553189523
Phillyrea,Oleaceae,Lamiales,-0.18384477,0,1,1,0.003252033,0,1,0.506666667,1,2.3044876708950013,0.9408904166650006,-0.404077379,-0.368359961
Phippsia,Poaceae,Poales,9.375237663995895,0.75,1,0,0.074314214,0.724783473,0.897954545,0.6300865974699997,0.279319249,1.7469088112499995,0.1911016666699999,7.246483953863661,0.41339940197578695
Phleum,Poaceae,Poales,-0.18384477,0,0.625,0,0.074314214,0.9010874704650002,1,0.785714286,0,2.7599262882499995,0.093418397,-0.274495751,0.41839349275510673
Phlomis,Lamiaceae,Lamiales,-0.113814862,0.071428571,1,0.714285714,0.004320557,0.4816987179900002,0.9961523892600002,0.7204973770149996,1,2.286137036615001,0.5448402033200007,-0.231666457,2.2016006715374425
Phlox,Polemoniaceae,Ericales,-0.157833661,0.1,0.96,0,0,0.7117948718600001,1,0.5,1,2.357086976,0.54,0.6866365803722542,-0.383475499
Phoenix,Arecaceae,Arecales,-0.18384477,0,1,1,0.0005,0,0.995,0.643280931,0.6177657834150001,0.5,0.9061650259799994,-0.436104538,0.063658818
Pholisma,Boraginaceae,Boraginales,-0.18384477,0,1,0,0.001824818,0,1,0.918898945,0.9547310605950002,2.9124039613750003,0.9151054999999992,-0.346034267,0.40717725381727754
Pholistoma,Boraginaceae,Boraginales,-0.18384477,0,0,0,0.001824818,0.5863661616550001,1,1,1,3.5928049783600007,0.1695097380999999,-0.310752039,-0.224679946
Phoradendron,Santalaceae,Santalales,-0.18384477,0,1,0.666666667,0.002139037,0.0075,0.999772727,0.6826789426200003,1,2.8,0.8927158749800007,-0.300495767,-0.384825302
Phormium,Xanthorrhoeaceae,Asparagales,-0.18384477,0,1,1,0,0,1,1,0.156919913,1.8347951196350003,0.946,-0.483568712,-1.267570491
Phyllangium,Loganiaceae,Gentianales,-0.18384477,0,0,0,0,0,0.98875,0.996166667,1,1.906504913199999,0.6995553333350021,-0.397644213,0.891297665
Phyllanthus,Phyllanthaceae,Malpighiales,-0.18384477,0,0.6,0.333333333,0.002292264,0,0.995454545,0.8933292540700003,1,2.3125,0.6418616666600001,-0.431556689,-0.161740243
Phyllitis,Aspleniaceae,Monilophyta,18.934320097501008,1.5,1,0,0,0.411774573,0.955189394,0.7416643138650005,0.669107394,2.437705738,0.4750033333800001,8.195000987482869,-0.218302197
Phyllodoce,Ericaceae,Ericales,-0.18384477,0,1,1,0,0,1,0.5,1,1.9852941180000083,0.9670000000000036,-0.36845952,0.6176545817132467
Phyllostachys,Poaceae,Poales,-0.18384477,0,1,1,0.074314214,0.21177305,0.9990625,0.1254166666649999,0.042482394,1.7990137666449997,0.9146093485450004,-0.249514607,-0.95002898
Phyllostegia,Lamiaceae,Lamiales,-0.129377063,0.111111111,1,0.111111111,0.004320557,0.400391026,0.9987310606000002,0.7384929527049998,0.977230159,4,0.5084430476750001,-0.224157825,-0.175780975
Phyllota,Fabaceae,Fabales,-0.18384477,0,1,1,0.096494845,1,1,1,1,1.5613903768250017,0.6808133333349987,-0.459356219,-1.251838188
Physalis,Solanaceae,Solanales,-0.18384477,0,0.627906977,0.0625,0.089837398,0,1,0.5,1,1.0319855189949998,0.6353805000000005,-0.220589388,0.1045972890688416
Physaria,Brassicaceae,Brassicales,-0.159705672,0.060606061,0.96969697,0,0.00485306,0.480195221,0.9930842074450006,0.6468087525000001,0.9132507009149996,2.596940093,0.4141884377750001,-0.408913523,3.245344241313071
Physocarpus,Rosaceae,Rosales,-0.18384477,0,1,1,0.001060071,0.005,1,1,1,2.3054731292550037,0.8858654166650006,-0.55037726,-0.969923999
Physospermum,Apiaceae,Apiales,-0.18384477,0,1,0,0.003968254,0.7852831196800001,1,0.6261130952449999,1,1.908856061,0.5829839166700002,-0.109887934,-0.358759984
Physostegia,Lamiaceae,Lamiales,1.9403957710572715,0.333333333,1,0,0.004320557,0.28767094,1,0.5071249999049998,0.955625,2.962222523,0.5556864881549994,-0.240657058,-0.495239806
Phyteuma,Campanulaceae,Asterales,-0.18384477,0,1,0,0,0.7097645026400001,1,0.916666667,1,0.901020833,0.5239121795049997,-0.431780879,-1.590640909
Phytolacca,Phytolaccaceae,Caryophyllales,-0.18384477,0,1,0.166666667,0,0,1,1,1,2.927806452929999,0.9165849999999992,-0.336948612,0.6954247730962294
Picea,Pinaceae,Pinophyta,-0.18384477,0,1,1,0.004761905,0.099583333,1,0.833333333,0,0.867647059,0.809863636,1.6999139664870748,-0.69831722
Picradeniopsis,Asteraceae,Asterales,-0.18384477,0,1,0.5,0.00210989,0.018333333,0.999545455,0.7309684755050001,1,2.510966765895003,0.8669444583199999,-0.307759665,0.19685596932728774
Picris,Asteraceae,Asterales,-0.18384477,0,0.323529412,0,0.00210989,0,1,1,1,1.9013939392649997,0.7307500833350002,-0.373267352,0.5935708827710044
Pilea,Urticaceae,Rosales,-0.18384477,0,0.25,0,0,0.916736111,1,0.951722222,0.612549078,2.458333333,0.2990971538700002,-0.367193987,0.081278513
Pilosella,Asteraceae,Asterales,1.0906995549581298,0.5,1,0,0.00210989,0.00125,0.5,0.533898305,1,2.0981846680850014,0.1858540000400001,-0.015288782,-0.232380794
Pilularia,Marsileaceae,Monilophyta,-0.18384477,0,1,0,0,0,0,0.5,1,0.8665000000000014,0.0814,0.38270050557036356,-0.242827853
Pimelea,Thymelaeaceae,Malvales,-0.18384477,0,0.916666667,0.6875,0.001324503,0.0375,0.999318182,0.7273756847350004,1,1.9790949853450008,0.8145529166550005,-0.084062567,0.3736322338575012
Pimpinella,Apiaceae,Apiales,-0.18384477,0,0.785714286,0,0.003968254,0,1,1,1,3.022802579400001,0.8802749999999996,-0.118363599,0.17088326529999004
Pinellia,Araceae,Alismatales,-0.18384477,0,1,0,0.000248447,0,1,0.5,1,3.144545736894998,0.8984437499999995,-0.267001408,2.2949272238857197
Pinguicula,Lentibulariaceae,Lamiales,-0.024526729,0.1875,1,0,0,0.4324038461800002,1,0.75,0.875,3.104480992,0.4664945715549998,-0.497827181,-0.499150851
Pinus,Pinaceae,Pinophyta,-0.170065912,0.08,1,1,0.004761905,0.0675,1,1,0,0.417431193,0.888,2.7472403849864233,-0.42485342
Piperia,Orchidaceae,Asparagales,-0.18384477,0,1,0,0,0,0,0.5,1,0.8665000000000014,0.0814,0.38270050557036356,-0.242827853
Piptatherum,Poaceae,Poales,-0.18384477,0,1,0,0.074314214,0.255,0.9984375,0.247008929,0,1.929752525,0.8467577500150008,0.030154827845963714,-1.554184315
Pipturus,Urticaceae,Rosales,-0.18384477,0,1,1,0,0,0.999772727,0.5822419093299999,0.987415323,2,0.929740161,-0.397479846,1.1642286539144164
Pisonia,Nyctaginaceae,Caryophyllales,-0.18384477,0,1,1,0.005063291,0.443333333,1,0.971747024,0.993333333,3,0.5502510448800004,-0.425619236,-0.557868713
Pistacia,Anacardiaceae,Sapindales,0.8782755010926624,0.25,1,1,0.002030457,0,0.9996875,0.9037914885900002,0.5,1,0.9155417678650004,-0.502849031,-1.068527553
Pistia,Araceae,Alismatales,-0.18384477,0,1,0,0.000248447,0,0.996945676,0.5412946428700003,0.7987698411549996,1.885873008,0.6009169166450005,-0.546117654,-1.590640909
Pistorinia,Crassulaceae,Saxifragales,-0.18384477,0,0,0,0,0,0.98875,0.996166667,1,1.906504913199999,0.6995553333350021,-0.397644213,0.891297665
Pittosporum,Pittosporaceae,Apiales,-0.035147932,0.28,1,1,0.005,0,0.9996875,1,1,2.21875,0.8740995535750006,-0.513834329,-0.468073277
Pityrogramma,Pteridaceae,Monilophyta,6.188876852827524,0.5,1,0,0,0.4888461538699999,0.983939394,0.6371242706299999,0.8345833333250002,2.7563852739600008,0.4658418535400002,4.2056695856592246,-0.554145751
Plagiobothrys,Boraginaceae,Boraginales,-0.18384477,0,0.057692308,0,0.001824818,0.5635883838850002,1,0.99025,0.98,3.696291666670001,0.1414982701549998,-0.212389491,-0.305857551
Plantago,Plantaginaceae,Lamiales,-0.175434874,0.074561404,0.595284872,0.021929825,0.005925926,0.3970299145450001,1,0.944444444,0.35,2,0.576,-0.437670955,0.741378311
Platanthera,Orchidaceae,Asparagales,-0.098875148,0.16,1,0,0,0.7092628205500001,1,1,1,2.125,0.5482097820600007,0.6107014875823112,-0.647482962
Platycapnos,Papaveraceae,Ranunculales,-0.18384477,0,0,0,0,0,0.98875,0.996166667,1,1.906504913199999,0.6995553333350021,-0.397644213,0.891297665
Platycerium,Polypodiaceae,Monilophyta,-0.18384477,0,1,0,0,0,0,0.5,1,0.8665000000000014,0.0814,0.38270050557036356,-0.242827853
Platydesma,Rutaceae,Sapindales,-0.18384477,0,1,1,0.001652893,0.005,1,0.7916994047499999,0.964919355,3,0.8856872916649994,-0.424296341,-0.244039873
Platylobium,Fabaceae,Fabales,-0.18384477,0,1,0.75,0.096494845,0.97125,0.999772727,0.9511935483750004,0.995,1.819394886,0.6324626923099984,-0.329826043,0.076434101
Platysace,Apiaceae,Apiales,-0.18384477,0,1,0.333333333,0.003968254,0.7570833333350001,1,0.8768791208949998,0.986267857,2.047009547,0.6094674175849996,-0.082112862,0.2599556940175199
Plectranthus,Lamiaceae,Lamiales,-0.18384477,0,1,0.2,0.004320557,1,0.999318182,0.8012916666850001,0.996541667,2,0.6343081153849994,-0.353090274,0.4240683380074992
Pleioblastus,Poaceae,Poales,-0.18384477,0,1,1,0.074314214,0.21177305,0.9990625,0.1254166666649999,0.042482394,1.7990137666449997,0.9146093485450004,-0.249514607,-0.95002898
Pleomele,Asparagaceae,Asparagales,-0.18384477,0,1,1,0,0,0.999772727,0.6027499999249999,0.973319444,2.6,0.9356986249999996,-0.395678945,0.2355984757201231
Pleuraphis,Poaceae,Poales,-0.18384477,0,1,0,0.074314214,0.255,0.9984375,0.247008929,0,1.929752525,0.8467577500150008,0.030154827845963714,-1.554184315
Pleuropogon,Poaceae,Poales,-0.18384477,0,0.166666667,0,0.074314214,0.8599716312200002,1,0.8854325396499999,0,2.152784091,0.0746725,-0.108341108,0.6790363286868576
Pleurospermum,Apiaceae,Apiales,-0.18384477,0,0.5,0,0.003968254,0.01,1,1,1,2.950754624515001,0.9065508333349992,-0.33715447,0.6370147602780495
Pluchea,Asteraceae,Asterales,-0.042228733,0.1,0.6,0.4,0.00210989,0,0.983532925,0.8496734788950002,0.9344632034499998,3.5,0.5669008333500004,-0.160593402,0.38931668016545445
Pneumatopteris,Thelypteridaceae,Monilophyta,-0.18384477,0,1,0,0,0,0,0.5,1,0.8665000000000014,0.0814,0.38270050557036356,-0.242827853
Poa,Poaceae,Poales,-0.176436782,0.107526882,0.9,0,0.074314214,0.695212766,0.805555556,0.526315789,0,0,0.1349960714500001,-0.128569107,2.780905784
Podolepis,Asteraceae,Asterales,-0.18384477,0,0.666666667,0,0.00210989,0.4925883838800001,0.999791667,0.944288004,1,3.9665625,0.1822356666949998,-0.029586134,-1.338235467
Podolobium,Fabaceae,Fabales,-0.18384477,0,1,1,0.096494845,1,1,1,1,1.5446760911150017,0.6807733333349987,-0.447249972,-1.24694488
Pogogyne,Lamiaceae,Lamiales,-0.18384477,0,0,0,0.004320557,0.5381994950050002,1,0.9975,1,3.943825758,0.1402231547699997,-0.341470283,-0.80072319
Polanisia,Cleomaceae,Brassicales,-0.18384477,0,0,0,0.006666667,0.4910934343800001,1,0.99625,0.967101449,3.90032197,0.182988571,-0.434478532,-1.021096985
Polemonium,Polemoniaceae,Ericales,-0.18384477,0,0.916666667,0,0,0.9106410256450002,1,1,1,1.5535309460200006,0.5616347435949997,-0.33952734,1.473478563953139
Polycarpon,Caryophyllaceae,Caryophyllales,-0.18384477,0,0.25,0,0.001818182,0.6719722222900002,1,1,0.5,2.3582799921099973,0.294841065,-0.354315368,0.18357631716917627
Polycnemum,Amaranthaceae,Caryophyllales,-0.18384477,0,0,0,0.041463415,0.119431818,1,1,1,1.8809884520749995,0.4788274166950005,-0.40663857,0.44843623157484336
Polyctenium,Brassicaceae,Brassicales,-0.18384477,0,1,0,0.00485306,0.6258611112700005,0.992083333,0.342081845,0.749918785,3.433980882415001,0.1934563690649999,-0.349540536,0.12749118772393747
Polygala,Polygalaceae,Fabales,-0.178080209,0.029850746,0.892857143,0.171641791,0.001913876,1,1,0.875,1,3.5,0.463453201,-0.495525499,1.784269091181283
Polygonatum,Asparagaceae,Asparagales,0.047890562188943796,0.181818182,1,0,0,0.7881089744350003,1,0.5,1,2.99986193,0.5854287545999999,1.1613675761436242,1.6396934749195164
Polygonum,Polygonaceae,Caryophyllales,-0.181983442,0.024096386,0.33984375,0.03125,0.002727273,0.4243611111300001,1,1,1,4,0.2764098461900005,-0.488949266,-0.092299257
Polymnia,Asteraceae,Asterales,-0.18384477,0,1,0,0.00210989,0,1,0.5233750000000001,1,3.2945950335699994,0.9172816666650004,-0.096785013,-0.090371872
Polypodium,Polypodiaceae,Monilophyta,0.2410033386678065,0.5,1,0,0,0.6694978632700003,1,0.5,1,1.6,0.513935786,1.318169627498121,-0.05538219
Polypogon,Poaceae,Poales,-0.058889444,0.166666667,0.526315789,0,0.074314214,0.8108333333350001,1,1,0,2.1157677739600014,0.1005296153850001,-0.123638808,0.28165814352797175
Polyscias,Araliaceae,Apiales,-0.18384477,0,1,1,0,0.4558115112250001,0.997194056,0.684248519,0.978333333,3.045454545,0.4871079047700014,-0.154690892,1.6432178180412744
Polystichum,Dryopteridaceae,Monilophyta,0.11354890622107164,0.56,1,0,0,0.418557692,1,1,0.941889286,2.5,0.4851013343250002,0.45668312510226167,-0.068345949
Pomaderris,Rhamnaceae,Rosales,-0.173134313,0.028571429,1,1,0.004444444,0.665352564,0.999807692,0.9550089285600004,0.8863571426850021,0.5,0.5623623974499998,-0.360895164,1.8022574386785402
Populus,Salicaceae,Malpighiales,-0.028412535,0.5,1,0.8,0,0.013333333,1,0.916666667,0,1.9,0.9822649999549992,-0.520111643,-1.243433344
Poranthera,Phyllanthaceae,Malpighiales,-0.18384477,0,0.5,0.5,0.002292264,0.266411939,0.9975,0.9659539682450002,0.954992424,2.886665223680001,0.5301180000050004,-0.336303172,0.24120031346556514
Porophyllum,Asteraceae,Asterales,-0.18384477,0,1,0.5,0.00210989,0.018333333,0.999545455,0.7309684755050001,1,2.510966765895003,0.8669444583199999,-0.307759665,0.19685596932728774
Portulaca,Portulacaceae,Caryophyllales,-0.18384477,0,0.333333333,0,0.007594937,0,1,1,1,2.666666667,0.6500491666700006,-0.359815967,0.38080337047166735
Potamogeton,Potamogetonaceae,Alismatales,-0.144940385,0.424285714,1,0,0,0,1,0.4375,0,1.951635297329999,0.6728183333300004,-0.514506899,-1.282501089
Potentilla,Rosaceae,Rosales,-0.173444245,0.145251397,0.924447865,0.021506533,0.001060071,0.015,0.625,0.766666667,1,1.8464982103250005,0.2792819166700001,-0.453591339,1.6532235667017525
Prasophyllum,Orchidaceae,Asparagales,-0.169194835,0.033333333,1,0,0,0.594325952,0.911994127,0.424087394,0.8541819679699999,3.613142857,0.240744881,0.5962566275319454,0.9289422053939653
Pratia,Campanulaceae,Asterales,-0.18384477,0,1,0,0,0,0,0.5,1,0.8665000000000014,0.0814,0.38270050557036356,-0.242827853
Prenanthes,Asteraceae,Asterales,-0.042228733,0.1,1,0,0.00210989,0.064519231,1,0.5,1,3,0.7784958333499994,0.2093579953530978,0.8089604241445162
Primula,Primulaceae,Ericales,-0.133862639,0.196078431,1,0,0,0.03,1,0.583333333,1,2.7541662172650003,0.852,-0.517466203,-1.478484566
Pritchardia,Arecaceae,Arecales,-0.18384477,0,1,1,0.0005,0.33902305,0.985202296,0.7138852243900005,0.967987319,3.25,0.5007927381000005,-0.185428717,1.5531677114895208
Proboscidea,Martyniaceae,Lamiales,-0.18384477,0,0.25,0,0,0.939807692,0.999772727,0.9129444443800004,1,1.62440671,0.525813136,-0.519887453,0.7802001504918151
Procopiania,Boraginaceae,Boraginales,-0.18384477,0,1,0,0.001824818,0,1,0.918898945,0.9547310605950002,2.9124039613750003,0.9151054999999992,-0.346034267,0.40717725381727754
Proserpinaca,Haloragaceae,Saxifragales,6.188876852827524,0.5,1,0,0,0.4888461538699999,0.983939394,0.6371242706299999,0.8345833333250002,2.7563852739600008,0.4658418535400002,4.2056695856592246,-0.554145751
Prosopis,Fabaceae,Fabales,0.043752431,0.125,1,1,0.096494845,0,0.993238636,0.4478902116249999,0.78125,0.7,0.845857143,-0.496606209,0.972152374
Prostanthera,Lamiaceae,Lamiales,-0.034775258,0.210526316,1,0.973684211,0.004320557,0.3363942308000001,0.994130435,0.8055472038900006,0.9775,3.5477854898750008,0.5101498214350001,-0.261512133,0.30998707922960245
Prunella,Lamiaceae,Lamiales,-0.042228733,0.1,1,0,0.004320557,0.223160256,1,0.666666667,1,3.175417468,0.6645238095450001,-0.498365236,-1.590640909
Prunus,Rosaceae,Rosales,-0.168493438,0.097560976,1,1,0.001060071,0,1,0.892857143,1,1.730769231,0.803,-0.487170212,6.016059974755728
Psathyrotes,Asteraceae,Asterales,-0.18384477,0,0.2,0.2,0.00210989,0.096,0.9961363636499998,0.9440461309450002,0.8761964285699997,2.463474525,0.678664917,-0.314341743,0.1966662801841726
Pseudanthus,Picrodendraceae,Malpighiales,-0.18384477,0,1,1,0,0,1,0.5,1,1.9852941180000083,0.9670000000000036,-0.36845952,0.6176545817132467
Pseudarrhenatherum,Poaceae,Poales,-0.18384477,0,1,0,0.074314214,0.255,0.9984375,0.247008929,0,1.929752525,0.8467577500150008,0.030154827845963714,-1.554184315
Pseudobahia,Asteraceae,Asterales,-0.18384477,0,0,0,0.00210989,0.540991162,1,1,0.995,3.945070455,0.034175,-0.055425688,-0.8898522
Pseudofumaria,Papaveraceae,Ranunculales,-0.18384477,0,1,0,0,0,1,0.75,1,3.1350056897950003,0.9337712499949992,-0.501055513,-0.31901308
Pseudoraphis,Poaceae,Poales,-0.18384477,0,0.75,0,0.074314214,0.8868794326449999,0.99,0.7264963458449999,0.081035798,2.7538905755849994,0.1194854487199998,-0.112672089,0.033527502
Pseudorchis,Orchidaceae,Asparagales,-0.18384477,0,1,0,0,0,1,1,1,2.9176510744450006,0.9442698333299993,0.049106148408333654,0.41625760376334403
Pseudorlaya,Apiaceae,Apiales,-0.18384477,0,0,0,0.003968254,0.5140744950000001,1,1,1,3.9675,0.1207570000199998,-0.240322827,-1.590640909
Pseudotsuga,Pinaceae,Pinophyta,-0.18384477,0,1,1,0.004761905,0.04,1,1,0,1.125,0.925,1.8791671279201876,-1.590640909
Psidium,Myrtaceae,Myrtales,-0.18384477,0,1,1,0.003243243,0,1,0.718107981,1,2.571428571,0.8592459523799999,-0.52257773,-0.631884342
Psilocarphus,Asteraceae,Asterales,-0.18384477,0,0,0,0.00210989,0.540991162,1,1,0.995,3.945070455,0.034175,-0.055425688,-0.8898522
Psilostrophe,Asteraceae,Asterales,-0.18384477,0,0.666666667,0.166666667,0.00210989,0.05,0.996966783,0.7486257642349998,0.8495496031699998,2.317744953640001,0.7615241666249999,-0.095590799,0.12721954455481402
Psilotum,Psilotaceae,Monilophyta,6.188876852827524,0.5,1,0,0,0.442613248,0.978863636,0.679510634,0.6781249999950001,2.444613155,0.4596537821100001,9.190667645477482,-0.661280517
Psoralea,Fabaceae,Fabales,-0.18384477,0,1,0,0.096494845,0.963333333,0.9975,0.9642499999999996,1,2.458391341975001,0.4271919230899998,-0.28847685,-0.585117563
Psoralidium,Fabaceae,Fabales,-0.18384477,0,1,0,0.096494845,0.963333333,0.9975,0.9642499999999996,1,2.458391341975001,0.4271919230899998,-0.28847685,-0.585117563
Psorothamnus,Fabaceae,Fabales,-0.18384477,0,1,1,0.096494845,1,1,1,1,1.5446760911150017,0.6807733333349987,-0.447249972,-1.24694488
Psychotria,Rubiaceae,Gentianales,0.2796258939508336,0.363636364,1,1,0.0006,0,0.9887648221499998,0.7297908765799999,1,2.507936508,0.7185,-0.359379315,0.38327420963096237
Pteralyxia,Apocynaceae,Gentianales,-0.18384477,0,1,1,0.000658617,0,1,0.7361112876600001,0.976222222,2.5,0.9270206249999988,-0.441129933,0.026174477849543465
Pteris,Pteridaceae,Monilophyta,-0.18384477,0,1,0,0,0.7692234848799999,0.899532006,0.4154620951649997,0.8058121097150002,4,0.1602716666749997,0.5441171300036035,1.2437935228843615
Pterocephalus,Caprifoliaceae,Dipsacales,-0.18384477,0,0.5,0,0,0.6871076146199999,1,0.887533333,0.8318450292350001,3.3783154761950005,0.1733255925099998,-0.355780551,-1.450155837
Pterostylis,Orchidaceae,Asparagales,-0.169426847,0.057692308,1,0,0,0.5285042735400001,0.970814394,0.6029388390299999,0.4041822128050001,1.3900143467549997,0.329727048,0.4571771066284855,1.3254497845254134
Ptilostemon,Asteraceae,Asterales,-0.18384477,0,0.777777778,0.222222222,0.00210989,0.6264627659600001,0.999772727,0.8527279624699995,0.9656702741799998,1.7613168547199995,0.559044255,-0.258752691,1.2538794090888519
Ptilotrichum,Brassicaceae,Brassicales,-0.18384477,0,1,0.666666667,0.00485306,0.558760684,0.998779138,0.8166466712949995,0.9522023808999998,1.1864723837549995,0.5752609249199997,-0.391426722,2.925784020772474
Ptilotus,Amaranthaceae,Caryophyllales,-0.18384477,0,1,0,0.041463415,0.098598485,0.9842867133049998,0.8134687500050001,1,1.6453813411549996,0.6424313750100002,-0.135177831,0.1890241909993474
Puccinellia,Poaceae,Poales,-0.150537862,0.107142857,0.798882682,0,0.074314214,0.851814421,1,0.666666667,0,1.7673557693200004,0.083543333,-0.107378301,0.926873006
Pulicaria,Asteraceae,Asterales,-0.18384477,0,0.428571429,0,0.00210989,0,1,0.75,1,1.142857143,0.7443325833300003,-0.341736139,0.059442112734363776
Pulmonaria,Boraginaceae,Boraginales,-0.146577392,0.052631579,1,0,0.001824818,0.497948718,1,0.5,1,2.957673583,0.4093838380199999,-0.351072566,-0.879359756
Pulsatilla,Ranunculaceae,Ranunculales,-0.18384477,0,1,0,0,0.7490277778000001,0.957209596,0.6173204030399999,0.49793699,0.8836808510700002,0.1982463333549998,0.6012855178237055,2.4698950412534764
Pultenaea,Fabaceae,Fabales,-0.162168846,0.081632653,1,0.918367347,0.096494845,0.9114075286500004,0.998481935,0.9591585760550004,1,1.5124246794350007,0.623145465,-0.363851382,2.9227613156710808
Purshia,Rosaceae,Rosales,1.9403957710572715,0.5,1,1,0.001060071,0,0.997916667,0.8486640181650005,0.987447133,2.2512153632699983,0.8858674999999994,-0.39558399,0.4263381077020576
Pycnanthemum,Lamiaceae,Lamiales,-0.18384477,0,1,0,0.004320557,0.913135684,1,0.588825893,1,1.6814912482749995,0.5638417829750005,-0.268688961,0.29103051119803647
Pycnosorus,Asteraceae,Asterales,-0.18384477,0,0.333333333,0,0.00210989,0,1,0.988416667,1,1.960205628,0.7304839166700003,-0.382026783,0.5097753061644511
Pycreus,Cyperaceae,Poales,-0.18384477,0,0.25,0,0.00045977,1,1,1,0,2.274753788,0.1226529487199998,-0.316800663,0.08169138
Pyracantha,Rosaceae,Rosales,-0.18384477,0,1,1,0.001060071,0,0.999545455,0.810753967,1,3,0.8164804166649996,-0.488276697,-1.590640909
Pyrola,Ericaceae,Ericales,-0.18384477,0,1,0,0,0,1,0.5,1,3.176555322,0.9457887499949994,-0.197054204,-0.262819669
Pyrrhopappus,Asteraceae,Asterales,-0.18384477,0,0.5,0,0.00210989,0.5014772727700001,1,0.991514706,0.9979166666500002,3.975122549,0.1570872500199996,0.28383282310500063,-1.361497044
Pyrrocoma,Asteraceae,Asterales,-0.18384477,0,1,0,0.00210989,0,1,0.5233750000000001,1,3.2945950335699994,0.9172816666650004,-0.096785013,-0.090371872
Pyrularia,Santalaceae,Santalales,-0.18384477,0,1,1,0.002139037,0,1,1,0.5,1.1373288493199998,0.9081975,10.058879840558076,-1.126392723
Pyrus,Rosaceae,Rosales,-0.123152183,0.066666667,1,1,0.001060071,0.01,1,1,1,2.071428571,0.8781116071450006,-0.501593569,-0.937289349
Quercus,Fagaceae,Fagales,-0.064980526,0.811363636,1,1,0.001492537,0,1,1,0.181818182,1.650943396,0.985,-0.463917993,-1.197780575
Rafinesquia,Asteraceae,Asterales,-0.18384477,0,0,0,0.00210989,0.540991162,1,1,0.995,3.945070455,0.034175,-0.055425688,-0.8898522
Raillardella,Asteraceae,Asterales,1.9403957710572715,0.333333333,1,0,0.00210989,0.312415016,0.9406345585000004,0.6353118985149998,0.8788154761899999,2.93437743,0.575364583,0.7883542689062918,0.1806435031856542
Raillardiopsis,Asteraceae,Asterales,-0.18384477,0,1,0,0.00210989,0,1,0.5233750000000001,1,3.2945950335699994,0.9172816666650004,-0.096785013,-0.090371872
Ramonda,Gesneriaceae,Lamiales,-0.18384477,0,1,0,0,0.6934722222800002,0.995618687,0.235259634,0.157153911,2.185841738,0.1699837381249999,-0.203395571,1.3787012645333967
Ranunculus,Ranunculaceae,Ranunculales,-0.181040553,0.066225166,0.774545455,0,0,0,0.707317073,0.552941176,1,2.109919781330001,0.372034667,0.3411071274025331,1.7936747453065722
Raphanus,Brassicaceae,Brassicales,0.047890562188943796,0.181818182,0.090909091,0,0.00485306,0.103477564,1,1,1,3.388462302,0.3454055835149994,-0.496422258,-1.590640909
Rapistrum,Brassicaceae,Brassicales,-0.18384477,0,0.25,0,0.00485306,0.4790138889250002,1,1,1,3.986085859,0.2228806547950002,-0.452639568,-1.292923553
Ratibida,Asteraceae,Asterales,-0.18384477,0,1,0,0.00210989,0,1,0.5233750000000001,1,3.2945950335699994,0.9172816666650004,-0.096785013,-0.090371872
Reichardia,Asteraceae,Asterales,-0.18384477,0,0.583333333,0,0.00210989,0,1,0.7343514081049998,1,1.6648386074199986,0.7574000833299996,-0.347373435,0.22624037371821507
Remya,Asteraceae,Asterales,-0.18384477,0,1,1,0.00210989,0,1,0.7791726190500001,1,2.494815165875003,0.92838875,-0.412717521,-0.259386277
Reseda,Resedaceae,Brassicales,-0.18384477,0,0.378787879,0,0.026666667,0.355375,1,1,1,0,0.5069965320700001,-0.527958284,-0.100845726
Restio,Restionaceae,Poales,-0.18384477,0,1,0,0,0,0,0.5,1,0.8665000000000014,0.0814,0.38270050557036356,-0.242827853
Reynoutria,Polygonaceae,Caryophyllales,0.8782755010926624,0.25,1,0,0.002727273,0.3751388889250001,1,0,1,2.635808394,0.5366582344849997,-0.239695095,0.21427568701536442
Rhagodia,Amaranthaceae,Caryophyllales,-0.18384477,0,1,0,0.041463415,0.025555556,0.99875,0.4771875,0,2.002712188,0.8132690833250006,-0.187638234,-0.425188395
Rhamnus,Rhamnaceae,Rosales,-0.171775221,0.03030303,1,1,0.004444444,0.6692414529949999,1,1,0.833333333,0.875,0.563174486,-0.507589043,1.7042760744468963
Rheum,Polygonaceae,Caryophyllales,-0.18384477,0,1,0,0.002727273,0,1,0.5,1,3.537205357145001,0.9006941666649999,0.5669111832174479,0.4058731131876167
Rhexia,Melastomataceae,Myrtales,-0.18384477,0,1,0,0,0,0,0.5,1,0.8665000000000014,0.0814,0.38270050557036356,-0.242827853
Rhinanthus,Orobanchaceae,Lamiales,-0.18384477,0,0,0,0,0.7553020590700001,1,1,1,3.551967857,0.2080368214299998,-0.115000753,-0.561086024
Rhodanthe,Asteraceae,Asterales,-0.18384477,0,0.1,0,0.00210989,0.5268244949950002,1,0.976285714,1,3.965537121,0.059862333,-0.103066862,-0.981074795
Rhodiola,Crassulaceae,Saxifragales,-0.18384477,0,1,0,0,0.0725,0.999545455,0.7147054561850001,0.92264881,1.7792885514000003,0.728,1.0475937959676938,0.4832690785074068
Rhododendron,Ericaceae,Ericales,-0.18384477,0,1,1,0,0.08,1,0.9,0.875,2.045454545,0.8,-0.415178112,1.4121551321288712
Rhus,Anacardiaceae,Sapindales,-0.090128275,0.117647059,1,1,0.002030457,0,1,0.5,0.75,1.416666667,0.8869407797599999,-0.262180305,0.3428163832388354
Rhynchosinapis,Brassicaceae,Brassicales,-0.18384477,0,0.5,0,0.00485306,0.4771805556000001,1,0.99650641,0.999236111,3.907222222,0.2730276310050004,-0.537374254,-1.29934175
Rhynchospora,Cyperaceae,Poales,-0.18384477,0,1,0,0.00045977,0.7723611112050003,1,0.5,0.489130435,1.882561482269999,0.3391443333799998,0.3902845652561087,-0.466749803
Rhytidosporum,Pittosporaceae,Apiales,-0.18384477,0,1,0,0.005,0.6613108976050003,0.999791667,0.3420799512749999,0.98,3.256167033,0.322890846,-0.352368406,0.060877505
Ribes,Grossulariaceae,Saxifragales,-0.178226737,0.036144578,1,1,0,0,1,0.875,1,2.4,0.91636625,-0.466619967,-0.37924829
Richea,Ericaceae,Ericales,-0.18384477,0,1,1,0,0,1,0.5,1,1.9852941180000083,0.9670000000000036,-0.36845952,0.6176545817132467
Ricotia,Brassicaceae,Brassicales,-0.18384477,0,0.5,0,0.00485306,0.4771805556000001,1,0.99650641,0.999236111,3.907222222,0.2730276310050004,-0.537374254,-1.29934175
Rindera,Boraginaceae,Boraginales,-0.18384477,0,1,0,0.001824818,0,1,0.918898945,0.9547310605950002,2.9124039613750003,0.9151054999999992,-0.346034267,0.40717725381727754
Robinia,Fabaceae,Fabales,-0.18384477,0,1,1,0.096494845,0.031666667,1,0.5,1,1.372853311295001,0.8,-0.492312113,-1.590640909
Rollandia,Campanulaceae,Asterales,0.043752431,0.125,1,0.75,0,0.4439102565250002,0.9975,0.7468376053299999,0.956178571,2.4621367990650014,0.5392014212750008,0.12364735100777786,0.9304477025248964
Romanzoffia,Boraginaceae,Boraginales,-0.18384477,0,1,0,0.001824818,0,1,0.918898945,0.9547310605950002,2.9124039613750003,0.9151054999999992,-0.346034267,0.40717725381727754
Romneya,Papaveraceae,Ranunculales,-0.18384477,0,1,1,0,0,1,0.5,1,1.9852941180000083,0.9670000000000036,-0.36845952,0.6176545817132467
Romulea,Iridaceae,Asparagales,-0.043784954,0.142857143,1,0,0,0,0.99708042,0.6587590034250002,1,2.162024232730001,0.707407792,0.9105869153466737,0.18030472722378316
Rorippa,Brassicaceae,Brassicales,-0.123184278,0.290322581,0.656341928,0,0.00485306,0.069583333,1,0.571428571,1,2.411527132,0.6848729166950004,-0.502400652,-1.590640909
Rosa,Rosaceae,Rosales,-0.109180388,0.667826087,1,1,0.001060071,0,1,0.759259259,1,2.248275599780001,0.8683708928599987,-0.480205866,0.8105635105410834
Rosmarinus,Lamiaceae,Lamiales,-0.18384477,0,1,1,0.004320557,1,1,0.9773392857150002,1,1.6846423451000008,0.6738654487199989,-0.40603586,0.7223289058810412
Rostraria,Poaceae,Poales,-0.18384477,0,0,0,0.074314214,0.901106383,1,1,0,2.165700758,0.062587564,-0.003690539,0.46823642561631446
Rotala,Lythraceae,Myrtales,-0.18384477,0,0,0,0,0,0.98875,0.996166667,1,1.906504913199999,0.6995553333350021,-0.397644213,0.891297665
Rubia,Rubiaceae,Gentianales,-0.18384477,0,1,0,0.0006,0,1,0.6551938405800004,1,3.077095238,0.931245,-0.214541005,-0.321138768
Rubus,Rosaceae,Rosales,-0.17971328,0.181850534,1,0.911931818,0.001060071,0,0.504885993,0.498381877,1,2,0.2414100000000001,-0.535780015,1.650777340558525
Rudbeckia,Asteraceae,Asterales,-0.18384477,0,0.903252711,0,0.00210989,0,1,0.75,1,3.076791667,0.8846664999949995,0.6315511349049382,1.006807265789802
Ruellia,Acanthaceae,Lamiales,-0.18384477,0,1,0,0.000857143,0,0.005,0.5,1,0.8,0.07964,0.13543248138970276,-0.319097313
Rulingia,Malvaceae,Malvales,-0.18384477,0,1,1,0.006153846,0.003333333,1,0.6346099874050001,0.8989128264150001,1.9512841365800029,0.9277070357100008,-0.374424509,0.7399620560754862
Rumex,Polygonaceae,Caryophyllales,-0.146029342,0.450980392,0.846491228,0.019607843,0.002727273,0.243705128,1,0.891304348,0.392857143,2,0.619635405,-0.207911394,1.4844235861559303
Rupertia,Fabaceae,Fabales,-0.18384477,0,1,0,0.096494845,0.963333333,0.9975,0.9642499999999996,1,2.458391341975001,0.4271919230899998,-0.28847685,-0.585117563
Ruppia,Ruppiaceae,Alismatales,-0.18384477,0,0.8,0,0,0.7185576923550001,1,0.5,0.25,1.977300743,0.2486281630449996,-0.272381962,0.611592967
Ruscus,Asparagaceae,Asparagales,0.4534273927244555,0.2,1,0.4,0,0.5956089744300003,1,0.7324404761899997,1,2.506627978995001,0.5557063187200011,0.6172926664133354,-1.083994018
Ruta,Rutaceae,Sapindales,-0.18384477,0,1,0,0.001652893,0,1,1,1,3.032762831,0.9274574999999996,-0.512354677,1.1119164322781314
Rutidosis,Asteraceae,Asterales,-0.18384477,0,1,0,0.00210989,0,1,0.5233750000000001,1,3.2945950335699994,0.9172816666650004,-0.096785013,-0.090371872
Sabatia,Gentianaceae,Gentianales,-0.18384477,0,0,0,0,0.00875,0.98875,0.983666667,0.8361845238050001,2.0694667445899992,0.723,-0.369541341,0.6827111726105243
Saccharum,Poaceae,Poales,-0.18384477,0,1,0,0.074314214,0.242,0.995,0.462910714,0,2.056402813,0.8685183181950002,-0.012844954,-0.360488652
Sadleria,Blechnaceae,Monilophyta,1.9403957710572715,0.833333333,1,0,0,0.515641026,0.997007576,0.8019959935200007,0.979583333,2.536584279980001,0.526509624,0.8922540654069602,-0.653730078
Sagina,Caryophyllaceae,Caryophyllales,-0.166644441,0.051282051,0.684210526,0,0.001818182,0.01,1,0.875,1,3.0336642157150004,0.8819283333350003,-0.224129103,0.9911277532236435
Sagittaria,Alismataceae,Alismatales,-0.18384477,0,0.867647059,0,0,0,1,0.5,1,1.37235119,0.74,1.5946703273566025,-0.058270621
Salicornia,Amaranthaceae,Caryophyllales,-0.133467523,0.086956522,0.173913043,0.105263158,0.041463415,0.044030948,1,1,0.1875,2.1154581682349987,0.3761129166750001,-0.400170123,0.4725696264508067
Salix,Salicaceae,Malpighiales,-0.145949215,0.627358491,1,0.833333333,0,0.01,1,0.75,0.93,2.2,0.8420889583099995,-0.501728082,0.1256731037188532
Salsola,Amaranthaceae,Caryophyllales,-0.163613907,0.055555556,0.333333333,0.333333333,0.041463415,0.037580862,1,1,0.5,2.188714818429999,0.4125200000050001,-0.456665941,1.3288144949983707
Salvia,Lamiaceae,Lamiales,-0.177371543,0.043678161,0.818181818,0.229885057,0.004320557,1,1,1,1,2.208333333,0.645,-0.490518595,0.5106751546419072
Salvinia,Salviniaceae,Monilophyta,-0.18384477,0,0,0,0,0.683269231,1,0.5,0.063489741,1.4582977582949996,0.169515024,-0.267573603,1.264697220531937
Sambucus,Adoxaceae,Dipsacales,-0.18384477,0,1,0.85,0,0,1,0.833333333,1,2,0.8579833749750004,0.6977992078494137,-0.797865776
Samolus,Primulaceae,Ericales,-0.18384477,0,1,0,0,0,1,0.5,1,3.176555322,0.9457887499949994,-0.197054204,-0.262819669
Sanguisorba,Rosaceae,Rosales,-0.18384477,0,0.894736842,0,0.001060071,0,1,0.75,0.333333333,2.009545610329999,0.914,-0.511816621,0.34246846058389196
Sanicula,Apiaceae,Apiales,-0.18384477,0,0.659090909,0,0.003968254,0.7848023504400001,1,0.5,1,1.735013663,0.5766696355450002,-0.305581189,-0.059501484
Santalum,Santalaceae,Santalales,-0.18384477,0,1,1,0.002139037,0.465583333,1,0.9240854671250002,1,3,0.5428493415950006,-0.546790223,-0.089144787
Santolina,Asteraceae,Asterales,-0.18384477,0,1,1,0.00210989,0,1,0.7791726190500001,1,2.494815165875003,0.92838875,-0.412717521,-0.259386277
Sapindus,Sapindaceae,Sapindales,-0.18384477,0,1,1,0.001265823,0.035,1,0.9852451923050002,1,2,0.8362650000000004,-0.51316176,-1.442351111
Saponaria,Caryophyllaceae,Caryophyllales,-0.18384477,0,0.727272727,0,0.001818182,0,1,0.5,1,4,0.90718125,-0.308700702,-0.774327165
Sarcobatus,Sarcobataceae,Caryophyllales,-0.18384477,0,1,1,0,0,1,0.5,1,1.9852941180000083,0.9670000000000036,-0.36845952,0.6176545817132467
Sarcocapnos,Papaveraceae,Ranunculales,-0.18384477,0,1,0,0,0,0,0.5,1,0.8665000000000014,0.0814,0.38270050557036356,-0.242827853
Sarcochilus,Orchidaceae,Asparagales,-0.18384477,0,1,0,0,0,0,0.5,1,0.8665000000000014,0.0814,0.38270050557036356,-0.242827853
Sarcocornia,Amaranthaceae,Caryophyllales,-0.18384477,0,1,0,0.041463415,0.025555556,0.99875,0.4771875,0,2.002712188,0.8132690833250006,-0.187638234,-0.425188395
Sarcostemma,Apocynaceae,Gentianales,-0.18384477,0,1,1,0.000658617,0.027,0.9971875,0.7901041666450002,0.248416667,0,0.9402703030100004,0.8142266331445671,-0.953835615
Sarracenia,Sarraceniaceae,Ericales,-0.18384477,0,1,0,0,0.911057692,1,1,1,1.083333333,0.5225800641050002,-0.000663977,1.6411894985720392
Sasa,Poaceae,Poales,-0.18384477,0,1,1,0.074314214,0.215,0.9996875,0,0,1.6257674282349996,0.9063485455000004,-0.104239645,-1.078240624
Satureja,Lamiaceae,Lamiales,-0.18384477,0,0.933333333,0.3,0.004320557,0.519161939,1,1,1,3.0012024843850007,0.4697009340900005,-0.359815967,0.014725146967671613
Saussurea,Asteraceae,Asterales,0.3472153656642674,0.333333333,1,0,0.00210989,0.196014957,1,0.5,1,2.6844579653150005,0.458383572,-0.269577168,-0.19392072
Saxifraga,Saxifragaceae,Saxifragales,-0.178306712,0.077777778,0.959253152,0.005405405,0,0.6231410256600003,1,0.666666667,1,2.149424948,0.5015057601200003,-0.396583087,-1.590640909
Scabiosa,Caprifoliaceae,Dipsacales,-0.173440326,0.04,0.722222222,0,0,0.676012529,1,1,0.833333333,2.4580932201950008,0.3710396923350001,-0.412164275,0.30763688595304006
Scaevola,Goodeniaceae,Asterales,-0.130738756,0.0625,1,0.75,0,0.5865166394600001,0.998706294,0.7790765385249999,1,1.8,0.5854538654000008,0.13159191649622673,1.6797461496919048
Scandix,Apiaceae,Apiales,-0.18384477,0,0.5375842784250005,0,0.003968254,0.005,1,1,1,2.975800562625001,0.9037233333349995,-0.327150197,0.6360516256605445
Schiedea,Caryophyllaceae,Caryophyllales,-0.15625723,0.045454545,1,0.340909091,0.001818182,0.5668692035050001,0.998958333,0.7799047670050001,0.9956249999850002,4,0.5275,-0.435553115,-0.170030622
Schinus,Anacardiaceae,Sapindales,-0.18384477,0,1,1,0.002030457,0,0.999772727,0.5625,1,2,0.9399533750000022,-0.334850196,0.20096929046970194
Schismus,Poaceae,Poales,-0.18384477,0,0,0,0.074314214,0.901106383,1,1,0,2.165700758,0.062587564,-0.003690539,0.46823642561631446
Schivereckia,Brassicaceae,Brassicales,-0.18384477,0,1,0,0.00485306,0.6555833334900002,0.99752443,0.121677083,0.911604948,3.1789595238400006,0.243267953,-0.515852037,0.511649966
Schizaea,Schizaeaceae,Monilophyta,-0.18384477,0,1,0,0,0,0,0.5,1,0.8665000000000014,0.0814,0.38270050557036356,-0.242827853
Schoenocrambe,Brassicaceae,Brassicales,-0.18384477,0,1,0,0.00485306,0.6258611112700005,0.992083333,0.342081845,0.749918785,3.433980882415001,0.1934563690649999,-0.349540536,0.12749118772393747
Schoenoplectus,Cyperaceae,Poales,0.009268007,0.166666667,0.791666667,0,0.00045977,0.3124423077150001,1,0.5,0.071428571,1.9946291802099991,0.4303052381349996,-0.525268007,-0.700902119
Schoenus,Cyperaceae,Poales,-0.162602364,0.04,0.86,0,0.00045977,0.5464102564250001,1,0.5,0,0.7012500000149999,0.1611872976750002,-0.322658161,1.8312473493687926
Schrankia,Fabaceae,Fabales,-0.18384477,0,1,0,0.096494845,0.963333333,0.9975,0.9642499999999996,1,2.458391341975001,0.4271919230899998,-0.28847685,-0.585117563
Scilla,Asparagaceae,Asparagales,-0.18384477,0,1,0,0,0.8944444444699998,1,0.571428571,1,4,0.3685790842549996,1.5070014572312984,2.9097251951819136
Scirpus,Cyperaceae,Poales,-0.173731122,0.08411215,0.842105263,0,0.00045977,0.5146100427450001,1,0.5,0,0,0.1633920833750003,-0.525268007,1.6119004582538285
Scleranthus,Caryophyllaceae,Caryophyllales,-0.18384477,0,0.535714286,0,0.001818182,0,1,1,1,3.062629083,0.9077124999999998,-0.351178944,0.8523190276465449
Scleria,Cyperaceae,Poales,-0.18384477,0,0.75,0,0.00045977,1,0.994090909,0.7958968164950002,0,3,0.1200079166699999,-0.118338144,0.017106265
Sclerocactus,Cactaceae,Caryophyllales,-0.18384477,0,1,1,0,0,1,0.5,1,1.9852941180000083,0.9670000000000036,-0.36845952,0.6176545817132467
Sclerolaena,Amaranthaceae,Caryophyllales,-0.032113302,0.166666667,1,0.333333333,0.041463415,0.069636364,0.9962500000249996,0.6195510595749999,0,1.761030535,0.7257028257500004,-0.419002062,-0.441795684
Sclerostegia,Amaranthaceae,Caryophyllales,-0.18384477,0,1,1,0.041463415,0.025227273,0.9984375,0.7520476190200001,0,1.7373218238799994,0.9534690259849996,-0.398647522,-1.054842957
Scolymus,Asteraceae,Asterales,-0.18384477,0,0.5,0,0.00210989,0,1,0.947713889,1,3.3736945922149992,0.9144650000000002,-0.38402846,-0.228203184
Scorpiurus,Fabaceae,Fabales,-0.18384477,0,0,0,0.096494845,0.905,0.99875,0.999222222,1,2.819875,0.2555186474449998,-0.5319937,-1.31155583
Scorzonera,Asteraceae,Asterales,-0.166985718,0.035714286,0.94265233,0,0.00210989,0.005,1,0.875,1,3.0625469476700005,0.8943687499899997,-0.061867781,1.3801043953840986
Scrophularia,Scrophulariaceae,Lamiales,-0.18384477,0,0.885416667,0.0625,0.001764706,0.4946527778200001,1,0.666666667,1,3.5159583333299995,0.282997001,-0.468547999,-0.364021115
Scutellaria,Lamiaceae,Lamiales,-0.161246466,0.083333333,0.989583333,0.014285714,0.004320557,0.6022970085750002,1,0.5,1,2,0.5196491282600009,-0.5319937,-0.053644909
Sebaea,Gentianaceae,Gentianales,-0.18384477,0,0,0,0,0,0.98875,0.996166667,1,1.906504913199999,0.6995553333350021,-0.397644213,0.891297665
Secale,Poaceae,Poales,-0.18384477,0,0.333333333,0,0.074314214,0.3794113475600001,0.995861742,0.7709015151599999,0.044982394,1.4604198224000005,0.92,0.5429789359190386,-1.409661967
Sedum,Crassulaceae,Saxifragales,-0.18384477,0,0.825,0.033333333,0,0.665515734,1,0.69047619,1,1.2793424262550004,0.4602332701650002,-0.395706709,6.085907652169489
Selaginella,Selaginellaceae,Lycophyta,-0.18384477,0,0.961538462,0,0,0.947996795,1,0.75,1,1.25,0.5429601996399996,-0.565226534,1.0436031703784354
Selinum,Apiaceae,Apiales,-0.18384477,0,1,0,0.003968254,0.5189166667500003,1,1,1,3.91185866,0.2423635000450005,-0.015460501,-1.288465471
Sempervivum,Crassulaceae,Saxifragales,-0.120117553,0.12,1,0,0,0.8589529915050004,1,0,1,2.749203171849999,0.5176005494700004,1.2959556122583502,0.28860293906935364
Senecio,Asteraceae,Asterales,-0.178279074,0.1,0.764864865,0.068669528,0.00210989,0,1,0.75,0.985714286,2.166666667,0.5185,0.075770718,2.455068461115386
Senna,Fabaceae,Fabales,-0.18384477,0,0.933333333,0.722222222,0.096494845,1,0.998636364,0.9201071428549996,1,1.5,0.689,-0.465543856,0.7424506004561976
Serapias,Orchidaceae,Asparagales,-0.18384477,0,1,0,0,0,1,1,1,2.9176510744450006,0.9442698333299993,0.049106148408333654,0.41625760376334403
Serratula,Asteraceae,Asterales,-0.18384477,0,1,0,0.00210989,0,1,0.5,1,3.4650744047700006,0.917595833,1.1050398999091102,0.7516959880751788
Sesamoides,Resedaceae,Brassicales,-0.18384477,0,1,0,0.026666667,0.096931818,0.967025112,0.8412202380950003,0.847934783,2.222704274,0.6221510000050003,0.4206142318721434,0.6567448748899385
Sesbania,Fabaceae,Fabales,-0.18384477,0,1,1,0.096494845,1,1,0.9975,1,1.5768169641450016,0.681,-0.408913523,-1.590640909
Seseli,Apiaceae,Apiales,-0.18384477,0,0.852941176,0,0.003968254,0.4811578283400002,1,1,1,3.963854167,0.2466049048100003,-0.332913196,-1.505453152
Sesleria,Poaceae,Poales,-0.081881224,0.2,1,0,0.074314214,0.248333333,1,0.5,0,2.002990139,0.8403208333400007,0.222215131,0.2954607635555849
Setaria,Poaceae,Poales,-0.175674614,0.025,0.225,0,0.074314214,0.993125,1,1,0,0,0.049676346,-0.399094012,0.8789953124826132
Shepherdia,Elaeagnaceae,Rosales,-0.18384477,0,1,1,0,0,1,0.5,1,1.9852941180000083,0.9670000000000036,-0.36845952,0.6176545817132467
Sibara,Brassicaceae,Brassicales,-0.18384477,0,0,0,0.00485306,0.5073888889250001,1,1,1,4,0.203330393,-0.50374579,-1.35941345
Sibbaldia,Rosaceae,Rosales,-0.18384477,0,1,1,0.001060071,0,1,0.5,1,2.035636554810005,0.9590218750000032,-0.356661944,0.4097328115186834
Sibthorpia,Plantaginaceae,Lamiales,-0.18384477,0,1,0,0.005925926,0.5685138889550002,1,0.5,0,2.1067803030549994,0.2556487500350001,-0.367514919,0.2866069116240845
Sicyos,Cucurbitaceae,Cucurbitales,-0.113814862,0.071428571,0.285714286,0.071428571,0.024852071,0.076808752,0.9821095571199998,0.9425579,1,1.8643805159300004,0.4633419166800003,-0.399938287,0.7602456968621688
Sida,Malvaceae,Malvales,-0.18384477,0,0.861111111,0.25,0.006153846,0,0.9918181818949996,0.756286477,1,1.812068582,0.608850083,-0.453975664,0.050406542
Sidalcea,Malvaceae,Malvales,-0.18384477,0,0.82,0.02,0.006153846,0.4355050505450001,0.9995833333300002,0.8631748575799995,0.986694444,3.9054375,0.3530855357300006,-0.347432865,-0.479872337
Sidastrum,Malvaceae,Malvales,-0.18384477,0,1,0.5,0.006153846,0.4830390753000001,1,0.7941962745249996,0.961603879,1.8426723276949983,0.5708659249300002,-0.315937152,1.0180503902731335
Sideritis,Lamiaceae,Lamiales,-0.18384477,0,0.857142857,0.107142857,0.004320557,0.5184722222400001,0.999375,0.8773365384750003,1,3.4666731873900005,0.3257265961850002,-0.333105359,-1.252561218
Sigesbeckia,Asteraceae,Asterales,-0.18384477,0,0,0,0.00210989,0.5422411616600001,1,1,1,3.930070454545001,0.02,-0.074646597,-0.92440559
Silene,Caryophyllaceae,Caryophyllales,-0.183340997,0.010869565,0.612403101,0.007246377,0.001818182,0,1,0.92,0.983333333,3.166666667,0.8765,-0.261428691,0.023904787336073017
Silphium,Asteraceae,Asterales,-0.18384477,0,1,0,0.00210989,0,1,0.5233750000000001,1,3.2945950335699994,0.9172816666650004,-0.096785013,-0.090371872
Silybum,Asteraceae,Asterales,-0.18384477,0,0,0,0.00210989,0.5422411616600001,1,1,1,3.930070454545001,0.02,-0.074646597,-0.92440559
Sinapis,Brassicaceae,Brassicales,-0.18384477,0,0.083333333,0,0.00485306,0.4876666667050001,1,1,1,4,0.2277097262300001,-0.515044954,-1.551333568
Sisymbrella,Brassicaceae,Brassicales,-0.18384477,0,0.5,0,0.00485306,0.4771805556000001,1,0.99650641,0.999236111,3.907222222,0.2730276310050004,-0.537374254,-1.29934175
Sisymbrium,Brassicaceae,Brassicales,-0.18384477,0,0.114583333,0,0.00485306,0.95375,1,0.944444444,1,0.9103371212000004,0.4749611153850003,-0.535068302,1.0366838414103863
Sisyrinchium,Iridaceae,Asparagales,-0.18384477,0,0.955882353,0,0,0.953108974,1,0.5,1,1.818151011,0.5462479688750002,-0.325995341,1.241549830835981
Sitanion,Poaceae,Poales,12.561598475164267,1,1,0,0.074314214,0.7322834730300001,0.8902272727099999,0.6324776566849998,0.2859859154800001,1.7291768820700002,0.1935641666699999,7.196579474281122,0.5166257000519242
Sium,Apiaceae,Apiales,-0.18384477,0,1,0,0.003968254,0.7977831197049998,1,0.5,1,2.5,0.4860545000050003,0.6882997063603787,-0.052031346
Smilacina,Asparagaceae,Asparagales,-0.18384477,0,1,0,0,0,0,0.5,1,0.8665000000000014,0.0814,0.38270050557036356,-0.242827853
Smilax,Smilacaceae,Liliales,-0.18384477,0,1,0.4,0,0,0.999318182,0.6853903388349997,0.525,1.8644712056949992,0.8576187499449993,-0.02622161,0.7961186637529319
Smyrnium,Apiaceae,Apiales,-0.18384477,0,0,0,0.003968254,0.5186578283350002,1,1,1,3.9725,0.097581,-0.206470174,-1.487292746
Solanum,Solanaceae,Solanales,-0.180333628,0.033057851,0.681818182,0.3,0.089837398,0.021276596,1,0.875,1,1.833333333,0.47875,-0.381046737,2.130113865479355
Soldanella,Primulaceae,Ericales,-0.18384477,0,1,0,0,0.8995940171249999,1,0.5,1,3.0062961517150013,0.3676468040399996,-0.063885489,3.156161397232945
Solenanthus,Boraginaceae,Boraginales,-0.18384477,0,0.5,0,0.001824818,0.5209217172150001,1,0.977833333,0.9781249999500008,4,0.1431647820649997,0.03509057,-1.090142132
Solenogyne,Asteraceae,Asterales,-0.18384477,0,1,0,0.00210989,0,1,0.5233750000000001,1,3.2945950335699994,0.9172816666650004,-0.096785013,-0.090371872
Solidago,Asteraceae,Asterales,-0.175928345,0.042857143,1,0,0.00210989,0,1,0.5,1,3.262096493,0.935,-0.41227637,-0.147568703
Soliva,Asteraceae,Asterales,-0.18384477,0,0,0,0.00210989,0.540991162,1,1,0.995,3.945070455,0.034175,-0.055425688,-0.8898522
Sonchus,Asteraceae,Asterales,-0.136755693,0.103448276,0.403497409,0,0.00210989,0,1,0.75,1,2.618716799840001,0.7620000000100002,-0.391538817,-0.670458627
Sophora,Fabaceae,Fabales,-0.18384477,0,1,0.6,0.096494845,0.930008865,0.99252443,0.923550691,0.98,3,0.3691911538499999,-0.311390979,0.20215530133434692
Sorbaria,Rosaceae,Rosales,-0.18384477,0,1,1,0.001060071,0.005,1,1,1,2.2777396104100025,0.8875847023800005,-0.505090929,-0.824874614
Sorbus,Rosaceae,Rosales,-0.137836598,0.263513514,1,1,0.001060071,0.096666667,0.608695652,0.961538462,1,2.270833333,0.3139223333349999,-0.463122606,0.15258312067158444
Sorghum,Poaceae,Poales,-0.18384477,0,0.533333333,0,0.074314214,0.5177415108600001,1,0.5,0.5,1.9362437866649995,0.369666667,-0.290395121,0.9814056898521399
Sparaxis,Iridaceae,Asparagales,-0.18384477,0,1,0,0,0.25,0.9867271270400002,0.7391483821500002,0.8574444444399998,2.5508862861350003,0.6615211666650016,6.640918744,0.22007646341378775
Sparganium,Typhaceae,Poales,-0.021997871,0.444444444,1,0,0,0.03,1,0.5,0,1.9177819541449983,0.683915833,-0.509798914,-1.590640909
Spartina,Poaceae,Poales,-0.114576056,0.125,1,0,0.074314214,0.295,1,0.125,0,1.900604978,0.782,0.14730126160521864,-1.154593336
Spergula,Caryophyllaceae,Caryophyllales,-0.18384477,0,0.125,0,0.001818182,0.5314583333700001,1,1,1,3.922245455,0.1019876428699998,-0.444559695,-0.952846381
Spergularia,Caryophyllaceae,Caryophyllales,-0.178195194,0.020833333,0.364661654,0,0.001818182,0.4526631701950001,1,1,1,3.99,0.0675,-0.187155402,-1.064566335
Spermacoce,Rubiaceae,Gentianales,-0.18384477,0,0.25,0,0.0006,0,0.999545455,0.709222222,1,1.3632853535999965,0.7422503333350002,-0.351663573,0.10128499983283736
Spermolepis,Apiaceae,Apiales,-0.18384477,0,0,0,0.003968254,0.5140744950000001,1,1,1,3.9675,0.1207570000199998,-0.240322827,-1.590640909
Sphaeralcea,Malvaceae,Malvales,-0.162602364,0.04,0.961538462,0,0.006153846,0.6741399572900001,1,0.6671455107750003,0.933041667,1.8385216450349997,0.4999152976400004,-0.342291657,0.5966461470471701
Sphaerolobium,Fabaceae,Fabales,-0.18384477,0,1,1,0.096494845,1,1,1,1,1.5446760911150017,0.6807733333349987,-0.447249972,-1.24694488
Sphaeromeria,Asteraceae,Asterales,-0.18384477,0,1,0.625,0.00210989,0,0.999318182,0.6167165002150001,0.9205547619000004,2.1191908523150023,0.9349025416450012,-0.25796979,0.7157633975407379
Sphenopholis,Poaceae,Poales,-0.18384477,0,1,0,0.074314214,0.255,0.9984375,0.247008929,0,1.929752525,0.8467577500150008,0.030154827845963714,-1.554184315
Spinacia,Amaranthaceae,Caryophyllales,-0.18384477,0,0,0,0.041463415,0.062328283,0.980416667,0.99,0.613077652,2.147842950794999,0.4261375833450004,-0.443214556,-1.590640909
Spiraea,Rosaceae,Rosales,-0.11958203,0.171428571,1,1,0.001060071,0.005,1,0.6875,1,2.184450174130001,0.841409077,-0.511984764,1.360225084112347
Spiranthes,Orchidaceae,Asparagales,-0.147532965,0.074074074,1,0,0,0.8817841881000009,1,0.333333333,1,3.0393316933900003,0.4853273351950003,1.443745266245229,0.7057677371779417
Spirodela,Araceae,Alismatales,-0.18384477,0,1,0,0.000248447,0.9075053419299997,1,0,1,2.596796049804999,0.3915493754750001,-0.548135362,0.44000437670695564
Sporobolus,Poaceae,Poales,-0.18384477,0,0.837209302,0,0.074314214,0.950661939,1,1,0,3.5,0.131514679,-0.308750121,0.25622477305276575
Spyridium,Rhamnaceae,Rosales,0.2713496320953667,0.214285714,1,1,0.004444444,0.3538942308000001,0.996086957,0.8441840659500004,0.9648611110600004,4.039788657510001,0.519413155,-0.309823231,0.041080042
Stachys,Lamiaceae,Lamiales,-0.180515239,0.022727273,0.856321839,0.011363636,0.004320557,1,1,0.65,1,1.25,0.54088685,-0.279406574,3.135858794432071
Stackhousia,Celastraceae,Celastrales,-0.18384477,0,0.875,0,0,0.065,0.999772727,0.6185612580050002,0.946875,1.5577117116049997,0.7324938333299991,0.3068645561604614,0.4015060459414733
Staehelina,Asteraceae,Asterales,-0.18384477,0,1,1,0.00210989,0.235625,0.987596344,0.8314379578750001,1,3.9771756383700008,0.5261446153899997,-0.482223574,-1.382650023
Stanleya,Brassicaceae,Brassicales,-0.18384477,0,0.777777778,0.111111111,0.00485306,0.6134397163149999,1,0.7961201709349998,0.9851544011599996,1.5953322040499995,0.5660143232799996,-0.312082993,0.9345387302539004
Stauracanthus,Fabaceae,Fabales,-0.18384477,0,1,1,0.096494845,1,1,1,1,1.5446760911150017,0.6807733333349987,-0.447249972,-1.24694488
Stebbinsoseris,Asteraceae,Asterales,-0.18384477,0,0,0,0.00210989,0.540991162,1,1,0.995,3.945070455,0.034175,-0.055425688,-0.8898522
Stellaria,Caryophyllaceae,Caryophyllales,-0.179488842,0.025974026,0.676923077,0,0.001818182,0.0175,1,0.636363636,1,0,0.7345,-0.437834002,-0.119616882
Stemodia,Plantaginaceae,Lamiales,-0.18384477,0,1,0,0.005925926,0.4487174941800003,0.998333333,0.9149553570950008,1,3.922145833,0.3238377381250006,-0.404205539,-1.113676412
Stenanthemum,Rhamnaceae,Rosales,-0.18384477,0,1,0,0.004444444,0.6486111113000004,0.9925,0.255824405,0.7384704200800001,3.401661904810002,0.1866233690649999,-0.365709262,0.3219506187879798
Stenogonum,Polygonaceae,Caryophyllales,-0.18384477,0,0,0,0.002727273,0.5057828283200001,1,1,1,3.995,0.1104860000199998,-0.291599508,-1.289691393
Stenogyne,Lamiaceae,Lamiales,-0.150304129,0.05,1,0,0.004320557,0.686463675,1,0.636958791,0.98623557,2.401873486,0.5156455329700015,0.6769270349632897,0.12732687317239608
Stenopetalum,Brassicaceae,Brassicales,-0.18384477,0,0.166666667,0,0.00485306,0.4781805555950001,1,0.9745,1,3.978377525,0.2295799047950003,-0.456224623,-1.350513219
Stenotus,Asteraceae,Asterales,-0.18384477,0,1,0,0.00210989,0,1,0.5233750000000001,1,3.2945950335699994,0.9172816666650004,-0.096785013,-0.090371872
Stephanomeria,Asteraceae,Asterales,-0.15625723,0.045454545,0.636363636,0.136363636,0.00210989,0.0835,0.9925349650449998,0.821898801,0.865621573,2.611365256,0.6549320833500005,-0.170151433,-1.486982021
Sternbergia,Amaryllidaceae,Asparagales,-0.18384477,0,1,0,0,0.0075,1,0.602815237,0.9362638888649996,2.816780462,0.8598784848299985,2.2788974635969934,-0.977395142
Sticherus,Gleicheniaceae,Monilophyta,-0.18384477,0,1,0,0,0,0,0.5,1,0.8665000000000014,0.0814,0.38270050557036356,-0.242827853
Stillingia,Euphorbiaceae,Malpighiales,-0.18384477,0,0.833333333,0,0.01239531,0.034583333,0.99833042,0.6289116729650002,0.6606964285699999,1.8070860638149988,0.7318118333199999,-0.277345038,-0.168495653
Stipa,Poaceae,Poales,-0.177407677,0.05,0.965,0,0.074314214,0.9199349881850002,1,0.928571429,0,2,0.092416282,-0.419674632,0.6463137
Stipagrostis,Poaceae,Poales,-0.18384477,0,1,0,0.074314214,0.255,0.9984375,0.247008929,0,1.929752525,0.8467577500150008,0.030154827845963714,-1.554184315
Streptanthus,Brassicaceae,Brassicales,-0.18384477,0,0.314814815,0.037037037,0.00485306,0.025,1,0.9372950397400004,0.9080959595799998,2.891239595880001,0.9,-0.492984682,0.2078436540088034
Streptopus,Liliaceae,Liliales,6.188876852827524,0.5,1,0,0,0.513557692,1,0.5,1,2.121228651860001,0.538446941,0.23540783577502877,-1.590640909
Strophostyles,Fabaceae,Fabales,-0.18384477,0,0,0,0.096494845,0.905,0.99875,0.999222222,1,2.819875,0.2555186474449998,-0.5319937,-1.31155583
Stuartina,Asteraceae,Asterales,-0.18384477,0,0,0,0.00210989,0.6349166666850001,0.9975,0.9485,0,2.4201830808149984,0.1357384881299999,-0.174386187,0.504101608
Stutzia,Amaranthaceae,Caryophyllales,-0.18384477,0,0,0,0.041463415,0.062328283,0.980416667,0.99,0.613077652,2.147842950794999,0.4261375833450004,-0.443214556,-1.590640909
Stylidium,Stylidiaceae,Asterales,-0.18384477,0,0.5,0,0,0,1,0.8927598484450004,0.9845075757549996,2.9989644584700006,0.9093264999999996,-0.379993045,0.695204301
Stylocline,Asteraceae,Asterales,0.8782755010926624,0.416666667,0,0,0.00210989,0.125625,0.997916667,0.9996,0.944464286,2.907763537,0.2695458335649991,-0.333759871,-0.265617757
Suaeda,Amaranthaceae,Caryophyllales,-0.173729338,0.027777778,0.375,0.291666667,0.041463415,0.1780798677999999,1,0.75,0.333333333,0,0.6073541666900003,-0.443214556,0.20496446059861212
Succisa,Caprifoliaceae,Dipsacales,-0.18384477,0,1,0,0,0.704524573,1,1,1,0.5,0.531712167,-0.213868436,-1.590640909
Succisella,Caprifoliaceae,Dipsacales,-0.18384477,0,1,0,0,0,1,0.5,1,3,0.8856608333299998,-0.212523297,-1.143366815
Succowia,Brassicaceae,Brassicales,-0.18384477,0,0,0,0.00485306,0.5073888889250001,1,1,1,4,0.203330393,-0.50374579,-1.35941345
Swainsona,Fabaceae,Fabales,-0.18384477,0,0.944444444,0.166666667,0.096494845,0.94177305,1,0.93175094,1,1.891597538,0.5821959615449999,-0.35276692,-0.128420819
Swertia,Gentianaceae,Gentianales,-0.18384477,0,1,0,0,0,1,0.5,1,3.176555322,0.9457887499949994,-0.197054204,-0.262819669
Symphoricarpos,Caprifoliaceae,Dipsacales,-0.130738756,0.0625,1,1,0,0,1,0.5,1,2.0441887618650028,0.944950625,-0.389651716,0.8277082298807258
Symphyandra,Campanulaceae,Asterales,-0.18384477,0,0.666666667,0,0,0.55625,0.999772727,0.6655157693100001,1,1.871920635,0.5261413571600001,0.081034804,-0.4817051
Symphytum,Boraginaceae,Boraginales,-0.085802898,0.192307692,1,0,0.001824818,0.1178632478699999,1,0.7,1,2.559750669165001,0.7002095833600005,-0.288972004,-1.590640909
Synthyris,Scrophulariaceae,Lamiales,-0.18384477,0,1,0,0.001764706,0,1,0.5145075757600001,0.999916667,3.353235965,0.927083333,-0.408240954,-0.241343068
Syntrichopappus,Asteraceae,Asterales,-0.18384477,0,0,0,0.00210989,0.540991162,1,1,0.995,3.945070455,0.034175,-0.055425688,-0.8898522
Syrenia,Brassicaceae,Brassicales,-0.18384477,0,0,0,0.00485306,0.5073888889250001,1,1,1,4,0.203330393,-0.50374579,-1.35941345
Syringa,Oleaceae,Lamiales,-0.18384477,0,1,1,0.003252033,0.005,1,0.5,1,2.659096550815002,0.8936666666649993,-0.419450442,-1.33950989
Syzygium,Myrtaceae,Myrtales,-0.18384477,0,1,1,0.003243243,0,1,0.6612499999850001,1,2.688888889,0.915140208,-0.339638889,-0.524033906
Taeniatherum,Poaceae,Poales,-0.18384477,0,1,0,0.074314214,0.255,0.9984375,0.233556548,0,1.9310025251849996,0.8434627500150006,0.026911362548760545,-1.590640909
Tagetes,Asteraceae,Asterales,-0.18384477,0,0,0,0.00210989,0,0.995,0.99525,0.97,2.088740936,0.7046040833600021,-0.427072894,0.9778892933246539
Talinum,Talinaceae,Caryophyllales,-0.18384477,0,1,0,0.090909091,0,0.9889165209949998,0.915464286,1,1.856842916,0.6588338333300006,-0.194055346,0.10661450824904731
Tamarix,Tamaricaceae,Caryophyllales,-0.136755693,0.103448276,1,1,0,0.02,0.997272727,0.596714286,0.5,0,0.9034724161350002,-0.372931068,-1.412635205
Tanacetum,Asteraceae,Asterales,-0.18384477,0,0.931034483,0,0.00210989,0,1,0.75,1,3.0849107142950003,0.8940381666599996,0.2791248382256978,0.3975481558185557
Taraxacum,Asteraceae,Asterales,-0.183339028,0.012578616,1,0,0.00210989,0.071555556,0.666666667,0.96875,1,2.232322031,0.3839105000000001,-0.382234942,0.7776082096540298
Tauschia,Apiaceae,Apiales,-0.18384477,0,1,0,0.003968254,0.7852831196800001,1,0.6261130952449999,1,1.908856061,0.5829839166700002,-0.109887934,-0.358759984
Taxus,Taxaceae,Pinophyta,-0.18384477,0,1,1,0,0.005,1,1,0,0.777777778,0.9296902272599994,0.9476586910866995,-1.477007557
Tectaria,Tectariaceae,Monilophyta,-0.18384477,0,1,0,0,0,0,0.5,1,0.8665000000000014,0.0814,0.38270050557036356,-0.242827853
Teesdalia,Brassicaceae,Brassicales,-0.18384477,0,0,0,0.00485306,0.5073888889250001,1,1,1,4,0.203330393,-0.50374579,-1.35941345
Telekia,Asteraceae,Asterales,-0.18384477,0,1,0,0.00210989,0,1,0.5,1,3.353485965,0.9216916666650008,-0.41227637,-0.233746242
Teline,Fabaceae,Fabales,-0.18384477,0,1,1,0.096494845,1,1,1,1,1.5446760911150017,0.6807733333349987,-0.447249972,-1.24694488
Templetonia,Fabaceae,Fabales,-0.18384477,0,1,0.666666667,0.096494845,0.969689716,0.999772727,0.9573333333300004,1,1.7591580084400005,0.6340906730799987,-0.332673462,-0.269213132
Tephroseris,Asteraceae,Asterales,-0.18384477,0,1,0,0.00210989,0,1,0.7,1,3.102958012,0.889985,-0.253917916,-0.06655054
Terminalia,Combretaceae,Myrtales,-0.18384477,0,1,1,0.01,0,0.99875,0.6734372112300001,1,2.425,0.8602766666600006,-0.05379695,0.694367795
Tetracoccus,Picrodendraceae,Malpighiales,-0.18384477,0,1,1,0,0,1,0.5,1,1.9852941180000083,0.9670000000000036,-0.36845952,0.6176545817132467
Tetradymia,Asteraceae,Asterales,-0.18384477,0,1,1,0.00210989,0,1,0.7791726190500001,1,2.494815165875003,0.92838875,-0.412717521,-0.259386277
Tetragonia,Aizoaceae,Caryophyllales,-0.18384477,0,0.25,0,0.000990099,0.702769231,1,0.959674603,0,2.310779335879999,0.1372670714449998,-0.297437998,0.661598591
Tetragonolobus,Fabaceae,Fabales,-0.18384477,0,0.2,0,0.096494845,0.8789716312350001,0.995,0.8856454248200003,0.969149061,3.017223809530001,0.2227031291249998,-0.262420029,-0.258738832
Tetramolopium,Asteraceae,Asterales,-0.18384477,0,1,1,0.00210989,0,1,0.7791726190500001,1,2.494815165875003,0.92838875,-0.412717521,-0.259386277
Tetraplasandra,Araliaceae,Apiales,-0.18384477,0,1,1,0,0.3829166666850001,0.971316559,0.8254725274300004,0.999305556,4,0.4465591987200007,0.5337640461948485,-0.534106672
Tetrarrhena,Poaceae,Poales,-0.18384477,0,1,0,0.074314214,0.255,0.9984375,0.247008929,0,1.929752525,0.8467577500150008,0.030154827845963714,-1.554184315
Tetratheca,Elaeocarpaceae,Oxalidales,-0.18384477,0,1,0.875,0,0,1,0.7311161716800002,0.2760828282650001,2.362365317234999,0.983333333,-0.170429498,-0.552699741
Teucrium,Lamiaceae,Lamiales,-0.180683697,0.015625,0.836065574,0.640625,0.004320557,0.74879228,1,0.7,0.964285714,0.166666667,0.5650412509199996,-0.444559695,0.6923600285232979
Thalictrum,Ranunculaceae,Ranunculales,-0.18384477,0,1,0,0,0,1,0.5,0.714285714,1.757010393434999,0.7456946190049991,-0.424382617,-0.923336817
Thapsia,Apiaceae,Apiales,-0.18384477,0,1,0,0.003968254,0.7852831196800001,1,0.6261130952449999,1,1.908856061,0.5829839166700002,-0.109887934,-0.358759984
Thaspium,Apiaceae,Apiales,-0.18384477,0,1,0,0.003968254,0.7852831196800001,1,0.6261130952449999,1,1.908856061,0.5829839166700002,-0.109887934,-0.358759984
Thelesperma,Asteraceae,Asterales,-0.18384477,0,1,0,0.00210989,0,1,0.5233750000000001,1,3.2945950335699994,0.9172816666650004,-0.096785013,-0.090371872
Thelionema,Xanthorrhoeaceae,Asparagales,-0.18384477,0,1,0,0,0,0,0.5,1,0.8665000000000014,0.0814,0.38270050557036356,-0.242827853
Thelymitra,Orchidaceae,Asparagales,0.42531244436437626,0.764705882,1,0,0,0.5964423077250001,0.999090909,0.7880340748100003,0.954094444,2.474104494170001,0.4855121639550004,0.6022897133636937,-0.006297559
Thelypodiopsis,Brassicaceae,Brassicales,-0.18384477,0,0.083333333,0,0.00485306,0.4876666667050001,1,1,1,4,0.2277097262300001,-0.515044954,-1.551333568
Thelypodium,Brassicaceae,Brassicales,-0.18384477,0,0.157894737,0,0.00485306,0.4781805555950001,1,0.9745,1,3.978377525,0.2303219881300003,-0.460030538,-1.354411125
Thelypteris,Thelypteridaceae,Monilophyta,-0.18384477,0,1,0,0,0.991634615,1,0.5,0.99975,1.966666667,0.5929291666700005,0.2273370045533667,0.455979087
Themeda,Poaceae,Poales,-0.18384477,0,1,0,0.074314214,0.255,0.9984375,0.247008929,0,1.929752525,0.8467577500150008,0.030154827845963714,-1.554184315
Thermopsis,Fabaceae,Fabales,-0.18384477,0,1,0,0.096494845,0.963333333,0.9975,0.9642499999999996,1,2.458391341975001,0.4271919230899998,-0.28847685,-0.585117563
Thesium,Santalaceae,Santalales,-0.18384477,0,0.916666667,0,0.002139037,0,1,0.785714286,0.95,2.8467822705450008,0.9113034166599988,0.038701049311724196,0.5573211733561966
Thlaspi,Brassicaceae,Brassicales,-0.18384477,0,0.541666667,0,0.00485306,0.9575,1,0.916666667,1,0.546305871,0.5421766483550003,-0.53132113,0.619312288
Thryptomene,Myrtaceae,Myrtales,-0.18384477,0,1,1,0.003243243,0.322777778,0.989174078,0.8679078892400001,1,4.0810714285800005,0.4971216987250001,-0.530648561,-0.858453339
Thunbergia,Acanthaceae,Lamiales,-0.18384477,0,1,0,0.000857143,0.777777778,1,0.432211158,0.4687030408950002,2.156759768699999,0.3083271355749998,-0.254329175,0.048918897558597095
Thymelaea,Thymelaeaceae,Malvales,-0.18384477,0,0.823529412,0.823529412,0.001324503,0.445833333,1,1,0.666666667,2.439993636364999,0.5355221808450004,-0.484913851,0.4666042393319385
Thymophylla,Asteraceae,Asterales,-0.18384477,0,1,0,0.00210989,0,1,0.5233750000000001,1,3.2945950335699994,0.9172816666650004,-0.096785013,-0.090371872
Thymus,Lamiaceae,Lamiales,-0.150506588,0.183098592,1,0.575342466,0.004320557,0.18475,1,0.75,1,2.680255997,0.68,-0.449491869,0.2807719723223484
Thysanocarpus,Brassicaceae,Brassicales,-0.18384477,0,0,0,0.00485306,0.5073888889250001,1,1,1,4,0.203330393,-0.50374579,-1.35941345
Thysanotus,Asparagaceae,Asparagales,-0.18384477,0,1,0,0,0,0,0.5,1,0.8665000000000014,0.0814,0.38270050557036356,-0.242827853
Tibouchina,Melastomataceae,Myrtales,-0.18384477,0,1,0.333333333,0,0.684583333,1,0.8732857142600003,1,2.25,0.592920271,0.5419648174306106,-0.243088922
Tidestromia,Amaranthaceae,Caryophyllales,-0.18384477,0,0.5,0.25,0.041463415,0.056219697,0.994573864,0.891184821,0.4710696640349999,1.9985247522749976,0.589468902,-0.342863054,0.2314453742607716
Tilia,Malvaceae,Malvales,0.5106184843703678,0.653846154,1,1,0.006153846,0.367935897,1,1,0.833333333,2.2287106269500008,0.6312199368200001,-0.020114809,0.2011612614385525
Tiquilia,Boraginaceae,Boraginales,-0.18384477,0,0.75,0.375,0.001824818,0.445004433,0.997835145,0.8258059778549997,0.979236111,0.5,0.4754518177850002,-0.252139922,1.8313623278288105
Tmesipteris,Psilotaceae,Monilophyta,-0.18384477,0,1,0,0,0,0,0.5,1,0.8665000000000014,0.0814,0.38270050557036356,-0.242827853
Tofieldia,Tofieldiaceae,Alismatales,-0.18384477,0,1,0,0,0.8491666667400003,1,0.5,0.333333333,2.165184158,0.2287908534999998,-0.480878435,0.061366358155126484
Tolpis,Asteraceae,Asterales,-0.18384477,0,0.6,0,0.00210989,0,1,0.5,1,3.0939388597000006,0.866,-0.358201801,0.7651795101253415
Tomanthera,Scrophulariaceae,Lamiales,-0.18384477,0,0,0,0.001764706,0.005,0.99625,0.98075,0.981666667,1.9641636002149996,0.7209964167000016,-0.405601223,0.9139568643101919
Tonestus,Asteraceae,Asterales,-0.18384477,0,1,0,0.00210989,0,1,0.5233750000000001,1,3.2945950335699994,0.9172816666650004,-0.096785013,-0.090371872
Tordylium,Apiaceae,Apiales,-0.18384477,0,0,0,0.003968254,0.5140744950000001,1,1,1,3.9675,0.1207570000199998,-0.240322827,-1.590640909
Torilis,Apiaceae,Apiales,-0.18384477,0,0,0,0.003968254,0.5631994950050001,1,1,1,3.614729978,0.21770456,-0.340984027,-0.27829807
Torreyochloa,Poaceae,Poales,-0.18384477,0,1,0,0.074314214,0.255,0.9984375,0.247008929,0,1.929752525,0.8467577500150008,0.030154827845963714,-1.554184315
Torularia,Brassicaceae,Brassicales,-0.18384477,0,0,0,0.00485306,0.5073888889250001,1,1,1,4,0.203330393,-0.50374579,-1.35941345
Townsendia,Asteraceae,Asterales,-0.133467523,0.086956522,0.739130435,0,0.00210989,0.025,0.999772727,0.6355703726549999,0.985039683,1.6414991811399997,0.68311,-0.288500979,0.35385411685568424
Toxicodendron,Anacardiaceae,Sapindales,-0.18384477,0,1,1,0.002030457,0.430972222,1,0.953667811,0.989916667,3,0.5182706795050004,-0.446947741,-0.3306954
Trachelium,Campanulaceae,Asterales,-0.18384477,0,1,0,0,0,0,0.5,1,0.8665000000000014,0.0814,0.38270050557036356,-0.242827853
Trachomitum,Apocynaceae,Gentianales,-0.18384477,0,1,0.193895152,0.000658617,0.8523611111199999,0.999545455,0.8168035714250002,0.9833055555599998,2.088394136,0.5847541410299999,0.19957863075166804,-0.070009276
Trachymene,Araliaceae,Apiales,-0.18384477,0,0.3,0,0,0.8989743589849999,0.99875,0.8606503266850005,1,1.4576031863350003,0.5044196666699999,-0.415426717,0.9286081904558954
Tradescantia,Commelinaceae,Commelinales,-0.18384477,0,1,0,0,0,1,0.4893719806800005,1,3.584544586,0.9196074999999982,1.7729011835016382,1.427937339829301
Tragia,Euphorbiaceae,Malpighiales,-0.18384477,0,1,0,0.01239531,0,0.1637276819999999,0.642904766,0.905833333,0,0.0922125,0.13557929577329572,-0.024607611
Tragopogon,Asteraceae,Asterales,-0.141002943,0.114285714,0.185714286,0,0.00210989,0.06125,1,1,1,2.1782281276900006,0.6757123333949994,-0.024876471,0.35911731016371345
Tragus,Poaceae,Poales,-0.18384477,0,0,0,0.074314214,0.935106383,1,1,0,1.357328813,0.060413333,0.6355865505157665,0.48516449372204196
Trematolobelia,Campanulaceae,Asterales,-0.18384477,0,1,1,0,0,1,0.5,1,1.9852941180000083,0.9670000000000036,-0.36845952,0.6176545817132467
Triadenum,Hypericaceae,Malpighiales,-0.18384477,0,1,0,0,0,0,0.5,1,0.8665000000000014,0.0814,0.38270050557036356,-0.242827853
Tribolium,Poaceae,Poales,-0.18384477,0,1,0,0.074314214,0.255,0.9984375,0.247008929,0,1.929752525,0.8467577500150008,0.030154827845963714,-1.554184315
Trichanthodium,Asteraceae,Asterales,-0.18384477,0,0,0,0.00210989,0.540991162,1,1,0.995,3.945070455,0.034175,-0.055425688,-0.8898522
Trichophorum,Cyperaceae,Poales,-0.18384477,0,1,0,0.00045977,0.6703525641350001,1,0.5,0,2.1417307692400005,0.128532,-0.366173357,0.7237042455435112
Trichostema,Lamiaceae,Lamiales,-0.18384477,0,0.153846154,0.153846154,0.004320557,0.3954583333450001,0.9925,0.9519940767950004,0.915095238,2.690560293885001,0.5089769093550002,-0.391075789,0.9217228573798941
Tricoryne,Xanthorrhoeaceae,Asparagales,-0.18384477,0,1,0,0,0,0,0.5,1,0.8665000000000014,0.0814,0.38270050557036356,-0.242827853
Tricyrtis,Liliaceae,Liliales,-0.18384477,0,1,0,0,0.728344017,0.999090909,0.541807479,0.5319475186850003,2.072327529,0.3745215714699998,-0.019495917,-1.145381385
Tridens,Poaceae,Poales,-0.18384477,0,1,0,0.074314214,0.255,0.9984375,0.247008929,0,1.929752525,0.8467577500150008,0.030154827845963714,-1.554184315
Trientalis,Primulaceae,Ericales,-0.18384477,0,1,0,0,0,0,0.5,1,0.8665000000000014,0.0814,0.38270050557036356,-0.242827853
Trifolium,Fabaceae,Fabales,-0.1832636,0.011673152,0.343220339,0.011627907,0.096494845,1,1,0.941176471,1,3.318729761910002,0.032,-0.447963303,3.3977405038662845
Triglochin,Juncaginaceae,Alismatales,-0.18384477,0,0.806451613,0,0,0.6203525641150001,1,0.5,0,1.0210904255100004,0.1329962857500001,-0.349054859,1.596131535
Trigonella,Fabaceae,Fabales,-0.18384477,0,0,0,0.096494845,0.905,1,1,1,2.8688869047450005,0.2504395128299998,-0.491639543,-1.347103862
Trillium,Melanthiaceae,Liliales,-0.18384477,0,1,0,0,0.25875,0.989574592,0.7474320855200003,0.8695932539549999,2.606546502960001,0.65975,8.040696481589903,0.3823405353915164
Trimorpha,Asteraceae,Asterales,-0.18384477,0,0.25,0,0.00210989,0.5383522727750001,0.999791667,0.9062023809549998,0.98,3.919416666664999,0.1044434999999997,0.060670267,-0.890298016
Trinia,Apiaceae,Apiales,-0.18384477,0,0.555555556,0,0.003968254,0.005,1,1,1,2.9687726370950003,0.9071574999999994,-0.321666939,0.6414303917940684
Triodanis,Campanulaceae,Asterales,-0.18384477,0,0,0,0,0,0.98875,0.996166667,1,1.906504913199999,0.6995553333350021,-0.397644213,0.891297665
Triosteum,Caprifoliaceae,Dipsacales,-0.18384477,0,1,0,0,0,0,0.5,1,0.8665000000000014,0.0814,0.38270050557036356,-0.242827853
Triphysaria,Scrophulariaceae,Lamiales,1.0906995549581298,0.4,0,0,0.001764706,0.151805556,0.994583333,0.9996,0.94325,2.9534284202250003,0.3071631668849989,-0.34589699,-0.348785118
Tripleurospermum,Asteraceae,Asterales,9.375237663995895,0.75,0.25,0,0.00210989,0.074166667,1,1,1,2.627087121,0.2082170835899995,-0.076087817,-0.545581577
Tripterocalyx,Nyctaginaceae,Caryophyllales,0.4534273927244555,0.2,0.4,0,0.005063291,0.125977273,0.98875,0.8748956147700003,0.861,2.883724551,0.2783126668999992,-0.359576352,0.283159375
Trisetum,Poaceae,Poales,-0.18384477,0,0.815789474,0,0.074314214,0.6335558779400001,1,0.5,0.25,1.8519095238549996,0.354467833,0.096392942,0.2443001269715593
Triteleia,Asparagaceae,Asparagales,-0.113814862,0.071428571,1,0,0,0.8532799146000015,1,0.5126190475749999,0.994583333,2.6698136759450004,0.5262660027600004,0.704188616,0.030278129198360627
Triticum,Poaceae,Poales,-0.061292431,0.115384615,0,0,0.074314214,0.52598925,1,1,1,1.9833346445150004,0.425,1.193568254373424,0.2587214968849192
Tritonia,Iridaceae,Asparagales,-0.18384477,0,1,0,0,0,1,0.529166667,0.999375,3.248158701,0.9491404166599996,-0.437834002,-0.411040812
Triumfetta,Malvaceae,Malvales,-0.18384477,0,1,0,0.006153846,0,1,0.7404181597600002,0.5,2.1592454237349976,0.8044983332699995,-0.174153225,0.11592788094318708
Trollius,Ranunculaceae,Ranunculales,6.188876852827524,0.5,1,0,0,0.3545192307950001,1,0.5,1,2.3317652257600003,0.5452270833849995,0.008751992,-1.431020352
Tropidocarpum,Brassicaceae,Brassicales,-0.18384477,0,0,0,0.00485306,0.5073888889250001,1,1,1,4,0.203330393,-0.50374579,-1.35941345
Tsuga,Pinaceae,Pinophyta,-0.18384477,0,1,1,0.004761905,0.0475,1,0.981666667,0,0.3125,0.929,1.8784945586517159,-1.119653249
Tuberaria,Cistaceae,Malvales,-0.18384477,0,0.3,0.3,0.011428571,0.1979397163149999,1,1,1,2.3757135171799995,0.609349917,-0.106257353,-0.116139006
Tuctoria,Poaceae,Poales,-0.18384477,0,0,0,0.074314214,0.901106383,1,1,0,2.165700758,0.062587564,-0.003690539,0.46823642561631446
Tulipa,Liliaceae,Liliales,-0.113814862,0.071428571,1,0,0,0.802970086,1,0.25,1,2.8895443724700027,0.5199161996550005,3.3537180577895063,-0.328918976
Typha,Typhaceae,Poales,0.1394092258193143,0.583333333,1,0,0,0,1,0.5,0,2.025163712829998,0.5387650000899997,-0.545445085,-1.590640909
Ulex,Fabaceae,Fabales,-0.042228733,0.1,1,1,0.096494845,0.8951152482350001,1,1,1,1.220551323615001,0.5932236538499999,-0.131814985,-0.463638442
Ulmus,Ulmaceae,Rosales,-0.026977776,0.307692308,1,1,0,0.001,1,0.75,0.25,2.75,1.0050887499650003,-0.335872501,-1.15387035
Umbilicus,Crassulaceae,Saxifragales,-0.18384477,0,1,0,0,0,1,1,1,2.9176510744450006,0.9442698333299993,0.049106148408333654,0.41625760376334403
Uncinia,Cyperaceae,Poales,-0.18384477,0,1,0,0.00045977,0.7769444444950002,1,0.1815,0.002081847,2.25,0.111255,-0.404205539,0.4195545972180527
Urera,Urticaceae,Rosales,-0.18384477,0,1,1,0,0,1,0.7459166666350002,0,2.25,0.981645,-0.420464117,-0.479652596
Urginea,Asparagaceae,Asparagales,-0.18384477,0,1,0,0,0,0,0.5,1,0.8665000000000014,0.0814,0.38270050557036356,-0.242827853
Urospermum,Asteraceae,Asterales,-0.18384477,0,0.5,0,0.00210989,0,1,0.947713889,1,3.3736945922149992,0.9144650000000002,-0.38402846,-0.228203184
Urtica,Urticaceae,Rosales,-0.18384477,0,0.545454545,0,0,0.7286111111400001,1,0.75,0.4,2.3776854915150003,0.2489707198199998,-0.472000521,0.9204987806168791
Utricularia,Lentibulariaceae,Lamiales,-0.177687551,0.02173913,0.861111111,0,0,1,1,0.083333333,1,1.93747117,0.5272617344450005,-0.556494437,0.5986129016312638
Uvularia,Colchicaceae,Liliales,-0.18384477,0,1,0,0,0.03625,0.999545455,0.710370275,0.932954365,1.7814996039250002,0.7386254999849992,1.0561665335152015,0.37347242480542425
Vaccinium,Ericaceae,Ericales,-0.162168846,0.081632653,1,1,0,0,1,0.333333333,0.944444444,2.5,0.835090179,-0.500479025,-1.338900059
Valantia,Rubiaceae,Gentianales,-0.18384477,0,0.333333333,0,0.0006,0.895630342,1,0.8438571427100016,1,1.854990801,0.5550923333350003,-0.291969726,0.16570366267300285
Vallisneria,Hydrocharitaceae,Alismatales,-0.18384477,0,1,0,0,0.8747222222650001,1,0,0,2.292589286,0.1205733333399999,-0.284056482,-0.023912743
Vancouveria,Berberidaceae,Ranunculales,-0.18384477,0,1,0,0,0,0,0.5,1,0.8665000000000014,0.0814,0.38270050557036356,-0.242827853
Vandenboschia,Hymenophyllaceae,Monilophyta,-0.18384477,0,1,0,0,0,0,0.5,1,0.8665000000000014,0.0814,0.38270050557036356,-0.242827853
Velezia,Caryophyllaceae,Caryophyllales,-0.18384477,0,0,0,0.001818182,0.5863661616550001,1,1,1,3.610304978,0.1719593095299999,-0.302582003,-0.209626602
Vella,Brassicaceae,Brassicales,-0.18384477,0,1,1,0.00485306,0.68167735,0.999772727,0.9583690476150002,0.9474206348700004,1.0169955294349995,0.5961773974449993,-0.400842692,1.4668251142527595
Velleia,Goodeniaceae,Asterales,-0.18384477,0,0.666666667,0,0,0.55625,0.999772727,0.6655157693100001,1,1.871920635,0.5261413571600001,0.081034804,-0.4817051
Ventenata,Poaceae,Poales,-0.18384477,0,0,0,0.074314214,0.935106383,1,1,0,1.357328813,0.060413333,0.6355865505157665,0.48516449372204196
Veratrum,Melanthiaceae,Liliales,-0.18384477,0,1,0,0,0,1,0.5,1,3.172254010700001,0.937487917,-0.21005721,-0.643906219
Verbascum,Scrophulariaceae,Lamiales,-0.159276449,0.237096774,0.209677419,0.008064516,0.001764706,0.035,1,1,1,2.793548423544999,0.71,-0.5319937,-0.789875998
Verbesina,Asteraceae,Asterales,-0.18384477,0,0.625,0.125,0.00210989,0.015,0.99958042,0.7348362079849997,1,1.892857143,0.7377527499949993,-0.276623592,0.21630170027914425
Vernonia,Asteraceae,Asterales,-0.18384477,0,1,0,0.00210989,0,0.3211480976950001,0.643081097,1,1.8,0.077,0.073165325,0.28885904241620036
Veronica,Plantaginaceae,Lamiales,-0.180948736,0.036809816,0.599315068,0,0.005925926,1,1,0.691176471,1,0.5,0.5365607655800004,-0.466112483,1.332303833987138
Viburnum,Adoxaceae,Dipsacales,-0.162602364,0.04,1,1,0,0.393974359,1,1,1,2.444444444,0.5148964102950006,-0.043372126,-1.362168561
Vicia,Fabaceae,Fabales,-0.18384477,0,0.359353476,0,0.096494845,0.936985816,1,0.916666667,1,2.147791573,0.504,0.18365034358559226,1.5317990237154657
Vigna,Fabaceae,Fabales,-0.18384477,0,0.5,0,0.096494845,1,1,0.910195028,1,2.192833333,0.5269457948750002,-0.468626768,0.8789717852136811
Viguiera,Asteraceae,Asterales,-0.18384477,0,0.571428571,0.428571429,0.00210989,0.1785,0.994545455,0.943978247,1,3,0.5851902500050002,-0.354140571,-0.242703496
Villarsia,Menyanthaceae,Asterales,-0.18384477,0,0.833333333,0,0,0.821057692,0.999545455,0.6170016012049997,1,1.6393312680000005,0.5838520842599999,-0.314272902,0.4956301943239424
Vinca,Apocynaceae,Gentianales,-0.18384477,0,1,0,0.000658617,0.8162155206849995,1,0.25,1,3.0901010718550004,0.3465837170499998,-0.387167117,0.6846475608986471
Vincetoxicum,Apocynaceae,Gentianales,-0.18384477,0,1,0.1109466340449999,0.000658617,0.588680556,1,0.5,1,0,0.4894512683700006,-0.540400815,-1.590640909
Viscum,Santalaceae,Santalales,-0.18384477,0,1,1,0.002139037,0,1,1,0.5,1.1373288493199998,0.9081975,10.058879840558058,-1.126392723
Vittadinia,Asteraceae,Asterales,-0.087288381,0.083333333,0.708333333,0,0.00210989,0.01,0.999772727,0.635899731,1,1.8170756674500008,0.671206,-0.324492791,0.2699980679839798
Vulpia,Poaceae,Poales,-0.150354491,0.094594595,0.028571429,0,0.074314214,0.8127127659600001,1,1,0,1.3488330419849996,0.027815,-0.100428419,1.1293431479270233
Wahlenbergia,Campanulaceae,Asterales,-0.18384477,0,0.823529412,0,0,0,1,0.5,1,3.5,0.910908167,-0.541409669,-0.234375246
Waldsteinia,Rosaceae,Rosales,-0.18384477,0,1,0,0.001060071,0.008888889,1,0.5616331340300004,0.8234917184000003,2.249804408,0.80166275,0.071912019,0.059127479
Watsonia,Iridaceae,Asparagales,-0.18384477,0,1,0,0,1,1,0.126143939,0.7175,2.7363710354149977,0.3002929578950001,-0.491639543,-0.047115275
Westringia,Lamiaceae,Lamiales,-0.18384477,0,1,1,0.004320557,0.74375,0.999545455,0.9673214285700008,0.986875,1.782052083,0.6106265128249988,-0.303766234,1.860532662185596
Wikstroemia,Thymelaeaceae,Malvales,-0.18384477,0,1,1,0.001324503,0.350555556,0.990088933,0.7921416286750003,0.97875,3.25,0.4945867261950005,-0.227188895,0.9660805949653899
Wilkesia,Asteraceae,Asterales,-0.18384477,0,1,1,0.00210989,0,1,0.7791726190500001,1,2.494815165875003,0.92838875,-0.412717521,-0.259386277
Wilsonia,Convolvulaceae,Solanales,-0.18384477,0,1,0,0.044375,0.070681818,0.978810315,0.7977147435899999,1,1.833640241,0.6440192500000002,0.12540122774319648,0.3711402293055352
Wisteria,Fabaceae,Fabales,-0.18384477,0,1,1,0.096494845,1,1,1,1,1.5446760911150017,0.6807733333349987,-0.447249972,-1.24694488
Withania,Solanaceae,Solanales,-0.18384477,0,1,1,0.089837398,0.060531915,0.993541667,0.2472205882249999,0.4825,0,0.846302128,0.055159272,-1.590640909
Wolffia,Araceae,Alismatales,-0.18384477,0,1,0,0.000248447,0.7711858974750001,1,0,0.049580236,2.300389150965001,0.1463181153899999,-0.424270522,0.5726211032907165
Wolffiella,Araceae,Alismatales,-0.18384477,0,1,0,0.000248447,0.005,1,0.668799242,0.998375,3.203784369,0.9405170833249996,-0.482896143,-0.417998863
Woodwardia,Blechnaceae,Monilophyta,-0.18384477,0,1,0,0,0,0,0.5,1,0.8665000000000014,0.0814,0.38270050557036356,-0.242827853
Wulfenia,Plantaginaceae,Lamiales,-0.18384477,0,1,0,0.005925926,0.4487174941800003,0.998333333,0.9149553570950008,1,3.922145833,0.3238377381250006,-0.404205539,-1.113676412
Wurmbea,Colchicaceae,Liliales,-0.18384477,0,1,0,0,0,0.999772727,0.6614239926850002,0.950482143,1.4940413961299992,0.7468,0.1256040102326978,0.14979157667830717
Wyethia,Asteraceae,Asterales,-0.032113302,0.166666667,1,0,0.00210989,0.048888889,1,0.4997489697850007,0.943613095,1.8904279467500005,0.6416282500249995,-0.255625532,-0.08668379
Xanthium,Asteraceae,Asterales,-0.130738756,0.0625,0,0,0.00210989,0.425009161,1,1,0,1.839177697,0.116666667,-0.199744481,-0.809406849
Xanthosia,Apiaceae,Apiales,-0.18384477,0,1,0.166666667,0.003968254,0.810144231,1,0.8279326923200001,0.98143126,1.8372435682449992,0.5934097637399994,-0.0656639,0.5203819191549574
Xeranthemum,Asteraceae,Asterales,-0.18384477,0,0,0,0.00210989,0.6046994949900002,1,0.995,1,3.585284595954999,0.1848895238199998,-0.312399833,0.5565064132473121
Xylorhiza,Asteraceae,Asterales,-0.18384477,0,1,1,0.00210989,0,1,0.7791726190500001,1,2.494815165875003,0.92838875,-0.412717521,-0.259386277
Xylosma,Salicaceae,Malpighiales,-0.18384477,0,1,1,0,0,1,0.6274583332149996,1,2.794117647,0.8884641666649995,-0.469184404,-0.991294685
Yucca,Asparagaceae,Asparagales,-0.130738756,0.0625,1,0.375,0,0.013333333,0.999318182,0.7400975437750001,1,2.523374221430001,0.956,-0.163762025,0.5132981169997094
Zanthoxylum,Rutaceae,Sapindales,-0.18384477,0,1,1,0.001652893,0,0.5681415189350002,0.6212959333399999,1,2.340909091,0.2361225000000001,0.11277603911215993,1.7250258788148036
Zieria,Rutaceae,Sapindales,-0.18384477,0,1,1,0.001652893,0,0.999772727,0.609050001,0.9740860215249998,2,0.9397340000000016,-0.38864978,0.6164404481578116
Zigadenus,Melanthiaceae,Liliales,-0.18384477,0,1,0,0,0,0,0.5,1,0.8665000000000014,0.0814,0.38270050557036356,-0.242827853
Zingeria,Poaceae,Poales,-0.18384477,0,0,0,0.074314214,0.9575,0.997083333,0.98825,0.04161385,1.9430341256999992,0.1307415128049999,-0.313408687,-0.42556622
Zinnia,Asteraceae,Asterales,-0.18384477,0,0,0,0.00210989,0.540991162,1,1,0.995,3.945070455,0.034175,-0.055425688,-0.8898522
Zizania,Poaceae,Poales,-0.18384477,0,0.25,0,0.074314214,0.940106383,0.9975,0.968463819,0.006666667,2.318844697,0.1027843974249999,-0.29255904,0.5148011926228209
Zizia,Apiaceae,Apiales,-0.18384477,0,1,0,0.003968254,0.7852831196800001,1,0.6261130952449999,1,1.908856061,0.5829839166700002,-0.109887934,-0.358759984
Ziziphora,Lamiaceae,Lamiales,-0.18384477,0,0,0,0.004320557,0.5381994950050002,1,0.9975,1,3.943825758,0.1402231547699997,-0.341470283,-0.80072319
Ziziphus,Rhamnaceae,Rosales,-0.18384477,0,1,1,0.004444444,0,0.999545455,0.64680474,0.913147186,1.8,0.9189366011900004,-0.377302768,1.0067577866434663
Zuckia,Amaranthaceae,Caryophyllales,-0.18384477,0,1,1,0.041463415,0.025227273,0.9984375,0.7520476190200001,0,1.7373218238799994,0.9534690259849996,-0.398647522,-1.054842957